font_file,font_family,script,codepoint_coverage,total_glyphs,expansion_ratio,vertical_footprint,friction_score,friction_contextual_joining,friction_indic_shaping,friction_ligature_heavy,friction_mark_positioning,friction_rtl_layout
LondrinaSolid-Black.ttf,Londrina Solid,Latin,125,231,1.0,1.183,0,False,False,False,False,False
LondrinaSolid-Regular.ttf,Londrina Solid,Latin,125,231,1.0,1.183,0,False,False,False,False,False
NotoSansKharoshthi-Regular.ttf,Noto Sans Kharoshthi,Latin,229,487,1.5938864628820961,1.37,2,False,True,False,True,False
"Wavefont[ROND,YALN,wght].ttf",Wavefont,Latin,267,174,0.4794007490636704,1.4,2,False,False,False,True,True
MavenPro-Regular.ttf,Maven Pro,Latin,471,722,1.29723991507431,1.175,2,False,False,True,True,False
LondrinaSolid-Thin.ttf,Londrina Solid,Latin,125,234,1.0,1.183,0,False,False,False,False,False
XanhMono-Regular.ttf,Xanh Mono,Latin,324,499,1.2962962962962963,1.19,1,False,False,False,True,False
XanhMono-Italic.ttf,Xanh Mono,Latin,324,499,1.2962962962962963,1.19,1,False,False,False,True,False
LondrinaSolid-Light.ttf,Londrina Solid,Latin,125,236,1.0,1.183,0,False,False,False,False,False
Kedebideri-Black.ttf,Kedebideri Black,Latin,125,380,1.0,1.25,2,False,False,False,True,True
Kedebideri-Bold.ttf,Kedebideri,Latin,125,380,1.0,1.25,2,False,False,False,True,True
LibreBarcode39Text-Regular.ttf,Libre Barcode 39 Text,Latin,53,163,1.1320754716981132,1.0,1,True,False,False,False,False
AlmendraDisplay-Regular.ttf,Almendra Display,Latin,138,242,1.0,1.296,0,False,False,False,False,False
Kedebideri-ExtraBold.ttf,Kedebideri ExtraBold,Latin,125,380,1.0,1.25,2,False,False,False,True,True
Kedebideri-Regular.ttf,Kedebideri,Latin,125,380,1.0,1.25,2,False,False,False,True,True
Kedebideri-SemiBold.ttf,Kedebideri SemiBold,Latin,125,380,1.0,1.25,2,False,False,False,True,True
NotoSansHatran-Regular.ttf,Noto Sans Hatran,Latin,231,367,1.147186147186147,1.362,1,False,False,False,True,False
Kedebideri-Medium.ttf,Kedebideri Medium,Latin,125,380,1.0,1.25,2,False,False,False,True,True
Knewave-Regular.ttf,Knewave,Latin,123,210,1.0,1.554,0,False,False,False,False,False
LoversQuarrel-Regular.ttf,Lovers Quarrel,Latin,321,505,1.4485981308411215,1.127,2,False,False,True,True,False
"RobotoFlex[GRAD,XOPQ,XTRA,YOPQ,YTAS,YTDE,YTFI,YTLC,YTUC,opsz,slnt,wdth,wght].ttf",Roboto Flex,Latin,402,947,1.1492537313432836,1.171875,3,False,False,True,True,True
JimNightshade-Regular.ttf,Jim Nightshade,Latin,256,372,1.1484375,1.4169921875,1,False,False,True,False,False
Comforter-Regular.ttf,Comforter,Latin,430,920,1.8930232558139535,1.41,3,True,False,True,True,False
IMFeENrm28P.ttf,IM FELL English,Latin,219,372,2.1598173515981736,1.2685546875,1,False,False,True,False,False
IMFeENit28P.ttf,IM FELL English,Latin,220,379,2.1545454545454548,1.2685546875,1,False,False,True,False,False
GoogleSansCode[wght].ttf,Google Sans Code,Latin,357,687,1.1484593837535013,1.252,1,False,False,False,True,False
GoogleSansCode-Italic[wght].ttf,Google Sans Code,Latin,357,688,1.1484593837535013,1.252,1,False,False,False,True,False
"BitcountPropDoubleInk[CRSV,ELSH,ELXP,SZP1,SZP2,XPN1,XPN2,YPN1,YPN2,slnt,wght].ttf",Bitcount Prop Double Ink,Latin,262,1127,1.297709923664122,1.2,3,True,False,True,True,False
CabinCondensed-SemiBold.ttf,Cabin Condensed,Latin,470,747,2.6382978723404253,1.215,1,False,False,False,True,False
CabinCondensed-Bold.ttf,Cabin Condensed,Latin,470,747,2.6382978723404253,1.215,1,False,False,False,True,False
CabinCondensed-Medium.ttf,Cabin Condensed,Latin,470,747,2.6382978723404253,1.215,1,False,False,False,True,False
CabinCondensed-Regular.ttf,Cabin Condensed,Latin,470,747,2.6382978723404253,1.215,1,False,False,False,True,False
RumRaisin-Regular.ttf,Rum Raisin,Latin,257,377,1.1478599221789882,1.2900390625,1,False,False,True,False,False
AlumniSans-Italic[wght].ttf,Alumni Sans Thin,Latin,417,1002,1.5947242206235013,1.2,2,False,False,True,True,False
DancingScript[wght].ttf,Dancing Script,Latin,403,643,1.7444168734491314,1.2,3,True,False,True,True,False
RedactedScript-Bold.ttf,Redacted Script,Latin,206,331,1.0,1.0,0,False,False,False,False,False
RedactedScript-Light.ttf,Redacted Script Light,Latin,206,331,1.0,1.0,0,False,False,False,False,False
RedactedScript-Regular.ttf,Redacted Script,Latin,206,331,1.0,1.0,0,False,False,False,False,False
AlumniSans[wght].ttf,Alumni Sans Thin,Latin,417,999,1.5947242206235013,1.2,2,False,False,True,True,False
BioRhymeExpanded-ExtraLight.ttf,BioRhyme Expanded,Latin,233,466,2.6051502145922747,1.549,2,False,False,True,True,False
BioRhymeExpanded-ExtraBold.ttf,BioRhyme Expanded,Latin,233,466,2.6051502145922747,1.549,2,False,False,True,True,False
CrimsonPro[wght].ttf,Crimson Pro,Latin,473,832,1.4439746300211416,1.111328125,2,False,False,True,True,False
BioRhymeExpanded-Regular.ttf,BioRhyme Expanded,Latin,233,466,2.6051502145922747,1.549,2,False,False,True,True,False
BioRhymeExpanded-Light.ttf,BioRhyme Expanded,Latin,233,466,2.6051502145922747,1.549,2,False,False,True,True,False
BioRhymeExpanded-Bold.ttf,BioRhyme Expanded,Latin,233,466,2.6051502145922747,1.549,2,False,False,True,True,False
CrimsonPro-Italic[wght].ttf,Crimson Pro,Latin,473,832,1.4439746300211416,1.111328125,2,False,False,True,True,False
MrsSheppards-Regular.ttf,Mrs Sheppards,Latin,126,235,1.0,1.337,0,False,False,False,False,False
Trochut-Bold.ttf,Trochut,Latin,123,222,1.0,1.177,0,False,False,False,False,False
Trochut-Italic.ttf,Trochut,Latin,123,222,1.0,1.177,0,False,False,False,False,False
Trochut-Regular.ttf,Trochut,Latin,125,224,1.0,1.177,0,False,False,False,False,False
SplineSans[wght].ttf,Spline Sans,Latin,267,520,1.299625468164794,1.2,2,False,False,True,True,False
"Playfair[opsz,wdth,wght].ttf",Playfair 5pt SemiExpanded Light,Latin,372,1307,1.8870967741935485,1.2,4,True,False,True,True,True
GaMaamli-Regular.ttf,Ga Maamli,Latin,559,811,1.445438282647585,1.25,2,False,False,True,True,False
CreteRound-Italic.ttf,Crete Round,Latin,264,417,1.0,1.276,0,False,False,False,False,False
Wellfleet-Regular.ttf,Wellfleet,Latin,270,426,1.0,1.25,0,False,False,False,False,False
CreteRound-Regular.ttf,Crete Round,Latin,264,417,1.0,1.276,0,False,False,False,False,False
GrapeNuts-Regular.ttf,Grape Nuts,Latin,414,616,1.4492753623188406,1.225,2,False,False,True,True,False
OFLGoudyStMTT-Italic.ttf,OFL Sorts Mill Goudy TT,Latin,247,519,1.2995951417004048,1.09,2,False,False,True,False,True
SassyFrass-Regular.ttf,Sassy Frass,Latin,414,634,1.429951690821256,1.1,2,False,False,True,True,False
Sevillana-Regular.ttf,Sevillana,Latin,124,228,1.0,1.35693359375,0,False,False,False,False,False
NotoSansCuneiform-Regular.ttf,Noto Sans Cuneiform,Latin,231,1574,1.147186147186147,2.286,1,False,False,False,True,False
PlaywriteES[wght].ttf,Playwrite ES,Latin,365,1280,1.7397260273972603,1.932,2,True,False,False,True,False
Eater-Regular.ttf,Eater,Latin,238,346,1.0,1.86376953125,0,False,False,False,False,False
NovaOval.ttf,Nova Oval,Latin,279,421,1.0,1.20703125,0,False,False,False,False,False
Inika-Bold.ttf,Inika,Latin,172,306,1.0,1.303,0,False,False,False,False,False
Inika-Regular.ttf,Inika,Latin,172,306,1.0,1.303,0,False,False,False,False,False
Offside-Regular.ttf,Offside,Latin,263,456,1.4448669201520912,1.261,2,False,False,True,True,False
PlaywriteHRLijevaGuides-Regular.ttf,Playwrite HR Lijeva Guides,Latin,365,1223,1.7397260273972603,1.659,2,True,False,False,True,False
OFLGoudyStMTT.ttf,OFL Sorts Mill Goudy TT,Latin,247,626,1.2995951417004048,1.09,2,False,False,True,False,True
MontserratSubrayada-Bold.ttf,Montserrat Subrayada,Latin,137,230,1.0,1.219,0,False,False,False,False,False
MontserratSubrayada-Regular.ttf,Montserrat Subrayada,Latin,137,230,1.0,1.219,0,False,False,False,False,False
MrsSaintDelafield-Regular.ttf,Mrs Saint Delafield,Latin,126,238,1.0,1.525,0,False,False,False,False,False
LexendMega[wght].ttf,Lexend Mega,Latin,482,850,1.5975103734439835,1.25,2,False,False,True,True,False
AutourOne-Regular.ttf,Autour One,Latin,270,434,1.0,1.25,0,False,False,False,False,False
IMFELLDoublePica-Italic.ttf,IM FELL Double Pica,Latin,220,397,2.1545454545454548,1.25341796875,1,False,False,True,False,False
IMFELLDoublePica-Regular.ttf,IM FELL Double Pica,Latin,219,371,2.1598173515981736,1.25341796875,1,False,False,True,False,False
Frijole-Regular.ttf,Frijole,Latin,126,227,1.0,1.056640625,0,False,False,False,False,False
Ribeye-Regular.ttf,Ribeye,Latin,256,372,1.1484375,1.3662109375,1,False,False,True,False,False
EpundaSans-Italic[wght].ttf,Epunda Sans Light,Latin,334,628,1.1497005988023952,1.301,1,False,False,False,True,False
GrandHotel-Regular.ttf,Grand Hotel,Latin,257,369,1.1478599221789882,1.3583984375,1,False,False,True,False,False
Explora-Regular.ttf,Explora,Latin,418,854,1.5717703349282297,1.2,2,False,False,True,True,False
PlaywriteNZBasicGuides-Regular.ttf,Playwrite NZ Basic Guides,Latin,365,1286,1.7397260273972603,1.65,2,True,False,False,True,False
EpundaSans[wght].ttf,Epunda Sans Light,Latin,336,629,1.1488095238095237,1.301,1,False,False,False,True,False
ShareTech-Regular.ttf,Share Tech,Latin,127,256,1.1496062992125984,1.127,1,False,False,True,False,False
Stalemate-Regular.ttf,Stalemate,Latin,257,378,1.1478599221789882,1.4658203125,1,False,False,True,False,False
AveriaLibre-Regular.ttf,Averia Libre,Latin,129,234,1.0,1.193359375,0,False,False,False,False,False
AveriaLibre-Italic.ttf,Averia Libre,Latin,129,234,1.0,1.193359375,0,False,False,False,False,False
AveriaLibre-Light.ttf,Averia Libre,Latin,129,234,1.0,1.193359375,0,False,False,False,False,False
AveriaLibre-Bold.ttf,Averia Libre,Latin,129,234,1.0,1.193359375,0,False,False,False,False,False
PlaywriteFRTradGuides-Regular.ttf,Playwrite FR Trad Guides,Latin,365,1228,1.7397260273972603,2.852,2,True,False,False,True,False
AveriaLibre-LightItalic.ttf,Averia Libre,Latin,129,234,1.0,1.193359375,0,False,False,False,False,False
AveriaLibre-BoldItalic.ttf,Averia Libre,Latin,129,234,1.0,1.193359375,0,False,False,False,False,False
BarlowSemiCondensed-Regular.ttf,Barlow Semi Condensed,Latin,355,694,3.388732394366197,1.2,2,False,False,True,True,False
BarlowSemiCondensed-Black.ttf,Barlow Semi Condensed,Latin,355,694,3.388732394366197,1.2,2,False,False,True,True,False
BarlowSemiCondensed-Italic.ttf,Barlow Semi Condensed,Latin,355,694,3.388732394366197,1.2,2,False,False,True,True,False
BarlowSemiCondensed-ExtraBold.ttf,Barlow Semi Condensed,Latin,355,694,3.388732394366197,1.2,2,False,False,True,True,False
"Truculenta[opsz,wdth,wght].ttf",Truculenta,Latin,428,1391,2.044392523364486,1.39,4,True,False,True,True,True
BarlowSemiCondensed-LightItalic.ttf,Barlow Semi Condensed,Latin,355,694,3.388732394366197,1.2,2,False,False,True,True,False
BarlowSemiCondensed-Bold.ttf,Barlow Semi Condensed,Latin,355,694,3.388732394366197,1.2,2,False,False,True,True,False
BarlowSemiCondensed-MediumItalic.ttf,Barlow Semi Condensed,Latin,355,694,3.388732394366197,1.2,2,False,False,True,True,False
BarlowSemiCondensed-SemiBoldItalic.ttf,Barlow Semi Condensed,Latin,355,694,3.388732394366197,1.2,2,False,False,True,True,False
BarlowSemiCondensed-ThinItalic.ttf,Barlow Semi Condensed,Latin,355,694,3.388732394366197,1.2,2,False,False,True,True,False
BarlowSemiCondensed-Thin.ttf,Barlow Semi Condensed,Latin,355,694,3.388732394366197,1.2,2,False,False,True,True,False
BarlowSemiCondensed-Medium.ttf,Barlow Semi Condensed,Latin,355,694,3.388732394366197,1.2,2,False,False,True,True,False
BarlowSemiCondensed-Light.ttf,Barlow Semi Condensed,Latin,355,694,3.388732394366197,1.2,2,False,False,True,True,False
BarlowSemiCondensed-ExtraLightItalic.ttf,Barlow Semi Condensed,Latin,355,694,3.388732394366197,1.2,2,False,False,True,True,False
MetalMania-Regular.ttf,Metal Mania,Latin,146,268,1.0,1.23828125,0,False,False,False,False,False
BarlowSemiCondensed-ExtraLight.ttf,Barlow Semi Condensed,Latin,355,694,3.388732394366197,1.2,2,False,False,True,True,False
BarlowSemiCondensed-BlackItalic.ttf,Barlow Semi Condensed,Latin,355,694,3.388732394366197,1.2,2,False,False,True,True,False
BarlowSemiCondensed-ExtraBoldItalic.ttf,Barlow Semi Condensed,Latin,355,694,3.388732394366197,1.2,2,False,False,True,True,False
BarlowSemiCondensed-BoldItalic.ttf,Barlow Semi Condensed,Latin,355,694,3.388732394366197,1.2,2,False,False,True,True,False
ManufacturingConsent-Regular.ttf,Manufacturing Consent,Latin,243,355,1.5925925925925926,1.2,3,True,False,True,True,False
"Wavefont[ROND,YELA,wght].ttf",Wavefont Thin,Latin,267,159,0.4794007490636704,1.4,2,False,False,False,True,True
BarlowSemiCondensed-SemiBold.ttf,Barlow Semi Condensed,Latin,355,694,3.388732394366197,1.2,2,False,False,True,True,False
NotoSansTaiViet-Regular.ttf,Noto Sans Tai Viet,Latin,229,413,1.445414847161572,1.362,1,False,False,False,True,False
GoblinOne.ttf,Goblin One,Latin,137,258,1.0,1.25,0,False,False,False,False,False
AncizarSans-Italic[wght].ttf,Ancizar Sans Thin,Latin,374,1091,1.4491978609625669,1.2,2,False,False,True,True,False
AncizarSans[wght].ttf,Ancizar Sans Thin,Latin,374,1091,1.4491978609625669,1.2,2,False,False,True,True,False
SignikaNegative[wght].ttf,Signika Negative Light,Latin,471,1416,1.743099787685775,1.232,3,True,False,True,True,False
Calistoga-Regular.ttf,Calistoga,Latin,621,1014,1.5893719806763285,1.3,3,True,False,True,True,False
CabinSketch-Regular.ttf,Cabin Sketch,Latin,126,224,1.0,1.171,0,False,False,False,False,False
CabinSketch-Bold.ttf,Cabin Sketch,Latin,126,224,1.0,1.171,0,False,False,False,False,False
Overlock-BoldItalic.ttf,Overlock,Latin,127,284,1.0,1.22,0,False,False,False,False,False
Overlock-BlackItalic.ttf,Overlock,Latin,127,283,1.0,1.22,0,False,False,False,False,False
Overlock-Black.ttf,Overlock,Latin,127,281,1.0,1.22,0,False,False,False,False,False
Overlock-Regular.ttf,Overlock,Latin,127,349,1.0,1.22,0,False,False,False,False,False
Overlock-Italic.ttf,Overlock,Latin,127,283,1.0,1.22,0,False,False,False,False,False
Overlock-Bold.ttf,Overlock,Latin,127,280,1.0,1.22,0,False,False,False,False,False
"KumbhSans[YOPQ,wght].ttf",Kumbh Sans,Latin,259,416,1.4401544401544402,1.240234375,3,False,False,True,True,True
Ruthie-Regular.ttf,Ruthie,Latin,333,512,1.4414414414414414,1.25,2,False,False,True,True,False
AnticSlab-Regular.ttf,Antic Slab,Latin,120,219,1.0,1.19,0,False,False,False,False,False
"Geologica[CRSV,SHRP,slnt,wght].ttf",Geologica Thin,Latin,404,973,1.5940594059405941,1.25,3,True,False,True,True,False
Tuffy-Bold.ttf,Tuffy,Latin,313,890,1.0,1.48291015625,0,False,False,False,False,False
Tuffy-BoldItalic.ttf,Tuffy,Latin,313,890,1.0,1.48291015625,0,False,False,False,False,False
BigShouldersTextSC[wght].ttf,Big Shoulders Text SC Thin,Latin,484,1074,1.5950413223140496,1.197,2,False,False,True,True,False
Tuffy-Regular.ttf,Tuffy,Latin,415,1502,2.3445783132530122,1.48291015625,1,False,False,True,False,False
Tuffy-Italic.ttf,Tuffy,Latin,415,1502,2.3445783132530122,1.48291015625,1,False,False,True,False,False
PlaywriteBRGuides-Regular.ttf,Playwrite BR Guides,Latin,365,1220,1.7397260273972603,2.227,2,True,False,False,True,False
Brygada1918-Italic[wght].ttf,Brygada 1918,Latin,574,1488,1.5993031358885017,1.17,2,False,False,True,True,False
"Imbue[opsz,wght].ttf",Imbue Thin,Latin,418,895,1.5933014354066986,1.2,2,False,False,True,True,False
ChangaOne-Regular.ttf,Changa One,Latin,127,247,1.1496062992125984,1.062,1,False,False,True,False,False
ChangaOne-Italic.ttf,Changa One,Latin,127,247,1.0,1.062,0,False,False,False,False,False
ProtestRiot-Regular.ttf,Protest Riot,Latin,402,588,1.4477611940298507,1.2,2,False,False,True,True,False
Savate[wght].ttf,Savate ExtraLight,Latin,641,979,1.2995319812792512,1.3,2,False,False,True,True,False
Brygada1918[wght].ttf,Brygada 1918,Latin,574,1499,1.2996515679442509,1.17,2,False,False,True,True,False
Savate-Italic[wght].ttf,Savate ExtraLight,Latin,641,978,1.2995319812792512,1.3,2,False,False,True,True,False
Balthazar-Regular.ttf,Balthazar,Latin,127,248,1.0,1.018,0,False,False,False,False,False
Habibi-Regular.ttf,Habibi,Latin,270,426,1.2962962962962963,1.25,1,False,False,True,False,False
"StrichpunktSans[wdth,wght].ttf",Strichpunkt Sans,Latin,268,545,1.4477611940298507,1.3,3,True,False,True,True,False
BungeeShade-Regular.ttf,Bungee Shade,Latin,415,1063,1.1421686746987951,1.32,1,False,False,True,False,False
GochiHand-Regular.ttf,Gochi Hand,Latin,142,244,1.147887323943662,1.1787109375,1,False,False,True,False,False
PlaywriteAUNSW[wght].ttf,Playwrite AU NSW,Latin,365,1288,1.7397260273972603,1.932,2,True,False,False,True,False
"Asap[wdth,wght].ttf",Asap,Latin,439,788,1.5922551252847381,1.146,3,True,False,True,True,False
AverageSans-Regular.ttf,Average Sans,Latin,262,423,1.1488549618320612,1.296,1,False,False,True,False,False
PlaywriteID[wght].ttf,Playwrite ID,Latin,365,1275,1.7397260273972603,2.92,2,True,False,False,True,False
Radley-Italic.ttf,Radley,Latin,238,375,1.7352941176470589,1.263671875,2,False,False,True,True,False
"Asap-Italic[wdth,wght].ttf",Asap,Latin,439,788,1.5922551252847381,1.146,3,True,False,True,True,False
Radley-Regular.ttf,Radley,Latin,260,385,2.5,1.263671875,2,False,False,True,True,False
SUSEMono-Italic[wght].ttf,SUSE Mono Thin,Latin,330,615,1.4454545454545455,1.26,3,True,False,True,True,False
Aladin-Regular.ttf,Aladin,Latin,126,237,1.0,1.226,0,False,False,False,False,False
PlaywriteDEGrund[wght].ttf,Playwrite DE Grund,Latin,365,1287,1.7397260273972603,1.751,2,True,False,False,True,False
SUSEMono[wght].ttf,SUSE Mono Thin,Latin,330,649,1.4454545454545455,1.26,3,True,False,True,True,False
MontenegrinGothicOne-Regular.ttf,Montenegrin Gothic One,Latin,136,252,1.2941176470588236,1.3,1,False,False,True,False,False
AlbertSans-Italic[wght].ttf,Albert Sans,Latin,267,405,1.449438202247191,1.2,1,False,False,True,False,False
"ZalandoSans[wdth,wght].ttf",Zalando Sans,Latin,342,606,1.4473684210526316,1.214,3,True,False,True,True,False
SairaSemiCondensed-Black.ttf,Saira SemiCondensed,Latin,437,791,5.759725400457666,1.574,2,False,False,True,True,False
SairaSemiCondensed-Medium.ttf,Saira SemiCondensed,Latin,437,785,5.759725400457666,1.574,2,False,False,True,True,False
SairaSemiCondensed-Bold.ttf,Saira SemiCondensed,Latin,437,791,5.759725400457666,1.574,2,False,False,True,True,False
SairaSemiCondensed-Thin.ttf,Saira SemiCondensed,Latin,437,784,5.759725400457666,1.574,2,False,False,True,True,False
AlbertSans[wght].ttf,Albert Sans,Latin,267,405,1.449438202247191,1.2,1,False,False,True,False,False
SairaSemiCondensed-Regular.ttf,Saira SemiCondensed,Latin,437,785,5.759725400457666,1.574,2,False,False,True,True,False
SairaSemiCondensed-ExtraBold.ttf,Saira SemiCondensed,Latin,437,791,5.759725400457666,1.574,2,False,False,True,True,False
SairaSemiCondensed-ExtraLight.ttf,Saira SemiCondensed,Latin,437,784,5.759725400457666,1.574,2,False,False,True,True,False
GrechenFuemen-Regular.ttf,Grechen Fuemen,Latin,414,625,1.429951690821256,1.22,2,False,False,True,True,False
"ZalandoSans-Italic[wdth,wght].ttf",Zalando Sans,Latin,342,606,1.4473684210526316,1.214,3,True,False,True,True,False
SairaSemiCondensed-SemiBold.ttf,Saira SemiCondensed,Latin,437,788,5.759725400457666,1.574,2,False,False,True,True,False
SairaSemiCondensed-Light.ttf,Saira SemiCondensed,Latin,437,784,5.759725400457666,1.574,2,False,False,True,True,False
Cutive-Regular.ttf,Cutive,Latin,307,449,1.4495114006514658,1.2998046875,2,False,False,True,True,False
Geostar-Regular.ttf,Geostar,Latin,125,227,1.0,1.148,0,False,False,False,False,False
IMFeFCsc28P.ttf,IM FELL French Canon SC,Latin,218,357,1.724770642201835,1.1708984375,1,True,False,False,False,False
NotoSansTamilSupplement-Regular.ttf,Noto Sans Tamil Supplement,Latin,229,388,1.148471615720524,1.24,1,False,False,False,True,False
Cagliostro-Regular.ttf,Cagliostro,Latin,145,262,1.0,1.353,0,False,False,False,False,False
ZenTokyoZoo-Regular.ttf,Zen Tokyo Zoo,Latin,135,339,1.1481481481481481,1.2,1,False,False,False,True,False
TacOne-Regular.ttf,Tac One,Latin,698,1103,1.4469914040114613,1.03,2,False,False,True,True,False
RethinkSans-Italic[wght].ttf,Rethink Sans,Latin,258,494,1.437984496124031,1.302,2,False,False,True,True,False
NixieOne-Regular.ttf,Nixie One,Latin,124,221,1.0,1.136,0,False,False,False,False,False
Damion-Regular.ttf,Damion,Latin,244,376,1.4426229508196722,1.3740234375,2,False,False,True,True,False
"Kalnia[wdth,wght].ttf",Kalnia Thin,Latin,234,384,1.4487179487179487,1.345,3,False,False,True,True,True
Diplomata-Regular.ttf,Diplomata,Latin,263,447,1.4448669201520912,1.217,2,False,False,True,True,False
Abel-Regular.ttf,Abel,Latin,145,259,1.0,1.2744140625,0,False,False,False,False,False
KottaOne-Regular.ttf,Kotta One,Latin,152,260,1.0,1.203,0,False,False,False,False,False
Lusitana-Regular.ttf,Lusitana,Latin,121,214,1.0,1.297,0,False,False,False,False,False
Lusitana-Bold.ttf,Lusitana,Latin,119,210,1.0,1.297,0,False,False,False,False,False
RethinkSans[wght].ttf,Rethink Sans,Latin,258,494,1.437984496124031,1.302,2,False,False,True,True,False
Neucha.ttf,Neucha,Latin,102,286,1.0,1.1015625,0,False,False,False,False,False
SeymourOne-Regular.ttf,Seymour One,Latin,289,529,1.5951557093425606,1.2568359375,2,False,False,True,True,False
Sacramento-Regular.ttf,Sacramento,Latin,256,375,1.1484375,1.45947265625,1,False,False,True,False,False
PlaywriteCL[wght].ttf,Playwrite CL,Latin,365,1276,1.7397260273972603,2.232,2,True,False,False,True,False
LibreBaskerville-Italic[wght].ttf,Libre Baskerville,Latin,616,864,1.448051948051948,1.24,2,False,False,True,True,False
PoetsenOne-Regular.ttf,PoetsenOne,Latin,305,459,1.1475409836065573,1.2,1,False,False,True,False,False
LibreBaskerville[wght].ttf,Libre Baskerville,Latin,616,861,1.448051948051948,1.24,2,False,False,True,True,False
PlayfairDisplay-Italic[wght].ttf,Playfair Display,Latin,373,1101,1.737265415549598,1.333,3,True,False,True,True,False
BigShouldersInlineDisplaySC[wght].ttf,Big Shoulders Inline Display SC Thin,Latin,484,1074,1.5950413223140496,1.197,2,False,False,True,True,False
Pushster-Regular.ttf,Lobster,Latin,444,1174,9.324324324324325,1.25,3,True,False,True,True,False
PlayfairDisplay[wght].ttf,Playfair Display,Latin,373,1103,1.737265415549598,1.333,3,True,False,True,True,False
PlaywriteHRLijeva[wght].ttf,Playwrite HR Lijeva,Latin,365,1273,1.7397260273972603,1.659,2,True,False,False,True,False
Outfit[wght].ttf,Outfit Thin,Latin,231,416,1.5887445887445888,1.26,2,False,False,True,True,False
StackSansNotch[wght].ttf,Stack Sans Notch ExtraLight,Latin,259,522,1.2934362934362935,1.3,2,False,False,True,True,False
BarlowCondensed-BoldItalic.ttf,Barlow Condensed,Latin,355,694,3.388732394366197,1.2,2,False,False,True,True,False
BarlowCondensed-ThinItalic.ttf,Barlow Condensed,Latin,355,694,3.388732394366197,1.2,2,False,False,True,True,False
BarlowCondensed-ExtraLight.ttf,Barlow Condensed,Latin,355,694,3.388732394366197,1.2,2,False,False,True,True,False
"NotoSansDisplay-Italic[wdth,wght].ttf",Noto Sans Display,Latin,1076,3327,1.7481412639405205,1.362,3,False,False,True,True,True
BarlowCondensed-Thin.ttf,Barlow Condensed,Latin,355,694,3.388732394366197,1.2,2,False,False,True,True,False
BarlowCondensed-BlackItalic.ttf,Barlow Condensed,Latin,355,694,3.388732394366197,1.2,2,False,False,True,True,False
BarlowCondensed-Medium.ttf,Barlow Condensed,Latin,355,694,3.388732394366197,1.2,2,False,False,True,True,False
BarlowCondensed-Bold.ttf,Barlow Condensed,Latin,355,694,3.388732394366197,1.2,2,False,False,True,True,False
"NotoSansDisplay[wdth,wght].ttf",Noto Sans Display,Latin,1076,3316,1.7481412639405205,1.362,3,False,False,True,True,True
BarlowCondensed-Light.ttf,Barlow Condensed,Latin,355,694,3.388732394366197,1.2,2,False,False,True,True,False
BarlowCondensed-SemiBoldItalic.ttf,Barlow Condensed,Latin,355,694,3.388732394366197,1.2,2,False,False,True,True,False
BarlowCondensed-MediumItalic.ttf,Barlow Condensed,Latin,355,694,3.388732394366197,1.2,2,False,False,True,True,False
BarlowCondensed-LightItalic.ttf,Barlow Condensed,Latin,355,694,3.388732394366197,1.2,2,False,False,True,True,False
BarlowCondensed-Italic.ttf,Barlow Condensed,Latin,355,694,3.388732394366197,1.2,2,False,False,True,True,False
BarlowCondensed-Black.ttf,Barlow Condensed,Latin,355,694,3.388732394366197,1.2,2,False,False,True,True,False
BarlowCondensed-ExtraLightItalic.ttf,Barlow Condensed,Latin,355,694,3.388732394366197,1.2,2,False,False,True,True,False
BarlowCondensed-Regular.ttf,Barlow Condensed,Latin,355,694,3.388732394366197,1.2,2,False,False,True,True,False
BarlowCondensed-SemiBold.ttf,Barlow Condensed,Latin,355,694,3.388732394366197,1.2,2,False,False,True,True,False
BarlowCondensed-ExtraBoldItalic.ttf,Barlow Condensed,Latin,355,694,3.388732394366197,1.2,2,False,False,True,True,False
BarlowCondensed-ExtraBold.ttf,Barlow Condensed,Latin,355,694,3.388732394366197,1.2,2,False,False,True,True,False
"Tourney-Italic[wdth,wght].ttf",Tourney Thin,Latin,483,723,1.445134575569358,1.1,2,False,False,True,True,False
"Tourney[wdth,wght].ttf",Tourney Thin,Latin,483,723,1.445134575569358,1.1,2,False,False,True,True,False
AlexBrush-Regular.ttf,Alex Brush,Latin,401,617,1.598503740648379,1.25,2,False,False,True,True,False
Flamenco-Light.ttf,Flamenco,Latin,126,232,1.0,1.031,0,False,False,False,False,False
Flamenco-Regular.ttf,Flamenco,Latin,126,232,1.0,1.031,0,False,False,False,False,False
"Playfair-Italic[opsz,wdth,wght].ttf",Playfair 5pt SemiExpanded Light,Latin,722,2326,1.7479224376731302,1.2,4,True,False,True,True,True
Playball-Regular.ttf,Playball,Latin,317,785,2.0378548895899056,1.25,3,True,False,True,True,False
"Playfair[opsz,wdth,wght].ttf",Playfair 5pt SemiExpanded Light,Latin,722,2316,1.7479224376731302,1.2,4,True,False,True,True,True
Yarndings20-Regular.ttf,Yarndings 20,Latin,52,95,1.0,1.0,0,False,False,False,False,False
NotoSansPhagsPa-Regular.ttf,Noto Sans PhagsPa,Latin,227,713,2.048458149779736,1.362,2,True,False,False,True,False
DaiBannaSIL-Regular.ttf,Dai Banna SIL,Latin,125,411,1.0,1.13427734375,1,False,False,False,False,True
DaiBannaSIL-MediumItalic.ttf,Dai Banna SIL Medium,Latin,125,412,1.0,1.13427734375,1,False,False,False,False,True
DaiBannaSIL-SemiBoldItalic.ttf,Dai Banna SIL SemiBold,Latin,125,412,1.0,1.13427734375,1,False,False,False,False,True
SignikaNegativeSC-Regular.ttf,Signika Negative SC,Latin,471,1106,1.59447983014862,1.232,3,True,False,True,True,False
DaiBannaSIL-Light.ttf,Dai Banna SIL Light,Latin,125,411,1.0,1.13427734375,1,False,False,False,False,True
JacquardaBastarda9-Regular.ttf,Jacquarda Bastarda 9,Latin,229,350,1.148471615720524,1.3125,1,False,False,False,True,False
DaiBannaSIL-Medium.ttf,Dai Banna SIL Medium,Latin,125,411,1.0,1.13427734375,1,False,False,False,False,True
DaiBannaSIL-LightItalic.ttf,Dai Banna SIL Light,Latin,125,412,1.0,1.13427734375,1,False,False,False,False,True
DaiBannaSIL-SemiBold.ttf,Dai Banna SIL SemiBold,Latin,125,411,1.0,1.13427734375,1,False,False,False,False,True
DaiBannaSIL-BoldItalic.ttf,Dai Banna SIL,Latin,125,412,1.0,1.13427734375,1,False,False,False,False,True
SignikaNegativeSC-SemiBold.ttf,Signika Negative SC SemiBold,Latin,471,1106,1.59447983014862,1.232,3,True,False,True,True,False
DaiBannaSIL-Bold.ttf,Dai Banna SIL,Latin,125,411,1.0,1.13427734375,1,False,False,False,False,True
DaiBannaSIL-Italic.ttf,Dai Banna SIL,Latin,125,412,1.0,1.13427734375,1,False,False,False,False,True
SignikaNegativeSC-Bold.ttf,Signika Negative SC,Latin,471,1106,1.59447983014862,1.232,3,True,False,True,True,False
CrimsonText-SemiBoldItalic.ttf,Crimson Text SemiBold,Latin,504,720,1.742063492063492,1.2998046875,3,True,False,True,True,False
SignikaNegativeSC-Light.ttf,Signika Negative SC Light,Latin,471,1106,1.59447983014862,1.232,3,True,False,True,True,False
CrimsonText-SemiBold.ttf,Crimson Text SemiBold,Latin,504,718,1.5932539682539681,1.2998046875,2,False,False,True,True,False
CrimsonText-Regular.ttf,Crimson Text,Latin,504,718,1.5932539682539681,1.2998046875,2,False,False,True,True,False
CrimsonText-Bold.ttf,Crimson Text,Latin,504,718,1.5932539682539681,1.2998046875,2,False,False,True,True,False
CrimsonText-Italic.ttf,Crimson Text,Latin,504,720,1.742063492063492,1.2998046875,3,True,False,True,True,False
Allerta-Regular.ttf,Allerta,Latin,120,217,1.0,1.2783203125,0,False,False,False,False,False
CrimsonText-BoldItalic.ttf,Crimson Text,Latin,504,720,1.742063492063492,1.2998046875,3,True,False,True,True,False
AndadaPro-Italic[wght].ttf,Andada Pro,Latin,502,1500,1.747011952191235,1.177,3,True,False,True,True,False
SplineSansMono-Italic[wght].ttf,Spline Sans Mono,Latin,267,627,1.299625468164794,1.2,2,False,False,True,True,False
MarcellusSC-Regular.ttf,Marcellus SC,Latin,257,370,1.1478599221789882,1.25390625,1,False,False,True,False,False
IslandMoments-Regular.ttf,Island Moments,Latin,413,901,1.738498789346247,1.15,3,True,False,True,True,False
MoonDance-Regular.ttf,Moon Dance,Latin,414,1035,1.7246376811594204,1.34,3,True,False,True,True,False
AndadaPro[wght].ttf,Andada Pro,Latin,502,1495,1.747011952191235,1.177,3,True,False,True,True,False
SplineSansMono[wght].ttf,Spline Sans Mono,Latin,267,555,1.299625468164794,1.2,2,False,False,True,True,False
Jaro[opsz].ttf,Jaro,Latin,724,1043,1.4157458563535912,1.25,2,False,False,True,True,False
Brawler-Regular.ttf,Brawler,Latin,119,242,1.0,1.219,0,False,False,False,False,False
Brawler-Bold.ttf,Brawler,Latin,119,242,1.0,1.219,0,False,False,False,False,False
Gwendolyn-Bold.ttf,Gwendolyn,Latin,414,628,1.429951690821256,1.2,2,False,False,True,True,False
Gwendolyn-Regular.ttf,Gwendolyn,Latin,414,628,1.429951690821256,1.2,2,False,False,True,True,False
Varela-Regular.ttf,Varela,Latin,348,850,1.4482758620689655,1.3,1,False,False,True,False,False
NotoSerifToto[wght].ttf,Noto Serif Toto,Latin,219,360,1.1461187214611872,1.303,1,False,False,False,True,False
PasseroOne-Regular.ttf,Passero One,Latin,138,262,1.0,1.1904296875,0,False,False,False,False,False
Carattere-Regular.ttf,Carattere,Latin,409,635,1.4474327628361858,1.15,2,False,False,True,True,False
Trykker-Regular.ttf,Trykker,Latin,270,425,1.0,1.25,0,False,False,False,False,False
JacquardaBastarda9Charted-Regular.ttf,Jacquarda Bastarda 9 Charted,Latin,229,350,1.0,1.3125,1,False,False,False,True,False
MervaleScript-Regular.ttf,Mervale Script,Latin,257,371,1.1478599221789882,1.32421875,1,False,False,True,False,False
Jersey20Charted-Regular.ttf,Jersey 20 Charted,Latin,229,362,1.148471615720524,1.0,1,False,False,False,True,False
CascadiaCode-Italic[wght].ttf,Cascadia Code,Latin,436,3076,1.298165137614679,1.162109375,2,True,False,False,True,False
PlaywriteIE[wght].ttf,Playwrite IE,Latin,365,1274,1.7397260273972603,1.889,2,True,False,False,True,False
YsabeauSC[wght].ttf,Ysabeau SC,Latin,445,1247,1.7393258426966292,1.343,3,True,False,True,True,False
Romanesco-Regular.ttf,Romanesco,Latin,257,370,1.1478599221789882,1.14697265625,1,False,False,True,False,False
OoohBaby-Regular.ttf,Oooh Baby,Latin,414,635,1.429951690821256,1.225,2,False,False,True,True,False
SofiaSansSemiCondensed[wght].ttf,Sofia Sans Semi Condensed,Latin,233,954,1.5836909871244635,1.2,3,True,False,True,True,False
"HubotSans[wdth,wght].ttf",Hubot Sans Condensed ExtraLight,Latin,348,736,1.2988505747126438,1.41,2,False,False,True,True,False
KronaOne-Regular.ttf,Krona One,Latin,270,424,1.0,1.25,0,False,False,False,False,False
"NotoSerifDisplay-Italic[wdth,wght].ttf",Noto Serif Display,Latin,1076,3268,1.7481412639405205,1.362,3,False,False,True,True,True
SofiaSansSemiCondensed-Italic[wght].ttf,Sofia Sans Semi Condensed,Latin,233,934,1.5836909871244635,1.2,3,True,False,True,True,False
"Honk[MORF,SHLN].ttf",Honk,Latin,467,3216,1.4496788008565311,1.22,1,False,False,True,False,False
ProtestRevolution-Regular.ttf,Protest Revolution,Latin,401,575,1.4488778054862843,1.2,2,False,False,True,True,False
LuxuriousRoman-Regular.ttf,Luxurious Roman,Latin,414,647,1.577294685990338,1.2,2,False,False,True,True,False
"HubotSans-Italic[wdth,wght].ttf",Hubot Sans Condensed ExtraLight,Latin,348,736,1.2988505747126438,1.41,2,False,False,True,True,False
"NotoSerifDisplay[wdth,wght].ttf",Noto Serif Display,Latin,1076,3256,1.7481412639405205,1.362,3,False,False,True,True,True
Ledger-Regular.ttf,Ledger,Latin,253,452,1.0,1.391,0,False,False,False,False,False
Yarndings20Charted-Regular.ttf,Yarndings 20 Charted,Latin,52,95,1.0,1.0,0,False,False,False,False,False
FleurDeLeah-Regular.ttf,Fleur De Leah,Latin,402,621,1.4477611940298507,1.37,2,False,False,True,True,False
DeliciousHandrawn-Regular.ttf,Delicious Handrawn,Latin,243,358,1.1481481481481481,1.2,1,False,False,False,True,False
"Sixtyfour[BLED,SCAN].ttf",Sixtyfour,Latin,121,489,1.0,1.0,0,False,False,False,False,False
MomoTrustDisplay-Regular.ttf,Momo Trust Display,Latin,315,469,1.1492063492063491,1.3,1,False,False,False,True,False
FasterOne-Regular.ttf,Faster One,Latin,263,435,1.4448669201520912,1.063,2,False,False,True,True,False
Peralta-Regular.ttf,Peralta,Latin,256,373,1.1484375,1.29443359375,1,False,False,True,False,False
BigShouldersStencilDisplay[wght].ttf,Big Shoulders Stencil Display Thin,Latin,484,1074,1.5950413223140496,1.197,2,False,False,True,True,False
Splash-Regular.ttf,Splash,Latin,414,664,1.748792270531401,1.63,3,True,False,True,True,False
Oxygen-Regular.ttf,Oxygen,Latin,301,425,1.149501661129568,1.2626953125,1,False,False,True,False,False
Oxygen-Light.ttf,Oxygen,Latin,274,385,1.1423357664233578,1.2626953125,1,False,False,True,False,False
Oxygen-Bold.ttf,Oxygen,Latin,294,416,1.1496598639455782,1.2626953125,1,False,False,True,False,False
CossetteTexte-Bold.ttf,Cossette Texte,Latin,223,371,1.147982062780269,1.21,2,False,False,True,True,False
CossetteTexte-Regular.ttf,Cossette Texte,Latin,223,371,1.147982062780269,1.21,2,False,False,True,True,False
PlaywriteBEWALGuides-Regular.ttf,Playwrite BE WAL Guides,Latin,365,1232,1.7397260273972603,2.846,2,True,False,False,True,False
TASAExplorer[wght].ttf,TASA Explorer,Latin,277,659,1.148014440433213,1.2,1,False,False,False,True,False
Buenard[wght].ttf,Buenard,Latin,280,425,1.15,1.301,1,False,False,False,True,False
ScopeOne-Regular.ttf,Scope One,Latin,232,533,4.517241379310345,1.383,3,False,False,True,True,True
Cantarell-Bold.ttf,Cantarell,Latin,270,391,1.0,1.416015625,0,False,False,False,False,False
Cantarell-BoldItalic.ttf,Cantarell,Latin,270,391,1.0,1.416015625,0,False,False,False,False,False
NotoSansCanadianAboriginal[wght].ttf,Noto Sans Canadian Aboriginal,Latin,227,1076,1.449339207048458,1.362,1,False,False,False,True,False
Cantarell-Regular.ttf,Cantarell,Latin,270,391,1.0,1.416015625,0,False,False,False,False,False
Cantarell-Italic.ttf,Cantarell,Latin,270,391,1.0,1.416015625,0,False,False,False,False,False
Codystar-Light.ttf,Codystar,Latin,126,230,1.0,1.1796875,0,False,False,False,False,False
Codystar-Regular.ttf,Codystar,Latin,126,230,1.0,1.1796875,0,False,False,False,False,False
PlaywriteAUTAS[wght].ttf,Playwrite AU TAS,Latin,365,1286,1.7397260273972603,1.932,2,True,False,False,True,False
Figtree-Italic[wght].ttf,Figtree Light,Latin,241,459,1.1493775933609958,1.2,1,False,False,False,True,False
Figtree[wght].ttf,Figtree Light,Latin,241,459,1.1493775933609958,1.2,1,False,False,False,True,False
PlaywriteITModerna[wght].ttf,Playwrite IT Moderna,Latin,365,1280,1.7397260273972603,1.65,2,True,False,False,True,False
"BodoniModaSC-Italic[opsz,wght].ttf",Bodoni Moda SC,Latin,265,563,1.588679245283019,1.525,2,False,False,True,True,False
Ovo-Regular.ttf,Ovo,Latin,140,270,1.0,1.125,0,False,False,False,False,False
"BodoniModaSC[opsz,wght].ttf",Bodoni Moda SC,Latin,265,563,1.588679245283019,1.525,2,False,False,True,True,False
Manuale-Italic[wght].ttf,Manuale,Latin,443,822,1.4469525959367946,1.437,2,False,False,True,True,False
"Fraunces[SOFT,WONK,opsz,wght].ttf",Fraunces,Latin,461,698,1.1496746203904555,1.233,1,False,False,True,False,False
CormorantGaramond-Italic[wght].ttf,Cormorant Garamond Light,Latin,471,1895,1.59447983014862,1.211,4,True,False,True,True,True
SquadaOne-Regular.ttf,Squada One,Latin,116,192,1.0,1.057,0,False,False,False,False,False
Unbounded[wght].ttf,Unbounded,Latin,737,1419,1.5970149253731343,1.24,2,False,False,True,True,False
Manuale[wght].ttf,Manuale,Latin,443,824,1.4469525959367946,1.437,2,False,False,True,True,False
Anta-Regular.ttf,Anta,Latin,276,404,1.4456521739130435,1.220703125,2,False,False,True,True,False
BrunoAce-Regular.ttf,Bruno Ace,Latin,260,384,1.45,1.206,1,False,False,True,False,False
"Fraunces-Italic[SOFT,WONK,opsz,wght].ttf",Fraunces,Latin,461,698,1.1496746203904555,1.233,1,False,False,True,False,False
"AdventPro[wdth,wght].ttf",Advent Pro,Latin,255,642,1.1490196078431372,1.194,2,False,False,True,True,False
"AdventPro-Italic[wdth,wght].ttf",Advent Pro,Latin,255,642,1.1490196078431372,1.194,2,False,False,True,True,False
NewsCycle-Bold.ttf,News Cycle,Latin,543,715,1.149171270718232,1.64453125,1,False,False,True,False,False
AtomicAge-Regular.ttf,Atomic Age,Latin,356,559,1.7443820224719102,1.34130859375,2,False,False,True,False,True
AlanSans[wght].ttf,Alan Sans Light,Latin,251,469,1.294820717131474,1.3,2,False,False,True,True,False
Chicle-Regular.ttf,Chicle,Latin,126,237,1.0,1.209,0,False,False,False,False,False
AlumniSansInlineOne-Regular.ttf,Alumni Sans Inline One,Latin,417,669,1.5947242206235013,1.2,2,False,False,True,True,False
AlumniSansInlineOne-Italic.ttf,Alumni Sans Inline One,Latin,417,669,1.5947242206235013,1.2,2,False,False,True,True,False
Caladea-Bold.ttf,Caladea,Latin,266,464,2.4661654135338344,1.15,1,False,False,False,True,False
NotoSansBhaiksuki-Regular.ttf,Noto Sans Bhaiksuki,Latin,231,1198,1.7359307359307359,1.42,3,False,True,True,True,False
CormorantGaramond[wght].ttf,Cormorant Garamond Light,Latin,471,3241,1.59447983014862,1.211,4,True,False,True,True,True
Caladea-Italic.ttf,Caladea,Latin,261,459,1.896551724137931,1.15,2,False,False,True,True,False
PurplePurse-Regular.ttf,Purple Purse,Latin,256,368,1.1484375,1.25,1,False,False,True,False,False
Caladea-BoldItalic.ttf,Caladea,Latin,261,459,1.896551724137931,1.15,2,False,False,True,True,False
NotoSansCyproMinoan-Regular.ttf,Noto Sans Cypro Minoan,Latin,229,438,1.148471615720524,1.362,1,False,False,False,True,False
NewsCycle-Regular.ttf,News Cycle,Latin,686,1566,1.1486880466472302,1.64453125,1,False,False,True,False,False
Numans-Regular.ttf,Numans,Latin,143,247,1.0,1.1748046875,0,False,False,False,False,False
WaitingfortheSunrise.ttf,Waiting for the Sunrise,Latin,237,343,1.0,1.6533203125,0,False,False,False,False,False
NotoSansOsmanya-Regular.ttf,Noto Sans Osmanya,Latin,231,380,1.147186147186147,1.362,1,False,False,False,True,False
Voltaire-Regular.ttf,Voltaire,Latin,645,973,1.4465116279069767,1.24560546875,2,False,False,True,True,False
Farro-Light.ttf,Farro,Latin,234,428,6.384615384615385,1.0,3,True,False,True,True,False
Farro-Bold.ttf,Farro,Latin,234,428,6.384615384615385,1.0,3,True,False,True,True,False
Farro-Medium.ttf,Farro,Latin,234,428,6.384615384615385,1.0,3,True,False,True,True,False
Farro-Regular.ttf,Farro,Latin,234,428,6.384615384615385,1.0,3,True,False,True,True,False
ComicNeue-Italic.ttf,Comic Neue,Latin,203,344,1.1379310344827587,1.15,1,False,False,False,True,False
Caladea-Regular.ttf,Caladea,Latin,266,464,2.4661654135338344,1.15,1,False,False,False,True,False
ComicNeue-BoldItalic.ttf,Comic Neue,Latin,203,344,1.1379310344827587,1.15,1,False,False,False,True,False
ComicNeue-Light.ttf,Comic Neue,Latin,187,328,1.13903743315508,1.15,1,False,False,False,True,False
ComicNeue-Regular.ttf,Comic Neue,Latin,187,328,1.13903743315508,1.15,1,False,False,False,True,False
"EncodeSans[wdth,wght].ttf",Encode Sans Condensed Thin,Latin,473,1214,1.2959830866807611,1.25,2,False,False,True,True,False
ChauPhilomeneOne-Italic.ttf,Chau Philomene One,Latin,127,329,1.1496062992125984,1.367,1,False,False,True,False,False
ComicNeue-Bold.ttf,Comic Neue,Latin,187,328,1.13903743315508,1.15,1,False,False,False,True,False
ChauPhilomeneOne-Regular.ttf,Chau Philomene One,Latin,127,329,1.1496062992125984,1.367,1,False,False,True,False,False
ComicNeue-LightItalic.ttf,Comic Neue,Latin,203,344,1.1379310344827587,1.15,1,False,False,False,True,False
SofadiOne-Regular.ttf,Sofadi One,Latin,140,264,1.0,1.166,0,False,False,False,False,False
ZalandoSansSemiExpanded[wght].ttf,Zalando Sans SemiExpanded,Latin,342,606,1.4473684210526316,1.214,3,True,False,True,True,False
"SourGummy-Italic[wdth,wght].ttf",Sour Gummy Black,Latin,251,385,1.294820717131474,1.292,2,False,False,True,True,False
AlumniSansCollegiateOne-Regular.ttf,Alumni Sans Collegiate One,Latin,417,1026,1.5731414868105515,1.2,2,False,False,True,True,False
AlumniSansCollegiateOne-Italic.ttf,Alumni Sans Collegiate One,Latin,417,1025,1.5731414868105515,1.2,2,False,False,True,True,False
"SourGummy[wdth,wght].ttf",Sour Gummy Black,Latin,251,385,1.294820717131474,1.292,2,False,False,True,True,False
NotoSansCypriot-Regular.ttf,Noto Sans Cypriot,Latin,229,439,1.445414847161572,1.362,1,False,False,False,True,False
Finlandica[wght].ttf,Finlandica,Latin,242,707,1.4462809917355373,1.2,2,False,False,True,True,False
SquarePeg-Regular.ttf,Square Peg,Latin,414,652,1.4492753623188406,1.32,2,False,False,True,True,False
RedHatMono-Italic[wght].ttf,Red Hat Mono,Latin,254,441,1.2992125984251968,1.323,3,True,False,False,True,True
RedHatMono[wght].ttf,Red Hat Mono,Latin,254,441,1.2992125984251968,1.323,3,True,False,False,True,True
PlaywriteNZBasic[wght].ttf,Playwrite NZ Basic,Latin,365,1309,1.7397260273972603,1.65,2,True,False,False,True,False
AlmendraSC-Regular.ttf,Almendra SC,Latin,143,246,1.0,1.19,0,False,False,False,False,False
PlaywriteHUGuides-Regular.ttf,Playwrite HU Guides,Latin,365,1224,1.7397260273972603,1.81,2,True,False,False,True,False
PirataOne-Regular.ttf,Pirata One,Latin,270,386,1.0,1.285,0,False,False,False,False,False
LoveLight-Regular.ttf,Love Light,Latin,414,636,1.429951690821256,1.4,2,False,False,True,True,False
Finlandica-Italic[wght].ttf,Finlandica,Latin,242,706,1.4462809917355373,1.2,2,False,False,True,True,False
Caramel-Regular.ttf,Caramel,Latin,416,1513,1.5961538461538463,1.2,2,False,False,True,True,False
NotoSansRunic-Regular.ttf,Noto Sans Runic,Latin,231,431,1.147186147186147,1.362,1,False,False,False,True,False
VendSans-Italic[wght].ttf,Vend Sans Light,Latin,229,449,1.445414847161572,1.48,2,False,False,True,True,False
FunnelDisplay[wght].ttf,Funnel Display Light,Latin,230,370,1.2956521739130435,1.25,2,False,False,True,True,False
VendSans[wght].ttf,Vend Sans Light,Latin,229,449,1.445414847161572,1.48,2,False,False,True,True,False
RougeScript-Regular.ttf,Rouge Script,Latin,124,222,1.0,1.1752,0,False,False,False,False,False
Candal.ttf,Candal,Latin,215,353,1.0,1.2978515625,0,False,False,False,False,False
ViaodaLibre-Regular.ttf,Viaoda Libre,Latin,371,899,8.7088948787062,1.411,3,True,False,True,True,False
MomoSignature-Regular.ttf,Momo Signature,Latin,342,3535,1.894736842105263,1.43,3,True,False,True,True,False
DenkOne-Regular.ttf,Denk One,Latin,559,785,1.441860465116279,1.25,2,False,False,True,True,False
PlaywriteFRModerneGuides-Regular.ttf,Playwrite FR Moderne Guides,Latin,365,1245,1.7397260273972603,2.157,2,True,False,False,True,False
GentiumBookPlus-Italic.ttf,Gentium Book Plus,Latin,1001,4307,1.4495504495504496,1.46484375,3,False,False,True,True,True
GentiumBookPlus-BoldItalic.ttf,Gentium Book Plus,Latin,1001,4307,1.4495504495504496,1.46484375,3,False,False,True,True,True
GentiumBookPlus-Bold.ttf,Gentium Book Plus,Latin,1001,4307,1.4495504495504496,1.46484375,3,False,False,True,True,True
Gafata-Regular.ttf,Gafata,Latin,127,235,1.1496062992125984,1.123,1,False,False,True,False,False
Devonshire-Regular.ttf,Devonshire,Latin,257,374,1.1478599221789882,1.414,1,False,False,True,False,False
NotoSansJavanese[wght].ttf,Noto Sans Javanese,Latin,229,738,2.336244541484716,2.036,3,False,True,True,True,False
GeistMono-Italic[wght].ttf,Geist Mono,Latin,352,1148,1.1477272727272727,1.3,1,False,False,False,True,False
PlaywriteNOGuides-Regular.ttf,Playwrite NO Guides,Latin,365,1233,1.7397260273972603,1.864,2,True,False,False,True,False
NotoSansMendeKikakui-Regular.ttf,Noto Sans Mende Kikakui,Latin,231,563,1.2943722943722944,1.267,1,False,False,False,True,False
GeistMono[wght].ttf,Geist Mono,Latin,352,1159,1.1477272727272727,1.3,1,False,False,False,True,False
Kings-Regular.ttf,Kings,Latin,414,1009,1.577294685990338,1.4,3,True,False,True,True,False
InterTight-Italic[wght].ttf,Inter Tight,Latin,805,2547,1.4472049689440993,1.2099609375,4,True,False,True,True,True
GentiumBookPlus-Regular.ttf,Gentium Book Plus,Latin,1001,4307,1.4495504495504496,1.46484375,3,False,False,True,True,True
Castoro-Regular.ttf,Castoro,Latin,323,904,1.2972136222910218,1.33,1,False,False,True,False,False
SairaStencilOne-Regular.ttf,Saira Stencil One,Latin,427,904,4.8969555035128804,1.574,3,False,False,True,True,True
Castoro-Italic.ttf,Castoro,Latin,323,904,1.2972136222910218,1.33,1,False,False,True,False,False
KiteOne-Regular.ttf,Kite One,Latin,263,452,1.4448669201520912,1.445,2,False,False,True,True,False
NotoSansLinearB-Regular.ttf,Noto Sans Linear B,Latin,231,608,1.147186147186147,1.362,1,False,False,False,True,False
InterTight[wght].ttf,Inter Tight,Latin,805,2547,1.4472049689440993,1.2099609375,4,True,False,True,True,True
StintUltraExpanded-Regular.ttf,Stint Ultra Expanded,Latin,257,371,1.1478599221789882,1.140625,1,False,False,True,False,False
ZalandoSansSemiExpanded-Italic[wght].ttf,Zalando Sans SemiExpanded,Latin,342,606,1.4473684210526316,1.214,3,True,False,True,True,False
PlaywriteGBSGuides-Regular.ttf,Playwrite GB S Guides,Latin,365,1249,1.7397260273972603,1.65,2,True,False,False,True,False
FunnelSans[wght].ttf,Funnel Sans Light,Latin,230,370,1.2956521739130435,1.25,2,False,False,True,True,False
Englebert-Regular.ttf,Englebert,Latin,257,377,1.1478599221789882,1.2998046875,1,False,False,True,False,False
FunnelSans-Italic[wght].ttf,Funnel Sans Light,Latin,230,370,1.2956521739130435,1.25,2,False,False,True,True,False
PlaywriteGBSGuides-Italic.ttf,Playwrite GB S Guides,Latin,365,1249,1.7397260273972603,1.65,2,True,False,False,True,False
PlaywriteTZ[wght].ttf,Playwrite TZ,Latin,365,1272,1.7397260273972603,1.932,2,True,False,False,True,False
Prata-Regular.ttf,Prata,Latin,221,560,1.8959276018099547,1.355,2,False,False,True,True,False
Gudea-Regular.ttf,Gudea,Latin,143,278,1.0,1.236,0,False,False,False,False,False
Gudea-Italic.ttf,Gudea,Latin,143,291,1.0,1.236,0,False,False,False,False,False
Gudea-Bold.ttf,Gudea,Latin,143,278,1.0,1.236,0,False,False,False,False,False
AnnieUseYourTelescope-Regular.ttf,Annie Use Your Telescope,Latin,248,355,1.0,1.43359375,0,False,False,False,False,False
ABeeZee-Italic.ttf,ABeeZee,Latin,141,268,1.1418439716312057,1.182,1,False,False,False,True,False
ChivoMono-Italic[wght].ttf,Chivo Mono Medium,Latin,436,872,1.4472477064220184,1.19,3,False,False,True,True,True
ChivoMono[wght].ttf,Chivo Mono Medium,Latin,436,873,1.4472477064220184,1.19,3,False,False,True,True,True
"EncodeSansSC[wdth,wght].ttf",Encode Sans SC Condensed Thin,Latin,465,933,1.1483870967741936,1.25,1,False,False,False,True,False
HedvigLettersSans-Regular.ttf,Hedvig Letters Sans,Latin,250,457,1.444,1.34,3,True,False,True,True,False
Hanalei-Regular.ttf,Hanalei,Latin,256,366,1.1484375,1.30126953125,1,False,False,True,False,False
ABeeZee-Regular.ttf,ABeeZee,Latin,141,268,1.1418439716312057,1.182,1,False,False,False,True,False
BigShouldersInlineTextSC[wght].ttf,Big Shoulders Inline Text SC Thin,Latin,484,1074,1.5950413223140496,1.197,2,False,False,True,True,False
AlegreyaSans-ExtraBoldItalic.ttf,Alegreya Sans,Latin,487,2119,5.496919917864476,1.2,2,False,False,True,True,False
AlegreyaSans-BoldItalic.ttf,Alegreya Sans,Latin,487,2119,5.496919917864476,1.2,2,False,False,True,True,False
AlegreyaSans-Medium.ttf,Alegreya Sans,Latin,487,2109,5.496919917864476,1.2,2,False,False,True,True,False
AlegreyaSans-BlackItalic.ttf,Alegreya Sans,Latin,487,2119,5.496919917864476,1.2,2,False,False,True,True,False
AlegreyaSans-ThinItalic.ttf,Alegreya Sans,Latin,487,2119,5.496919917864476,1.2,2,False,False,True,True,False
AlegreyaSans-Light.ttf,Alegreya Sans,Latin,487,2109,5.496919917864476,1.2,2,False,False,True,True,False
AlegreyaSans-LightItalic.ttf,Alegreya Sans,Latin,487,2119,5.496919917864476,1.2,2,False,False,True,True,False
AlegreyaSans-Black.ttf,Alegreya Sans,Latin,487,2109,5.496919917864476,1.2,2,False,False,True,True,False
Rambla-Italic.ttf,Rambla,Latin,127,248,1.0,1.224,0,False,False,False,False,False
AlegreyaSans-Italic.ttf,Alegreya Sans,Latin,487,2119,5.496919917864476,1.2,2,False,False,True,True,False
Rambla-BoldItalic.ttf,Rambla,Latin,127,249,1.0,1.224,0,False,False,False,False,False
AlegreyaSans-Bold.ttf,Alegreya Sans,Latin,487,2109,5.496919917864476,1.2,2,False,False,True,True,False
AlegreyaSans-ExtraBold.ttf,Alegreya Sans,Latin,487,2109,5.496919917864476,1.2,2,False,False,True,True,False
AlegreyaSans-Thin.ttf,Alegreya Sans,Latin,487,2109,5.496919917864476,1.2,2,False,False,True,True,False
Rambla-Bold.ttf,Rambla,Latin,127,249,1.0,1.224,0,False,False,False,False,False
AlegreyaSans-MediumItalic.ttf,Alegreya Sans,Latin,487,2119,5.496919917864476,1.2,2,False,False,True,True,False
McLaren-Regular.ttf,McLaren,Latin,257,375,1.1478599221789882,1.4345703125,1,False,False,True,False,False
AlegreyaSans-Regular.ttf,Alegreya Sans,Latin,487,2109,5.496919917864476,1.2,2,False,False,True,True,False
Labrada[wght].ttf,Labrada,Latin,398,727,1.4447236180904524,1.445,2,False,False,True,True,False
Gupter-Medium.ttf,Gupter,Latin,127,251,1.2992125984251968,1.15,1,False,False,True,False,False
Rambla-Regular.ttf,Rambla,Latin,127,248,1.0,1.224,0,False,False,False,False,False
Gupter-Bold.ttf,Gupter,Latin,127,251,1.2992125984251968,1.15,1,False,False,True,False,False
BenchNine-Bold.ttf,BenchNine,Latin,302,421,1.0,1.337890625,0,False,False,False,False,False
Mako-Regular.ttf,Mako,Latin,254,401,1.4488188976377954,1.30810546875,2,False,False,True,True,False
BenchNine-Regular.ttf,BenchNine,Latin,302,422,1.1490066225165563,1.337890625,1,False,False,True,False,False
BenchNine-Light.ttf,BenchNine,Latin,302,417,1.0,1.337890625,0,False,False,False,False,False
Gupter-Regular.ttf,Gupter,Latin,127,251,1.2992125984251968,1.15,1,False,False,True,False,False
Cinzel[wght].ttf,Cinzel,Latin,232,548,1.293103448275862,1.348,3,True,False,True,True,False
ArchitectsDaughter-Regular.ttf,Architects Daughter,Latin,246,352,1.0,1.3896484375,0,False,False,False,False,False
NovaCut.ttf,Nova Cut,Latin,279,421,1.0,1.20703125,0,False,False,False,False,False
Labrada-Italic[wght].ttf,Labrada,Latin,401,734,1.4488778054862843,1.445,2,False,False,True,True,False
Strait-Regular.ttf,Strait,Latin,263,454,1.4448669201520912,1.095,2,False,False,True,True,False
QwitcherGrypen-Regular.ttf,Qwitcher Grypen,Latin,400,619,1.45,1.1,2,False,False,True,True,False
SedanSC-Regular.ttf,Sedan SC,Latin,220,494,1.6,1.2,2,False,False,True,True,False
QwitcherGrypen-Bold.ttf,Qwitcher Grypen,Latin,400,619,1.45,1.1,2,False,False,True,True,False
FinlandicaText[wght].ttf,Finlandica Text Medium,Latin,500,1161,1.3,1.2,2,False,False,True,True,False
FinlandicaText-Italic[wght].ttf,Finlandica Text Medium,Latin,500,1163,1.3,1.2,2,False,False,True,True,False
Carlito-BoldItalic.ttf,Carlito,Latin,814,2782,3.9975429975429977,1.220703125,3,True,False,True,False,True
Carlito-Italic.ttf,Carlito,Latin,814,2783,3.9975429975429977,1.220703125,3,True,False,True,False,True
Carlito-Regular.ttf,Carlito,Latin,814,2783,3.9975429975429977,1.220703125,3,True,False,True,False,True
Carlito-Bold.ttf,Carlito,Latin,814,2783,3.9975429975429977,1.220703125,3,True,False,True,False,True
FiraSans-ExtraLightItalic.ttf,Fira Sans,Latin,727,2707,7.59697386519945,1.2,4,True,False,True,True,True
FiraSans-Thin.ttf,Fira Sans,Latin,727,2708,9.396148555708391,1.2,4,True,False,True,True,True
FiraSans-LightItalic.ttf,Fira Sans,Latin,727,2707,7.59697386519945,1.2,4,True,False,True,True,True
FiraSans-Bold.ttf,Fira Sans,Latin,727,2708,9.396148555708391,1.2,4,True,False,True,True,True
FiraSans-Medium.ttf,Fira Sans,Latin,727,2708,9.396148555708391,1.2,4,True,False,True,True,True
FiraSans-BoldItalic.ttf,Fira Sans,Latin,727,2707,7.59697386519945,1.2,4,True,False,True,True,True
FiraSans-ExtraLight.ttf,Fira Sans,Latin,727,2708,9.396148555708391,1.2,4,True,False,True,True,True
FiraSans-ThinItalic.ttf,Fira Sans,Latin,727,2707,7.59697386519945,1.2,4,True,False,True,True,True
FiraSans-MediumItalic.ttf,Fira Sans,Latin,727,2707,7.59697386519945,1.2,4,True,False,True,True,True
FiraSans-BlackItalic.ttf,Fira Sans,Latin,727,2707,7.59697386519945,1.2,4,True,False,True,True,True
FiraSans-Light.ttf,Fira Sans,Latin,727,2708,9.396148555708391,1.2,4,True,False,True,True,True
FiraSans-Black.ttf,Fira Sans,Latin,727,2708,9.396148555708391,1.2,4,True,False,True,True,True
FiraSans-ExtraBold.ttf,Fira Sans,Latin,727,2708,9.396148555708391,1.2,4,True,False,True,True,True
FiraSans-SemiBoldItalic.ttf,Fira Sans,Latin,727,2707,7.59697386519945,1.2,4,True,False,True,True,True
Baumans-Regular.ttf,Baumans,Latin,119,220,1.0,1.182,0,False,False,False,False,False
IMFeGPsc28P.ttf,IM FELL Great Primer SC,Latin,218,359,1.724770642201835,1.22265625,1,True,False,False,False,False
FiraSans-SemiBold.ttf,Fira Sans,Latin,727,2708,9.396148555708391,1.2,4,True,False,True,True,True
SairaExtraCondensed-Thin.ttf,Saira ExtraCondensed,Latin,437,784,5.759725400457666,1.574,2,False,False,True,True,False
SairaExtraCondensed-Light.ttf,Saira ExtraCondensed,Latin,437,784,5.759725400457666,1.574,2,False,False,True,True,False
SairaExtraCondensed-Bold.ttf,Saira ExtraCondensed,Latin,437,791,5.759725400457666,1.574,2,False,False,True,True,False
PlaywriteGBS-Italic[wght].ttf,Playwrite GB S,Latin,365,1285,1.7397260273972603,1.65,2,True,False,False,True,False
SairaExtraCondensed-Medium.ttf,Saira ExtraCondensed,Latin,437,791,5.759725400457666,1.574,2,False,False,True,True,False
PlaywriteGBS[wght].ttf,Playwrite GB S,Latin,365,1285,1.7397260273972603,1.65,2,True,False,False,True,False
SairaExtraCondensed-ExtraLight.ttf,Saira ExtraCondensed,Latin,437,784,5.759725400457666,1.574,2,False,False,True,True,False
SairaExtraCondensed-Regular.ttf,Saira ExtraCondensed,Latin,437,791,5.759725400457666,1.574,2,False,False,True,True,False
SairaExtraCondensed-Black.ttf,Saira ExtraCondensed,Latin,437,791,5.759725400457666,1.574,2,False,False,True,True,False
SairaExtraCondensed-ExtraBold.ttf,Saira ExtraCondensed,Latin,437,791,5.759725400457666,1.574,2,False,False,True,True,False
Bentham-Regular.ttf,Bentham,Latin,236,318,1.1483050847457628,1.08984375,1,False,False,True,False,False
Creepster-Regular.ttf,Creepster,Latin,126,230,1.0,1.1689453125,0,False,False,False,False,False
KulimPark-Italic.ttf,Kulim Park,Latin,228,423,1.2982456140350878,1.135,2,False,False,True,True,False
FiraSans-ExtraBoldItalic.ttf,Fira Sans,Latin,727,2707,7.59697386519945,1.2,4,True,False,True,True,True
KulimPark-Bold.ttf,Kulim Park,Latin,228,418,1.2982456140350878,1.135,2,False,False,True,True,False
SairaExtraCondensed-SemiBold.ttf,Saira ExtraCondensed,Latin,437,791,5.759725400457666,1.574,2,False,False,True,True,False
KulimPark-ExtraLightItalic.ttf,Kulim Park ExtraLight,Latin,228,423,1.2982456140350878,1.135,2,False,False,True,True,False
FiraSans-Italic.ttf,Fira Sans,Latin,727,2707,7.59697386519945,1.2,4,True,False,True,True,True
Asset-Regular.ttf,Asset,Latin,378,525,1.2962962962962963,1.25,1,False,False,False,True,False
KulimPark-Light.ttf,Kulim Park Light,Latin,228,418,1.2982456140350878,1.135,2,False,False,True,True,False
FiraSans-Regular.ttf,Fira Sans,Latin,727,2708,9.396148555708391,1.2,4,True,False,True,True,True
KulimPark-SemiBold.ttf,Kulim Park SemiBold,Latin,228,418,1.2982456140350878,1.135,2,False,False,True,True,False
KulimPark-BoldItalic.ttf,Kulim Park,Latin,228,423,1.2982456140350878,1.135,2,False,False,True,True,False
KulimPark-ExtraLight.ttf,Kulim Park ExtraLight,Latin,228,418,1.2982456140350878,1.135,2,False,False,True,True,False
KulimPark-SemiBoldItalic.ttf,Kulim Park SemiBold,Latin,228,423,1.2982456140350878,1.135,2,False,False,True,True,False
Quicksand[wght].ttf,Quicksand Light,Latin,489,812,1.5971370143149284,1.25,2,False,False,True,True,False
KulimPark-LightItalic.ttf,Kulim Park Light,Latin,228,423,1.2982456140350878,1.135,2,False,False,True,True,False
Armata-Regular.ttf,Armata,Latin,270,427,1.0,1.25,0,False,False,False,False,False
FjordOne-Regular.ttf,Fjord,Latin,175,282,1.0,1.25,0,False,False,False,False,False
KulimPark-Regular.ttf,Kulim Park,Latin,228,418,1.2982456140350878,1.135,2,False,False,True,True,False
IstokWeb-Italic.ttf,Istok Web,Latin,472,991,1.444915254237288,1.439453125,2,False,False,True,True,False
IstokWeb-BoldItalic.ttf,Istok Web,Latin,472,991,1.444915254237288,1.439453125,2,False,False,True,True,False
IstokWeb-Bold.ttf,Istok Web,Latin,483,1034,1.4472049689440993,1.439453125,2,False,False,True,True,False
EduTASBeginner[wght].ttf,Edu TAS Beginner,Latin,54,127,1.0,1.26,0,False,False,False,False,False
Quando-Regular.ttf,Quando,Latin,270,425,1.0,1.25,0,False,False,False,False,False
IstokWeb-Regular.ttf,Istok Web,Latin,565,1379,1.4460176991150442,1.439453125,2,False,False,True,True,False
NotoSansTangsa[wght].ttf,Noto Sans Tangsa,Latin,227,423,1.449339207048458,1.362,1,False,False,False,True,False
PlaywriteIEGuides-Regular.ttf,Playwrite IE Guides,Latin,365,1222,1.7397260273972603,1.889,2,True,False,False,True,False
SourceCodePro-Italic[wght].ttf,Source Code Pro ExtraLight,Latin,536,1271,1.1492537313432836,1.257,2,False,False,False,True,True
MadimiOne-Regular.ttf,Madimi One,Latin,230,351,1.4434782608695653,1.32,2,False,False,True,True,False
SourceCodePro[wght].ttf,Source Code Pro ExtraLight,Latin,536,1568,1.1492537313432836,1.257,2,False,False,False,True,True
Norican-Regular.ttf,Norican,Latin,241,396,1.896265560165975,1.4091796875,3,True,False,True,True,False
CantataOne-Regular.ttf,Cantata One,Latin,270,424,1.0,1.26953125,0,False,False,False,False,False
PlaywriteGBJGuides-Italic.ttf,Playwrite GB J Guides,Latin,365,1245,1.7397260273972603,1.65,2,True,False,False,True,False
PlaywriteGBJGuides-Regular.ttf,Playwrite GB J Guides,Latin,365,1245,1.7397260273972603,1.65,2,True,False,False,True,False
TulpenOne-Regular.ttf,Tulpen One,Latin,127,233,1.0,1.08984375,0,False,False,False,False,False
Platypi[wght].ttf,Platypi Light,Latin,380,707,1.6,1.376,2,False,False,True,True,False
PlaywritePLGuides-Regular.ttf,Playwrite PL Guides,Latin,365,1225,1.7397260273972603,1.901,2,True,False,False,True,False
IndieFlower-Regular.ttf,Indie Flower,Latin,392,569,3.9591836734693877,1.459,2,False,False,True,True,False
Inder-Regular.ttf,Inder,Latin,270,426,1.0,1.25,0,False,False,False,False,False
FragmentMonoSC-Italic.ttf,Fragment Mono SC,Latin,232,729,1.4396551724137931,1.2,3,True,False,True,True,False
FragmentMonoSC-Regular.ttf,Fragment Mono SC,Latin,232,729,1.4396551724137931,1.2,3,True,False,True,True,False
Sigmar-Regular.ttf,Sigmar,Latin,402,811,1.4477611940298507,1.638,2,False,False,True,True,False
DawningofaNewDay.ttf,Dawning of a New Day,Latin,159,265,1.0,1.6123046875,0,False,False,False,False,False
NotoSansAnatolianHieroglyphs-Regular.ttf,Noto Sans Anatolian Hieroglyphs,Latin,231,924,1.147186147186147,1.406,1,False,False,False,True,False
Cherish-Regular.ttf,Cherish,Latin,400,623,1.6,1.17,3,True,False,True,True,False
AbyssinicaSIL-Regular.ttf,Abyssinica SIL,Latin,125,1074,1.288,1.326171875,3,False,False,True,True,True
AlumniSansCollegiateOneSC-Italic.ttf,Alumni Sans Collegiate One SC,Latin,417,1025,1.5731414868105515,1.2,2,False,False,True,True,False
NotoSansAdlamUnjoined[wght].ttf,Noto Sans Adlam Unjoined,Latin,219,430,1.2922374429223744,1.362,3,True,False,False,True,True
LondrinaSketch-Regular.ttf,Londrina Sketch,Latin,125,231,1.0,1.183,0,False,False,False,False,False
FiraCode[wght].ttf,Fira Code Light,Latin,262,1857,1.1488549618320612,1.312,3,True,False,False,True,True
Platypi-Italic[wght].ttf,Platypi Light,Latin,380,707,1.45,1.376,2,False,False,True,True,False
AlumniSansCollegiateOneSC-Regular.ttf,Alumni Sans Collegiate One SC,Latin,417,1026,1.5731414868105515,1.2,2,False,False,True,True,False
Sora[wght].ttf,Sora,Latin,252,513,1.4404761904761905,1.26,2,False,False,True,True,False
NewRocker-Regular.ttf,New Rocker,Latin,305,442,1.1475409836065573,1.229,1,False,False,True,False,False
BJCree-Medium.ttf,BJCree Medium,Latin,133,732,1.0,1.2109375,1,False,False,False,False,True
BJCree-Regular.ttf,BJCree,Latin,133,732,1.0,1.2109375,1,False,False,False,False,True
CinzelDecorative-Black.ttf,Cinzel Decorative,Latin,232,353,1.0,1.348,0,False,False,False,False,False
BJCree-Bold.ttf,BJCree,Latin,133,732,1.0,1.2109375,1,False,False,False,False,True
BJCree-SemiBold.ttf,BJCree SemiBold,Latin,133,732,1.0,1.2109375,1,False,False,False,False,True
CinzelDecorative-Regular.ttf,Cinzel Decorative,Latin,232,353,1.0,1.348,0,False,False,False,False,False
CinzelDecorative-Bold.ttf,Cinzel Decorative,Latin,232,353,1.0,1.348,0,False,False,False,False,False
Lemon-Regular.ttf,Lemon,Latin,263,440,1.4448669201520912,1.306,2,False,False,True,True,False
SansitaOne-Regular.ttf,Sansita One,Latin,119,214,1.0,1.165,0,False,False,False,False,False
Boogaloo-Regular.ttf,Boogaloo,Latin,156,294,1.0,1.189,0,False,False,False,False,False
SnowburstOne-Regular.ttf,Snowburst One,Latin,162,323,1.1481481481481481,1.263671875,1,False,False,True,False,False
NotoSansMro-Regular.ttf,Noto Sans Mro,Latin,231,382,1.147186147186147,1.362,1,False,False,False,True,False
Cause[wght].ttf,Cause,Latin,257,421,1.2957198443579767,1.2,2,False,False,True,True,False
MonsieurLaDoulaise-Regular.ttf,Monsieur La Doulaise,Latin,126,234,1.0,1.561,0,False,False,False,False,False
"NotoSansGeorgian[wdth,wght].ttf",Noto Sans Georgian,Latin,227,554,1.5991189427312775,1.36,1,False,False,False,True,False
ShareTechMono-Regular.ttf,Share Tech Mono,Latin,127,268,1.8976377952755905,1.127,1,False,False,True,False,False
PlaywriteAUQLD[wght].ttf,Playwrite AU QLD,Latin,365,1297,1.7397260273972603,1.932,2,True,False,False,True,False
PatrickHand-Regular.ttf,Patrick Hand,Latin,369,728,1.1490514905149052,1.336,1,False,False,True,False,False
Federant-Regular.ttf,Federant,Latin,119,229,1.0,1.226,0,False,False,False,False,False
BBHBartle-Regular.ttf,BBH Bartle,Latin,54,137,1.0,1.2,0,False,False,False,False,False
LeagueSpartan[wght].ttf,League Spartan Thin,Latin,408,635,1.5980392156862746,0.92,3,True,False,True,True,False
"BitcountGridDouble[CRSV,ELSH,ELXP,slnt,wght].ttf",Bitcount Grid Double,Latin,262,709,1.297709923664122,1.2,3,True,False,True,True,False
Sniglet-ExtraBold.ttf,Sniglet,Latin,128,244,1.1484375,1.245,1,False,False,True,False,False
Sniglet-Regular.ttf,Sniglet,Latin,128,244,1.1484375,1.245,1,False,False,True,False,False
Rokkitt[wght].ttf,Rokkitt SemiBold,Latin,510,749,1.4470588235294117,1.137,2,False,False,True,True,False
DMSerifDisplay-Italic.ttf,DM Serif Display,Latin,207,355,1.4492753623188406,1.371,2,False,False,True,True,False
Rokkitt-Italic[wght].ttf,Rokkitt SemiBold,Latin,510,735,1.4470588235294117,1.137,2,False,False,True,True,False
NotoSansMedefaidrin[wght].ttf,Noto Sans Medefaidrin,Latin,231,431,1.147186147186147,1.362,0,False,False,False,False,False
NovaMono.ttf,NovaMono,Latin,321,1331,1.0,1.3935546875,0,False,False,False,False,False
NotoSansSoraSompeng[wght].ttf,Noto Sans Sora Sompeng,Latin,231,376,1.147186147186147,1.362,1,False,False,False,True,False
Acme-Regular.ttf,Acme,Latin,137,231,1.0,1.266,0,False,False,False,False,False
DMSerifDisplay-Regular.ttf,DM Serif Display,Latin,207,355,1.4492753623188406,1.371,2,False,False,True,True,False
Molle-Regular.ttf,Molle,Latin,142,272,1.147887323943662,1.24658203125,1,True,False,False,False,False
Stoke-Light.ttf,Stoke,Latin,270,427,1.0,1.25,0,False,False,False,False,False
Stoke-Regular.ttf,Stoke,Latin,270,425,1.0,1.25,0,False,False,False,False,False
GlassAntiqua-Regular.ttf,Glass Antiqua,Latin,256,358,1.1484375,1.035,1,False,False,True,False,False
Sintony-Bold.ttf,Sintony,Latin,127,248,1.1496062992125984,1.303,1,False,False,True,False,False
Sintony-Regular.ttf,Sintony,Latin,127,248,1.1496062992125984,1.303,1,False,False,True,False,False
MacondoSwashCaps-Regular.ttf,Macondo Swash Caps,Latin,144,247,1.0,1.18,0,False,False,False,False,False
NotoSerifKhojki[wght].ttf,Noto Serif Khojki,Latin,227,678,1.8986784140969164,1.856,2,False,True,False,True,False
WorkSans-Italic[wght].ttf,Work Sans,Latin,477,1229,1.5953878406708595,1.173,3,True,False,True,True,False
GiveYouGlory.ttf,Give You Glory,Latin,248,355,1.0,1.6083984375,0,False,False,False,False,False
Aubrey-Regular.ttf,Aubrey,Latin,119,231,1.1428571428571428,1.042,0,False,False,False,False,False
"BitcountGridSingleInk[CRSV,ELSH,ELXP,SZP1,SZP2,XPN1,XPN2,YPN1,YPN2,slnt,wght].ttf",Bitcount Grid Single Ink,Latin,262,1187,1.297709923664122,1.2,3,True,False,True,True,False
Bungee-Regular.ttf,Bungee,Latin,415,1063,1.1421686746987951,1.32,2,False,False,True,True,False
NovaSlim.ttf,Nova Slim,Latin,279,421,1.0,1.20703125,0,False,False,False,False,False
CastoroTitling-Regular.ttf,Castoro Titling,Latin,320,408,0.578125,1.33,0,False,False,False,False,False
FinlandicaHeadline[wght].ttf,Finlandica Headline Thin,Latin,500,1172,1.3,1.2,2,False,False,True,True,False
PlaywriteBEVLGGuides-Regular.ttf,Playwrite BE VLG Guides,Latin,365,1235,1.7397260273972603,1.932,2,True,False,False,True,False
WorkSans[wght].ttf,Work Sans,Latin,477,1349,1.5953878406708595,1.173,3,True,False,True,True,False
Quantico-Bold.ttf,Quantico,Latin,145,268,1.0,1.43,0,False,False,False,False,False
Quantico-BoldItalic.ttf,Quantico,Latin,145,268,1.0,1.43,0,False,False,False,False,False
Quantico-Regular.ttf,Quantico,Latin,145,268,1.0,1.43,0,False,False,False,False,False
Merienda[wght].ttf,Merienda,Latin,404,656,1.5940594059405941,1.444,3,True,False,True,True,False
Quantico-Italic.ttf,Quantico,Latin,145,268,1.0,1.43,0,False,False,False,False,False
FinlandicaHeadline-Italic[wght].ttf,Finlandica Headline Thin,Latin,500,1172,1.3,1.2,2,False,False,True,True,False
Urbanist[wght].ttf,Urbanist,Latin,317,496,1.1482649842271293,1.2,2,False,False,False,True,True
Antic-Regular.ttf,Antic,Latin,120,216,1.0,1.191,0,False,False,False,False,False
Yesteryear-Regular.ttf,Yesteryear,Latin,257,370,1.1478599221789882,1.46728515625,1,False,False,True,False,False
Urbanist-Italic[wght].ttf,Urbanist,Latin,317,496,1.1482649842271293,1.2,2,False,False,False,True,True
Simonetta-Black.ttf,Simonetta,Latin,124,237,1.2903225806451613,1.251953125,1,False,False,True,False,False
Simonetta-Regular.ttf,Simonetta,Latin,120,228,1.0,1.251953125,0,False,False,False,False,False
Vibur-Regular.ttf,Vibur,Latin,122,279,1.2950819672131149,1.08984375,1,False,False,True,False,False
Exile-Regular.ttf,Exile,Latin,255,384,1.1490196078431372,1.35,2,False,False,True,True,False
Simonetta-Italic.ttf,Simonetta,Latin,120,228,1.0,1.251953125,0,False,False,False,False,False
DoppioOne-Regular.ttf,Doppio One,Latin,270,403,1.2962962962962963,1.25,2,True,False,True,False,False
Jersey25-Regular.ttf,Jersey 25,Latin,229,362,1.148471615720524,1.0,1,False,False,False,True,False
Pompiere-Regular.ttf,Pompiere,Latin,140,271,1.0,1.2021484375,0,False,False,False,False,False
AveriaSansLibre-Italic.ttf,Averia Sans Libre,Latin,129,234,1.0,1.2373046875,0,False,False,False,False,False
AveriaSansLibre-Light.ttf,Averia Sans Libre,Latin,129,234,1.0,1.2373046875,0,False,False,False,False,False
AveriaSansLibre-BoldItalic.ttf,Averia Sans Libre,Latin,129,234,1.0,1.2373046875,0,False,False,False,False,False
AveriaSansLibre-LightItalic.ttf,Averia Sans Libre,Latin,129,234,1.0,1.2373046875,0,False,False,False,False,False
WindSong-Regular.ttf,WindSong,Latin,351,796,1.7407407407407407,1.405,3,True,False,True,True,False
AveriaSansLibre-Regular.ttf,Averia Sans Libre,Latin,129,234,1.0,1.2373046875,0,False,False,False,False,False
Simonetta-BlackItalic.ttf,Simonetta,Latin,124,237,1.2903225806451613,1.251953125,1,False,False,True,False,False
AveriaSansLibre-Bold.ttf,Averia Sans Libre,Latin,129,234,1.0,1.2373046875,0,False,False,False,False,False
WindSong-Medium.ttf,WindSong Medium,Latin,351,796,1.7407407407407407,1.405,3,True,False,True,True,False
NotoSansTagalog-Regular.ttf,Noto Sans Tagalog,Latin,229,367,1.445414847161572,1.362,1,False,False,False,True,False
Amarna-Italic[wght].ttf,Amarna,Latin,250,396,1.296,1.375,2,False,False,True,True,False
Amarna[wght].ttf,Amarna,Latin,250,396,1.296,1.375,2,False,False,True,True,False
NotoSansSymbols2-Regular.ttf,Noto Sans Symbols 2,Latin,227,2976,1.5991189427312775,1.699,1,False,False,False,True,False
Tomorrow-SemiBold.ttf,Tomorrow SemiBold,Latin,400,588,1.0,1.2,0,False,False,False,False,False
Tomorrow-Medium.ttf,Tomorrow Medium,Latin,400,588,1.0,1.2,0,False,False,False,False,False
Tomorrow-BlackItalic.ttf,Tomorrow Black,Latin,400,588,1.0,1.2,0,False,False,False,False,False
Tomorrow-LightItalic.ttf,Tomorrow Light,Latin,400,588,1.0,1.2,0,False,False,False,False,False
Tomorrow-Light.ttf,Tomorrow Light,Latin,400,588,1.0,1.2,0,False,False,False,False,False
Tomorrow-Black.ttf,Tomorrow Black,Latin,400,588,1.0,1.2,0,False,False,False,False,False
Tomorrow-ExtraBold.ttf,Tomorrow ExtraBold,Latin,400,592,1.15,1.2,1,False,False,True,False,False
Tomorrow-SemiBoldItalic.ttf,Tomorrow SemiBold,Latin,400,575,1.0,1.2,0,False,False,False,False,False
Tomorrow-BoldItalic.ttf,Tomorrow,Latin,400,588,1.0,1.2,0,False,False,False,False,False
Tomorrow-Bold.ttf,Tomorrow,Latin,400,591,1.0,1.2,0,False,False,False,False,False
Tomorrow-MediumItalic.ttf,Tomorrow Medium,Latin,400,588,1.0,1.2,0,False,False,False,False,False
Tomorrow-ExtraBoldItalic.ttf,Tomorrow ExtraBold,Latin,400,588,1.15,1.2,1,False,False,True,False,False
Tomorrow-ExtraLightItalic.ttf,Tomorrow ExtraLight,Latin,400,588,1.0,1.2,0,False,False,False,False,False
Tomorrow-ExtraLight.ttf,Tomorrow ExtraLight,Latin,400,588,1.0,1.2,0,False,False,False,False,False
Tomorrow-Thin.ttf,Tomorrow Thin,Latin,400,588,1.0,1.2,0,False,False,False,False,False
Tomorrow-Regular.ttf,Tomorrow,Latin,400,588,1.0,1.2,0,False,False,False,False,False
PlaywriteAUTASGuides-Regular.ttf,Playwrite AU TAS Guides,Latin,365,1249,1.7397260273972603,1.932,2,True,False,False,True,False
Arsenal-Italic.ttf,Arsenal,Latin,303,1031,3.6732673267326734,1.254,2,False,False,True,True,False
Arsenal-Regular.ttf,Arsenal,Latin,303,1041,3.227722772277228,1.254,2,False,False,True,True,False
Tomorrow-ThinItalic.ttf,Tomorrow Thin,Latin,400,588,1.0,1.2,0,False,False,False,False,False
Praise-Regular.ttf,Praise,Latin,414,3314,1.8719806763285025,1.2,3,True,False,True,True,False
Tomorrow-Italic.ttf,Tomorrow,Latin,400,588,1.0,1.2,0,False,False,False,False,False
RuslanDisplay-Regular.ttf,Ruslan Display,Latin,253,454,1.0,1.085,0,False,False,False,False,False
Italianno-Regular.ttf,Italianno,Latin,340,814,1.9,1.25,3,True,False,True,True,False
Pochaevsk-Regular.ttf,Pochaevsk,Latin,119,522,1.2857142857142858,1.451,1,False,False,False,True,False
Arsenal-BoldItalic.ttf,Arsenal,Latin,303,1031,3.6732673267326734,1.254,2,False,False,True,True,False
Arsenal-Bold.ttf,Arsenal,Latin,303,1041,3.227722772277228,1.254,2,False,False,True,True,False
CharisSIL-Italic.ttf,Charis SIL,Latin,1001,3609,1.4495504495504496,1.6357421875,3,False,False,True,True,True
CharisSIL-Bold.ttf,Charis SIL,Latin,1001,3609,1.4495504495504496,1.6357421875,3,False,False,True,True,True
CharisSIL-BoldItalic.ttf,Charis SIL,Latin,1001,3609,1.4495504495504496,1.6357421875,3,False,False,True,True,True
Puritan-Bold.ttf,Puritan,Latin,126,237,1.0,1.125,0,False,False,False,False,False
ZenLoop-Regular.ttf,Zen Loop,Latin,134,250,1.1492537313432836,1.125,1,False,False,False,True,False
Puritan-Regular.ttf,Puritan,Latin,126,237,1.0,1.109375,0,False,False,False,False,False
Puritan-Italic.ttf,Puritan,Latin,126,237,1.0,1.109375,0,False,False,False,False,False
Puritan-BoldItalic.ttf,Puritan,Latin,126,237,1.0,1.125,0,False,False,False,False,False
ZenLoop-Italic.ttf,Zen Loop,Latin,134,250,1.0,1.125,1,False,False,False,True,False
Bitter[wght].ttf,Bitter Thin,Latin,490,1542,1.5959183673469388,1.2,3,True,False,True,True,False
CharisSIL-Regular.ttf,Charis SIL,Latin,1001,3609,1.4495504495504496,1.6357421875,3,False,False,True,True,True
VollkornSC-SemiBold.ttf,Vollkorn SC,Latin,480,1035,7.75,1.393,3,True,False,True,True,False
VollkornSC-Black.ttf,Vollkorn SC,Latin,480,1035,7.75,1.393,3,True,False,True,True,False
VollkornSC-Regular.ttf,Vollkorn SC,Latin,480,1035,7.75,1.393,3,True,False,True,True,False
Waterfall-Regular.ttf,Waterfall,Latin,414,1908,1.8719806763285025,1.16,3,True,False,True,True,False
Wittgenstein-Italic[wght].ttf,Wittgenstein,Latin,255,570,1.2980392156862746,1.5,2,False,False,True,True,False
Bitter-Italic[wght].ttf,Bitter Thin,Latin,490,1511,1.5959183673469388,1.2,3,True,False,True,True,False
ConcertOne-Regular.ttf,Concert One,Latin,128,231,1.0,1.17919921875,0,False,False,False,False,False
VollkornSC-Bold.ttf,Vollkorn SC,Latin,480,1035,7.75,1.393,3,True,False,True,True,False
CarroisGothicSC-Regular.ttf,Carrois Gothic SC,Latin,140,264,1.0,1.192,0,False,False,False,False,False
Licorice-Regular.ttf,Licorice,Latin,414,633,1.429951690821256,1.25,2,False,False,True,True,False
HammersmithOne-Regular.ttf,Hammersmith One,Latin,270,424,1.0,1.25,0,False,False,False,False,False
MeowScript-Regular.ttf,Meow Script,Latin,414,2411,1.577294685990338,1.2,2,False,False,True,True,False
Rosario-Italic[wght].ttf,Rosario,Latin,428,844,1.4485981308411215,1.212,3,False,False,True,True,True
Wittgenstein[wght].ttf,Wittgenstein,Latin,255,570,1.2980392156862746,1.5,2,False,False,True,True,False
CalSans-Regular.ttf,Cal Sans,Latin,388,647,1.2989690721649485,1.3,2,False,False,True,True,False
Rosario[wght].ttf,Rosario,Latin,428,844,1.4485981308411215,1.212,3,False,False,True,True,True
InriaSans-Light.ttf,Inria Sans Light,Latin,258,591,1.1472868217054264,1.199,1,False,False,True,False,False
InriaSans-Regular.ttf,Inria Sans,Latin,258,591,1.1472868217054264,1.199,1,False,False,True,False,False
InriaSans-LightItalic.ttf,Inria Sans Light,Latin,258,591,1.1472868217054264,1.199,1,False,False,True,False,False
InriaSans-Italic.ttf,Inria Sans,Latin,258,591,1.1472868217054264,1.199,1,False,False,True,False,False
InriaSans-BoldItalic.ttf,Inria Sans,Latin,258,591,1.1472868217054264,1.199,1,False,False,True,False,False
Underdog-Regular.ttf,Underdog,Latin,212,412,1.0,1.156,0,False,False,False,False,False
NotoSerifHentaigana[wght].ttf,Noto Serif Hentaigana ExtraLight,Latin,227,799,1.449339207048458,1.437,1,False,False,False,True,False
NotoSansTaiLe-Regular.ttf,Noto Sans Tai Le,Latin,231,406,1.147186147186147,1.362,1,False,False,False,True,False
PTM55FT.ttf,PT Mono,Latin,233,808,1.8755364806866952,1.12,1,False,False,True,False,False
Anaheim[wght].ttf,Anaheim,Latin,487,720,1.4414784394250513,1.2890625,2,False,False,True,True,False
Estonia-Regular.ttf,Estonia,Latin,414,1717,1.8719806763285025,1.24,3,True,False,True,True,False
Sekuya-Regular.ttf,Sekuya,Latin,263,390,1.1482889733840305,1.3,0,False,False,False,False,False
InriaSans-Bold.ttf,Inria Sans,Latin,258,591,1.1472868217054264,1.199,1,False,False,True,False,False
Aboreto-Regular.ttf,Aboreto,Latin,278,349,0.737410071942446,1.16,2,True,False,False,True,False
AmstelvarAlpha-VF.ttf,AmstelvarAlpha Default,Latin,52,115,1.0,1.2,0,False,False,False,False,False
"DMSans[opsz,wght].ttf",DM Sans 9pt,Latin,252,486,1.5873015873015872,1.302,3,True,False,True,True,False
NotoSansNandinagari-Regular.ttf,Noto Sans Nandinagari,Latin,219,997,2.315068493150685,1.46,2,False,True,False,True,False
CoveredByYourGrace.ttf,Covered By Your Grace,Latin,243,349,1.0,1.3466796875,0,False,False,False,False,False
LibreBarcodeEAN13Text-Regular.ttf,Libre Barcode EAN13 Text,Latin,109,155,1.146788990825688,0.9375,1,True,False,False,False,False
"DMSans-Italic[opsz,wght].ttf",DM Sans 9pt,Latin,252,486,1.5873015873015872,1.302,3,True,False,True,True,False
Scada-Regular.ttf,Scada,Latin,212,524,2.4622641509433962,1.244,2,False,False,True,True,False
JetBrainsMono[wght].ttf,JetBrains Mono,Latin,365,1179,1.4438356164383561,1.32,3,True,False,False,True,True
JetBrainsMono-Italic[wght].ttf,JetBrains Mono,Latin,365,1179,1.4438356164383561,1.32,3,True,False,False,True,True
"RadioCanada[wdth,wght].ttf",Radio Canada,Latin,471,1638,1.743099787685775,1.2,3,True,False,True,True,False
PlaywriteROGuides-Regular.ttf,Playwrite RO Guides,Latin,365,1241,1.7397260273972603,1.932,2,True,False,False,True,False
Oxanium[wght].ttf,Oxanium ExtraLight,Latin,208,375,1.1490384615384615,1.25,1,False,False,False,True,False
PlaywriteESDeco[wght].ttf,Playwrite ES Deco,Latin,365,1274,1.7397260273972603,1.932,2,True,False,False,True,False
"RadioCanada-Italic[wdth,wght].ttf",Radio Canada,Latin,468,1594,1.7478632478632479,1.2,2,False,False,True,True,False
Scada-BoldItalic.ttf,Scada,Latin,212,524,2.4622641509433962,1.244,2,False,False,True,True,False
Scada-Bold.ttf,Scada,Latin,212,524,2.4622641509433962,1.244,2,False,False,True,True,False
WaterBrush-Regular.ttf,Water Brush,Latin,414,624,1.5990338164251208,1.45,3,True,False,True,True,False
Jersey10Charted-Regular.ttf,Jersey 10 Charted,Latin,229,363,1.148471615720524,1.0714285714285714,1,False,False,False,True,False
NotoSerifAhom-Regular.ttf,Noto Serif Ahom,Latin,227,412,1.5991189427312775,1.655,2,False,False,True,True,False
Scada-Italic.ttf,Scada,Latin,212,524,2.4622641509433962,1.244,2,False,False,True,True,False
IBMPlexSansCondensed-MediumItalic.ttf,IBM Plex Sans Condensed Medium,Latin,375,686,2.1946666666666665,1.3,2,False,False,True,True,False
IBMPlexSansCondensed-Bold.ttf,IBM Plex Sans Condensed,Latin,375,686,2.1946666666666665,1.3,2,False,False,True,True,False
IBMPlexSansCondensed-Thin.ttf,IBM Plex Sans Condensed Thin,Latin,375,686,2.1946666666666665,1.3,2,False,False,True,True,False
IBMPlexSansCondensed-LightItalic.ttf,IBM Plex Sans Condensed Light,Latin,375,686,2.1946666666666665,1.3,2,False,False,True,True,False
IBMPlexSansCondensed-ExtraLight.ttf,IBM Plex Sans Condensed ExtraLight,Latin,375,686,2.1946666666666665,1.3,2,False,False,True,True,False
IBMPlexSansCondensed-BoldItalic.ttf,IBM Plex Sans Condensed,Latin,375,686,2.1946666666666665,1.3,2,False,False,True,True,False
IBMPlexSansCondensed-ThinItalic.ttf,IBM Plex Sans Condensed Thin,Latin,375,686,2.1946666666666665,1.3,2,False,False,True,True,False
IBMPlexSansCondensed-SemiBoldItalic.ttf,IBM Plex Sans Condensed SemiBold,Latin,375,686,2.1946666666666665,1.3,2,False,False,True,True,False
IBMPlexSansCondensed-Light.ttf,IBM Plex Sans Condensed Light,Latin,375,686,2.1946666666666665,1.3,2,False,False,True,True,False
IBMPlexSansCondensed-Italic.ttf,IBM Plex Sans Condensed,Latin,375,686,2.1946666666666665,1.3,2,False,False,True,True,False
NothingYouCouldDo.ttf,Nothing You Could Do,Latin,210,312,1.0,1.3369140625,0,False,False,False,False,False
IBMPlexSansCondensed-Regular.ttf,IBM Plex Sans Condensed,Latin,375,686,2.1946666666666665,1.3,2,False,False,True,True,False
IBMPlexSansCondensed-Medium.ttf,IBM Plex Sans Condensed Medium,Latin,375,686,2.1946666666666665,1.3,2,False,False,True,True,False
LeagueGothic[wdth].ttf,League Gothic,Latin,344,529,1.444767441860465,1.2,2,False,False,True,True,False
"BitcountPropDouble[CRSV,ELSH,ELXP,slnt,wght].ttf",Bitcount Prop Double,Latin,262,1127,1.297709923664122,1.2,3,True,False,True,True,False
IBMPlexSansCondensed-ExtraLightItalic.ttf,IBM Plex Sans Condensed ExtraLight,Latin,375,686,2.1946666666666665,1.3,2,False,False,True,True,False
IBMPlexSansCondensed-SemiBold.ttf,IBM Plex Sans Condensed SemiBold,Latin,375,686,2.1946666666666665,1.3,2,False,False,True,True,False
UncialAntiqua-Regular.ttf,Uncial Antiqua,Latin,256,371,1.1484375,1.31591796875,1,False,False,True,False,False
NotoSansCherokee[wght].ttf,Noto Sans Cherokee,Latin,231,601,1.147186147186147,1.362,1,False,False,False,True,False
IosevkaCharon-Bold.ttf,Iosevka Charon,Latin,1021,11300,1.149853085210578,1.28,2,False,False,False,True,True
IosevkaCharon-Italic.ttf,Iosevka Charon,Latin,1021,11315,1.149853085210578,1.28,2,False,False,False,True,True
IosevkaCharon-Light.ttf,Iosevka Charon Light,Latin,1021,11300,1.149853085210578,1.28,2,False,False,False,True,True
IosevkaCharon-LightItalic.ttf,Iosevka Charon Light,Latin,1021,11315,1.149853085210578,1.28,2,False,False,False,True,True
IosevkaCharon-MediumItalic.ttf,Iosevka Charon Medium,Latin,1021,11315,1.149853085210578,1.28,2,False,False,False,True,True
IosevkaCharon-Regular.ttf,Iosevka Charon,Latin,1021,11300,1.149853085210578,1.28,2,False,False,False,True,True
IosevkaCharon-Medium.ttf,Iosevka Charon Medium,Latin,1021,11300,1.149853085210578,1.28,2,False,False,False,True,True
Lato-Thin.ttf,Lato,Latin,814,3023,3.248157248157248,1.2,4,True,False,True,True,True
Lato-LightItalic.ttf,Lato,Latin,814,3023,3.248157248157248,1.2,4,True,False,True,True,True
Lato-Italic.ttf,Lato,Latin,814,3023,3.248157248157248,1.2,4,True,False,True,True,True
Lato-Black.ttf,Lato,Latin,814,3023,3.248157248157248,1.2,4,True,False,True,True,True
Lato-Bold.ttf,Lato,Latin,814,3023,3.248157248157248,1.2,4,True,False,True,True,True
Lato-ExtraBold.ttf,Lato,Latin,814,3023,3.248157248157248,1.2,4,True,False,True,True,True
IosevkaCharon-BoldItalic.ttf,Iosevka Charon,Latin,1021,11315,1.149853085210578,1.28,2,False,False,False,True,True
Lato-SemiBoldItalic.ttf,Lato,Latin,814,3023,3.248157248157248,1.2,4,True,False,True,True,True
Lato-Regular.ttf,Lato,Latin,814,3023,3.248157248157248,1.2,4,True,False,True,True,True
Lato-SemiBold.ttf,Lato,Latin,814,3023,3.248157248157248,1.2,4,True,False,True,True,True
Lato-BlackItalic.ttf,Lato,Latin,814,3023,3.248157248157248,1.2,4,True,False,True,True,True
Lato-MediumItalic.ttf,Lato,Latin,814,3023,3.248157248157248,1.2,4,True,False,True,True,True
Lato-ExtraLightItalic.ttf,Lato,Latin,814,3023,3.248157248157248,1.2,4,True,False,True,True,True
NotoSansMasaramGondi-Regular.ttf,Noto Sans Masaram Gondi,Latin,219,485,1.2922374429223744,1.2,2,True,False,False,True,False
LisuBosa-ExtraBoldItalic.ttf,Lisu Bosa ExtraBold,Latin,125,341,1.0,1.0,1,False,False,False,False,True
LisuBosa-LightItalic.ttf,Lisu Bosa Light,Latin,125,341,1.0,1.0,1,False,False,False,False,True
LisuBosa-ExtraBold.ttf,Lisu Bosa ExtraBold,Latin,125,341,1.0,1.0,1,False,False,False,False,True
LisuBosa-Light.ttf,Lisu Bosa Light,Latin,125,341,1.0,1.0,1,False,False,False,False,True
LisuBosa-ExtraLight.ttf,Lisu Bosa ExtraLight,Latin,125,341,1.0,1.0,1,False,False,False,False,True
LisuBosa-Italic.ttf,Lisu Bosa,Latin,125,341,1.0,1.0,1,False,False,False,False,True
LisuBosa-BoldItalic.ttf,Lisu Bosa,Latin,125,341,1.0,1.0,1,False,False,False,False,True
LisuBosa-ExtraLightItalic.ttf,Lisu Bosa ExtraLight,Latin,125,341,1.0,1.0,1,False,False,False,False,True
LisuBosa-BlackItalic.ttf,Lisu Bosa Black,Latin,125,341,1.0,1.0,1,False,False,False,False,True
LisuBosa-SemiBoldItalic.ttf,Lisu Bosa SemiBold,Latin,125,341,1.0,1.0,1,False,False,False,False,True
LisuBosa-MediumItalic.ttf,Lisu Bosa Medium,Latin,125,341,1.0,1.0,1,False,False,False,False,True
LisuBosa-SemiBold.ttf,Lisu Bosa SemiBold,Latin,125,341,1.0,1.0,1,False,False,False,False,True
LisuBosa-Black.ttf,Lisu Bosa Black,Latin,125,341,1.0,1.0,1,False,False,False,False,True
LisuBosa-Bold.ttf,Lisu Bosa,Latin,125,341,1.0,1.0,1,False,False,False,False,True
LisuBosa-Regular.ttf,Lisu Bosa,Latin,125,341,1.0,1.0,1,False,False,False,False,True
LisuBosa-Medium.ttf,Lisu Bosa Medium,Latin,125,341,1.0,1.0,1,False,False,False,False,True
ComforterBrush-Regular.ttf,Comforter Brush,Latin,430,923,1.8930232558139535,1.41,3,True,False,True,True,False
"Linefont[wdth,wght].ttf",Linefont Thin,Latin,267,388,0.5543071161048689,1.4,3,False,False,True,True,True
Adamina-Regular.ttf,Adamina,Latin,119,225,1.0,1.362,0,False,False,False,False,False
Bytesized-Regular.ttf,Bytesized,Latin,236,328,1.1271186440677967,1.25,1,False,False,True,False,False
Babylonica-Regular.ttf,Babylonica,Latin,414,651,1.4492753623188406,1.325,2,False,False,True,True,False
Lato-BoldItalic.ttf,Lato,Latin,814,3023,3.248157248157248,1.2,4,True,False,True,True,True
GeostarFill-Regular.ttf,Geostar Fill,Latin,125,227,1.0,1.148,0,False,False,False,False,False
Lato-ThinItalic.ttf,Lato,Latin,814,3023,3.248157248157248,1.2,4,True,False,True,True,True
Orbitron[wght].ttf,Orbitron,Latin,118,269,1.0,1.254,1,False,False,False,True,False
Lato-ExtraBoldItalic.ttf,Lato,Latin,814,3023,3.248157248157248,1.2,4,True,False,True,True,True
FingerPaint-Regular.ttf,Finger Paint,Latin,140,264,1.0,1.474,0,False,False,False,False,False
"Texturina[opsz,wght].ttf",Texturina Medium,Latin,423,722,1.446808510638298,1.56,2,False,False,True,True,False
PlaywriteDKUloopet[wght].ttf,Playwrite DK Uloopet,Latin,365,1286,1.7397260273972603,1.65,2,True,False,False,True,False
GermaniaOne-Regular.ttf,Germania One,Latin,163,282,1.0,1.161,0,False,False,False,False,False
Lato-Light.ttf,Lato,Latin,814,3023,3.248157248157248,1.2,4,True,False,True,True,True
Triodion-Regular.ttf,Triodion,Latin,120,528,1.15,1.637,1,False,False,False,True,False
Nobile-Italic.ttf,Nobile,Latin,265,490,1.1471698113207547,1.1171875,1,False,False,True,False,False
Nobile-Regular.ttf,Nobile,Latin,169,400,1.1479289940828403,1.033203125,1,False,False,True,False,False
Nobile-Bold.ttf,Nobile,Latin,127,344,1.1496062992125984,1.033203125,1,False,False,True,False,False
Nobile-BoldItalic.ttf,Nobile,Latin,263,483,1.1482889733840305,1.1171875,1,False,False,True,False,False
Nobile-MediumItalic.ttf,Nobile,Latin,265,485,1.1471698113207547,1.1171875,1,False,False,True,False,False
Nobile-Medium.ttf,Nobile,Latin,236,458,1.1483050847457628,1.033203125,1,False,False,True,False,False
ArbutusSlab-Regular.ttf,Arbutus Slab,Latin,270,434,1.0,1.25,0,False,False,False,False,False
Mingzat-Regular.ttf,Mingzat,Latin,125,457,1.288,2.097,2,False,False,False,True,True
LibreBarcode128Text-Regular.ttf,Libre Barcode 128 Text,Latin,65,415,1.1384615384615384,1.0,1,True,False,False,False,False
NotoSansKaithi-Regular.ttf,Noto Sans Kaithi,Latin,219,646,1.8767123287671232,1.502,2,False,True,False,True,False
Lato-Medium.ttf,Lato,Latin,814,3023,3.248157248157248,1.2,4,True,False,True,True,True
Jersey15-Regular.ttf,Jersey 15,Latin,229,362,1.148471615720524,1.0,1,False,False,False,True,False
Slabo27px-Regular.ttf,Slabo 27px,Latin,255,428,2.1921568627450982,1.2222222222222223,1,False,False,True,False,False
"Texturina-Italic[opsz,wght].ttf",Texturina Medium,Latin,423,723,1.446808510638298,1.56,2,False,False,True,True,False
Tauri-Regular.ttf,Tauri,Latin,147,285,1.0,1.25,0,False,False,False,False,False
Strong-Regular.ttf,Strong,Latin,119,320,1.0,1.194,0,False,False,False,False,False
NotoSerifNPHmong[wght].ttf,Noto Serif NP Hmong,Latin,231,411,1.147186147186147,1.36,1,False,False,False,True,False
RedditMono[wght].ttf,Reddit Mono,Latin,475,1106,1.448421052631579,1.298828125,2,False,False,True,True,False
Lobster-Regular.ttf,Lobster,Latin,444,1174,9.324324324324325,1.25,3,True,False,True,True,False
SpicyRice-Regular.ttf,Spicy Rice,Latin,257,373,1.1478599221789882,1.37890625,1,False,False,True,False,False
Lato-ExtraLight.ttf,Lato,Latin,814,3023,3.248157248157248,1.2,4,True,False,True,True,True
Volkhov-Italic.ttf,Volkhov,Latin,119,225,1.0,1.29,0,False,False,False,False,False
Liter-Regular.ttf,Liter,Latin,239,482,1.1464435146443515,1.426,1,False,False,False,True,False
Volkhov-Regular.ttf,Volkhov,Latin,119,225,1.0,1.29,0,False,False,False,False,False
ZillaSlabHighlight-Regular.ttf,Zilla Slab Highlight,Latin,286,1063,1.5874125874125875,1.2,1,False,False,True,False,False
Volkhov-BoldItalic.ttf,Volkhov,Latin,119,225,1.0,1.29,0,False,False,False,False,False
ZillaSlabHighlight-Bold.ttf,Zilla Slab Highlight,Latin,286,1061,1.5874125874125875,1.2,1,False,False,True,False,False
EduAUVICWANTHand[wght].ttf,Edu AU VIC WA NT Hand,Latin,259,822,1.5868725868725868,1.7395,3,True,False,True,True,False
SpecialGothicExpandedOne-Regular.ttf,Special Gothic Expanded One,Latin,259,559,1.4401544401544402,1.3,2,False,False,True,True,False
Ponomar-Regular.ttf,Ponomar,Latin,120,782,1.75,1.61,2,False,False,True,True,False
PlaywriteCAGuides-Regular.ttf,Playwrite CA Guides,Latin,365,1222,1.7397260273972603,1.923,2,True,False,False,True,False
Volkhov-Bold.ttf,Volkhov,Latin,119,225,1.0,1.29,0,False,False,False,False,False
MySoul-Regular.ttf,My Soul,Latin,414,651,1.4492753623188406,1.325,2,False,False,True,True,False
VictorMono[wght].ttf,Victor Mono Thin,Latin,356,1442,1.446629213483146,1.35,2,True,False,False,True,False
VictorMono-Italic[wght].ttf,Victor Mono Thin,Latin,356,1476,1.446629213483146,1.35,2,True,False,False,True,False
CroissantOne-Regular.ttf,Croissant One,Latin,262,418,1.1488549618320612,1.415,1,False,False,True,False,False
GildaDisplay-Regular.ttf,Gilda Display,Latin,263,447,1.5931558935361216,1.177,2,False,False,True,True,False
NotoSerifOldUyghur-Regular.ttf,Noto Serif Old Uyghur,Latin,219,452,1.8767123287671232,1.382,4,True,False,True,True,True
StackSansText[wght].ttf,Stack Sans Text ExtraLight,Latin,259,522,1.2934362934362935,1.3,2,False,False,True,True,False
PlaywriteDEVA[wght].ttf,Playwrite DE VA,Latin,365,1325,1.7397260273972603,1.884,2,True,False,False,True,False
Graduate-Regular.ttf,Graduate,Latin,264,408,1.4431818181818181,1.139,2,False,False,True,True,False
SairaCondensed-SemiBold.ttf,Saira Condensed,Latin,437,791,5.759725400457666,1.574,2,False,False,True,True,False
Overpass-Italic[wght].ttf,Overpass,Latin,582,1351,1.597938144329897,1.266,4,True,False,True,True,True
SairaCondensed-Medium.ttf,Saira Condensed,Latin,437,788,5.759725400457666,1.574,2,False,False,True,True,False
SairaCondensed-Regular.ttf,Saira Condensed,Latin,437,788,5.759725400457666,1.574,2,False,False,True,True,False
PlaywriteCZGuides-Regular.ttf,Playwrite CZ Guides,Latin,365,1259,1.7397260273972603,1.899,2,True,False,False,True,False
SairaCondensed-Light.ttf,Saira Condensed,Latin,437,784,5.759725400457666,1.574,2,False,False,True,True,False
SairaCondensed-Black.ttf,Saira Condensed,Latin,437,791,5.759725400457666,1.574,2,False,False,True,True,False
SairaCondensed-ExtraLight.ttf,Saira Condensed,Latin,437,784,5.759725400457666,1.574,2,False,False,True,True,False
SairaCondensed-Thin.ttf,Saira Condensed,Latin,437,784,5.759725400457666,1.574,2,False,False,True,True,False
Micro5Charted-Regular.ttf,Micro 5 Charted,Latin,229,360,1.148471615720524,1.0,1,False,False,False,True,False
SairaCondensed-ExtraBold.ttf,Saira Condensed,Latin,437,791,5.759725400457666,1.574,2,False,False,True,True,False
Sansation-BoldItalic.ttf,Sansation,Latin,249,526,1.140562248995984,1.119140625,1,False,False,True,False,False
Sansation-Light.ttf,Sansation Light,Latin,249,533,1.140562248995984,1.119140625,1,False,False,True,False,False
Sansation-LightItalic.ttf,Sansation Light,Latin,249,526,1.140562248995984,1.119140625,1,False,False,True,False,False
STIXTwoText[wght].ttf,STIX Two Text,Latin,637,2221,2.7896389324960755,1.25,2,False,False,True,True,False
SairaCondensed-Bold.ttf,Saira Condensed,Latin,437,791,5.759725400457666,1.574,2,False,False,True,True,False
Sansation-Bold.ttf,Sansation,Latin,249,533,1.140562248995984,1.119140625,1,False,False,True,False,False
Sansation-Italic.ttf,Sansation,Latin,249,526,1.140562248995984,1.119140625,1,False,False,True,False,False
Sansation-Regular.ttf,Sansation,Latin,249,533,1.140562248995984,1.119140625,1,False,False,True,False,False
Almendra-BoldItalic.ttf,Almendra,Latin,140,247,1.15,1.296,1,False,False,True,False,False
Almendra-Regular.ttf,Almendra,Latin,231,427,1.147186147186147,1.296,1,False,False,True,False,False
Almendra-Bold.ttf,Almendra,Latin,140,248,1.15,1.296,1,False,False,True,False,False
Almendra-Italic.ttf,Almendra,Latin,140,247,1.15,1.296,1,False,False,True,False,False
Overpass[wght].ttf,Overpass,Latin,582,1351,1.597938144329897,1.266,4,True,False,True,True,True
Birthstone-Regular.ttf,Birthstone,Latin,413,1770,1.738498789346247,1.36,3,True,False,True,True,False
TheNautigal-Bold.ttf,The Nautigal,Latin,414,630,1.429951690821256,1.2,2,False,False,True,True,False
CaveatBrush-Regular.ttf,Caveat Brush,Latin,331,642,1.148036253776435,1.26,1,False,False,True,False,False
TheNautigal-Regular.ttf,The Nautigal,Latin,414,630,1.429951690821256,1.2,2,False,False,True,True,False
FamiljenGrotesk[wght].ttf,Familjen Grotesk,Latin,400,698,1.6,1.25,3,True,False,True,True,False
Kristi-Regular.ttf,Kristi,Latin,117,212,1.1452991452991452,1.25,1,True,False,False,False,False
FamiljenGrotesk-Italic[wght].ttf,Familjen Grotesk,Latin,400,698,1.6,1.25,3,True,False,True,True,False
PlaywriteHRGuides-Regular.ttf,Playwrite HR Guides,Latin,365,1223,1.7397260273972603,1.659,2,True,False,False,True,False
NotoSerifDogra-Regular.ttf,Noto Serif Dogra,Latin,227,472,2.198237885462555,1.494,2,False,True,False,True,False
Solway-Medium.ttf,Solway,Latin,120,232,1.15,1.2,1,False,False,False,True,False
Solway-ExtraBold.ttf,Solway,Latin,120,232,1.15,1.2,1,False,False,False,True,False
Solway-Light.ttf,Solway,Latin,120,232,1.15,1.2,1,False,False,False,True,False
IMFePIsc28P.ttf,IM FELL DW Pica SC,Latin,218,359,1.724770642201835,1.25,1,True,False,False,False,False
Solway-Regular.ttf,Solway,Latin,120,232,1.15,1.2,1,False,False,False,True,False
LibreBarcode39ExtendedText-Regular.ttf,Libre Barcode 39 Extended Text,Latin,53,272,1.1320754716981132,1.0,1,True,False,False,False,False
Solway-Bold.ttf,Solway,Latin,120,232,1.15,1.2,1,False,False,False,True,False
PublicSans[wght].ttf,Public Sans Thin,Latin,395,648,1.5974683544303798,1.175,3,True,False,True,True,False
PlaywriteAUSA[wght].ttf,Playwrite AU SA,Latin,365,1292,1.7397260273972603,1.905,2,True,False,False,True,False
PublicSans-Italic[wght].ttf,Public Sans Thin,Latin,395,648,1.5974683544303798,1.175,3,True,False,True,True,False
EpundaSlab-Italic[wght].ttf,Epunda Slab Light,Latin,334,642,1.2994011976047903,1.301,2,False,False,True,True,False
EpundaSlab[wght].ttf,Epunda Slab Light,Latin,334,642,1.2994011976047903,1.301,2,False,False,True,True,False
GreyQo-Regular.ttf,Grey Qo,Latin,414,628,1.429951690821256,1.26,2,False,False,True,True,False
PlaywritePT[wght].ttf,Playwrite PT,Latin,365,1276,1.7397260273972603,2.115,2,True,False,False,True,False
KeaniaOne-Regular.ttf,Keania One,Latin,143,272,1.0,1.217,0,False,False,False,False,False
NotoSansSunuwar-Regular.ttf,Noto Sans Sunuwar,Latin,219,376,1.1461187214611872,1.362,1,False,False,False,True,False
HedvigLettersSerif[opsz].ttf,Hedvig Letters Serif 24pt,Latin,250,457,1.444,1.34,3,True,False,True,True,False
SignikaSC[wght].ttf,Signika SC,Latin,471,1106,1.59447983014862,1.232,3,True,False,True,True,False
"NotoSansEthiopic[wdth,wght].ttf",Noto Sans Ethiopic,Latin,229,925,1.296943231441048,1.362,2,True,False,False,True,False
PlaywriteUSTradGuides-Regular.ttf,Playwrite US Trad Guides,Latin,365,1222,1.7397260273972603,1.932,2,True,False,False,True,False
PlaywriteZA[wght].ttf,Playwrite ZA,Latin,365,1276,1.7397260273972603,1.932,2,True,False,False,True,False
SedgwickAveDisplay-Regular.ttf,Sedgwick Ave Display,Latin,421,622,3.3942992874109263,1.249,1,False,False,True,False,False
Parisienne-Regular.ttf,Parisienne,Latin,257,372,1.1478599221789882,1.3623046875,1,False,False,True,False,False
"MontaguSlab[opsz,wght].ttf",Montagu Slab,Latin,438,687,1.4452054794520548,1.282,2,False,False,True,True,False
Anton-Regular.ttf,Anton,Latin,724,1373,1.5966850828729282,1.50537109375,2,False,False,True,True,False
ArchivoBlack-Regular.ttf,Archivo Black,Latin,263,426,1.741444866920152,1.088,2,False,False,True,True,False
Gloock-Regular.ttf,Gloock,Latin,231,524,1.4415584415584415,1.2,2,False,False,True,True,False
EncodeSansExpanded-ExtraLight.ttf,Encode Sans Expanded,Latin,473,1204,5.883720930232558,1.25,2,False,False,True,True,False
EncodeSansExpanded-SemiBold.ttf,Encode Sans Expanded,Latin,473,1204,5.883720930232558,1.25,2,False,False,True,True,False
EncodeSansExpanded-Regular.ttf,Encode Sans Expanded,Latin,473,1204,5.883720930232558,1.25,2,False,False,True,True,False
RedHatText[wght].ttf,Red Hat Text,Latin,254,450,1.4488188976377954,1.323,4,True,False,True,True,True
RedHatText-Italic[wght].ttf,Red Hat Text,Latin,254,450,1.4488188976377954,1.323,4,True,False,True,True,True
EncodeSansExpanded-Black.ttf,Encode Sans Expanded,Latin,473,1204,5.883720930232558,1.25,2,False,False,True,True,False
BreeSerif-Regular.ttf,Bree Serif,Latin,264,416,1.0,1.358,0,False,False,False,False,False
EncodeSansExpanded-Thin.ttf,Encode Sans Expanded,Latin,473,1204,5.883720930232558,1.25,2,False,False,True,True,False
Barrio-Regular.ttf,Barrio,Latin,303,499,3.6732673267326734,1.127,3,True,False,True,True,False
EncodeSansExpanded-Bold.ttf,Encode Sans Expanded,Latin,473,1204,5.883720930232558,1.25,2,False,False,True,True,False
EncodeSansExpanded-Medium.ttf,Encode Sans Expanded,Latin,473,1204,5.883720930232558,1.25,2,False,False,True,True,False
JuliusSansOne-Regular.ttf,Julius Sans One,Latin,127,229,1.0,1.091,0,False,False,False,False,False
Astloch-Bold.ttf,Astloch,Latin,119,212,1.0,1.0517578125,0,False,False,False,False,False
EncodeSansExpanded-Light.ttf,Encode Sans Expanded,Latin,473,1204,5.883720930232558,1.25,2,False,False,True,True,False
NotoSansSaurashtra-Regular.ttf,Noto Sans Saurashtra,Latin,229,429,1.296943231441048,1.362,1,False,False,False,True,False
Astloch-Regular.ttf,Astloch,Latin,119,212,1.0,1.0517578125,0,False,False,False,False,False
"Saira[wdth,wght].ttf",Saira Thin,Latin,443,897,1.4469525959367946,1.574,2,False,False,True,True,False
"Saira-Italic[wdth,wght].ttf",Saira Thin,Latin,443,898,1.4469525959367946,1.574,2,False,False,True,True,False
Prociono-Regular.ttf,Prociono,Latin,203,333,1.2955665024630543,1.22,1,False,False,True,False,False
Fresca-Regular.ttf,Fresca,Latin,145,305,1.0,1.154,0,False,False,False,False,False
NotoSansOlChiki[wght].ttf,Noto Sans Ol Chiki,Latin,231,390,1.147186147186147,1.362,1,False,False,False,True,False
BebasNeue-Regular.ttf,Bebas Neue,Latin,276,508,2.6340579710144927,1.2,1,False,False,False,True,False
Exo-Italic[wght].ttf,Exo,Latin,470,1265,1.5957446808510638,1.329,2,False,False,True,True,False
DMSerifText-Regular.ttf,DM Serif Text,Latin,207,355,1.4492753623188406,1.371,2,False,False,True,True,False
AlumniSansPinstripe-Italic.ttf,Alumni Sans Pinstripe,Latin,417,788,1.5947242206235013,1.2,2,False,False,True,True,False
Exo[wght].ttf,Exo,Latin,470,1265,1.5957446808510638,1.329,2,False,False,True,True,False
PatuaOne-Regular.ttf,Patua One,Latin,127,236,1.0,1.219,0,False,False,False,False,False
DMSerifText-Italic.ttf,DM Serif Text,Latin,207,355,1.4492753623188406,1.371,2,False,False,True,True,False
AlumniSansPinstripe-Regular.ttf,Alumni Sans Pinstripe,Latin,417,789,1.5947242206235013,1.2,2,False,False,True,True,False
NotoSansKhudawadi-Regular.ttf,Noto Sans Khudawadi,Latin,219,428,1.5844748858447488,1.317,2,False,True,False,True,False
HanaleiFill-Regular.ttf,Hanalei Fill,Latin,256,366,1.1484375,1.30126953125,1,False,False,True,False,False
EncodeSansExpanded-ExtraBold.ttf,Encode Sans Expanded,Latin,473,1204,5.883720930232558,1.25,2,False,False,True,True,False
MrDafoe-Regular.ttf,Mr Dafoe,Latin,126,235,1.0,1.397,0,False,False,False,False,False
NotoSansHanifiRohingya[wght].ttf,Noto Sans Hanifi Rohingya,Latin,229,510,1.8908296943231442,1.362,3,True,False,False,True,True
SankofaDisplay-Regular.ttf,Sankofa Display,Latin,729,1068,1.299039780521262,1.2,1,False,False,False,True,False
NotoSansOldTurkic-Regular.ttf,Noto Sans Old Turkic,Latin,219,401,1.2922374429223744,1.362,2,False,False,True,True,False
PlaywriteBEWAL[wght].ttf,Playwrite BE WAL,Latin,365,1286,1.7397260273972603,2.846,2,True,False,False,True,False
DrSugiyama-Regular.ttf,Dr Sugiyama,Latin,126,233,1.0,1.459,0,False,False,False,False,False
PlaywriteDEVAGuides-Regular.ttf,Playwrite DE VA Guides,Latin,365,1284,1.7397260273972603,1.884,2,True,False,False,True,False
"BigShouldersStencil[opsz,wght].ttf",Big Shoulders Stencil Thin,Latin,485,1075,1.445360824742268,1.2,2,False,False,True,True,False
Caveat[wght].ttf,Caveat,Latin,338,1034,1.4437869822485208,1.26,3,True,False,True,True,False
"Recursive[CASL,CRSV,MONO,slnt,wght].ttf",Recursive Sans Linear Light,Latin,475,1304,1.448421052631579,1.2,2,False,False,True,True,False
WinkyRough-Italic[wght].ttf,Winky Rough,Latin,244,424,1.1475409836065573,1.33,1,False,False,False,True,False
VastShadow-Regular.ttf,Vast Shadow,Latin,139,235,1.0,1.25,0,False,False,False,False,False
Tagesschrift-Regular.ttf,Tagesschrift,Latin,220,340,1.3,1.3,2,False,False,True,True,False
Pangolin-Regular.ttf,Pangolin,Latin,467,878,2.6488222698072805,1.249,1,False,False,True,False,False
IMFeGPit28P.ttf,IM FELL Great Primer,Latin,219,390,2.1598173515981736,1.22265625,1,False,False,True,False,False
IMFeGPrm28P.ttf,IM FELL Great Primer,Latin,219,371,2.1598173515981736,1.22265625,1,False,False,True,False,False
NotoSansSharada-Regular.ttf,Noto Sans Sharada,Latin,225,568,1.5866666666666667,1.38,2,False,True,False,True,False
MarkoOne-Regular.ttf,Marko One,Latin,119,222,1.0,1.3408203125,0,False,False,False,False,False
Geo-Regular.ttf,Geo,Latin,121,207,1.0,1.08984375,0,False,False,False,False,False
Geo-Oblique.ttf,Geo,Latin,121,207,1.0,1.08984375,0,False,False,False,False,False
Aldrich-Regular.ttf,Aldrich,Latin,145,259,1.0,0.97802734375,0,False,False,False,False,False
ADLaMDisplay-Regular.ttf,ADLaM Display,Latin,126,383,1.7142857142857142,1.3046875,4,True,False,True,True,True
NotoSerifTodhri-Regular.ttf,Noto Serif Todhri,Latin,219,389,1.1461187214611872,1.330078125,1,False,False,False,True,False
NotoSansSymbols[wght].ttf,Noto Sans Symbols,Latin,229,1115,1.445414847161572,2.05,1,False,False,False,True,False
AreYouSerious-Regular.ttf,Are You Serious,Latin,400,629,1.45,1.2,2,False,False,True,True,False
WinkyRough[wght].ttf,Winky Rough,Latin,244,424,1.1475409836065573,1.33,1,False,False,False,True,False
Philosopher-Bold.ttf,Philosopher,Latin,232,555,1.146551724137931,1.12,1,False,False,False,True,False
Philosopher-Regular.ttf,Philosopher,Latin,232,555,1.146551724137931,1.12,1,False,False,False,True,False
Philosopher-BoldItalic.ttf,Philosopher,Latin,232,553,1.146551724137931,1.12,1,False,False,False,True,False
Basic-Regular.ttf,Basic,Latin,287,463,1.0,1.25830078125,1,False,False,False,False,True
AnonymousPro-Italic.ttf,Anonymous Pro,Latin,275,624,1.0,1.0,0,False,False,False,False,False
AnonymousPro-Bold.ttf,Anonymous Pro,Latin,275,624,1.0,1.0,0,False,False,False,False,False
AnonymousPro-BoldItalic.ttf,Anonymous Pro,Latin,275,624,1.0,1.0,0,False,False,False,False,False
AnonymousPro-Regular.ttf,Anonymous Pro,Latin,275,624,1.0,1.0,0,False,False,False,False,False
Philosopher-Italic.ttf,Philosopher,Latin,232,553,1.146551724137931,1.12,1,False,False,False,True,False
Snippet.ttf,Snippet,Latin,120,218,1.0,1.151,0,False,False,False,False,False
Courgette-Regular.ttf,Courgette,Latin,270,419,1.0,1.25,0,False,False,False,False,False
PlaywriteNLGuides-Regular.ttf,Playwrite NL Guides,Latin,365,1220,1.7397260273972603,2.548,2,True,False,False,True,False
MouseMemoirs-Regular.ttf,Mouse Memoirs,Latin,257,377,1.1478599221789882,1.14501953125,1,False,False,True,False,False
NotoSansBalinese[wght].ttf,Noto Sans Balinese,Latin,219,673,1.730593607305936,2.201,3,False,True,True,True,False
CoralPixels-Regular.ttf,Coral Pixels,Latin,227,5948,1.2995594713656389,1.385,2,False,False,True,True,False
STIXTwoText-Italic[wght].ttf,STIX Two Text,Latin,637,2238,3.087912087912088,1.25,2,False,False,True,True,False
BetaniaPatmosGDL-Regular.ttf,Betania Patmos GDL,Latin,134,1023,1.4477611940298507,1.3,3,True,False,True,True,False
LexendTera[wght].ttf,Lexend Tera,Latin,482,850,1.5975103734439835,1.25,2,False,False,True,True,False
DuruSans-Regular.ttf,Duru Sans,Latin,270,425,1.0,1.25,0,False,False,False,False,False
HankenGrotesk[wght].ttf,Hanken Grotesk,Latin,378,708,1.5925925925925926,1.303,2,False,False,True,True,False
PlaywriteAR[wght].ttf,Playwrite AR,Latin,365,1274,1.7397260273972603,2.079,2,True,False,False,True,False
PlaywriteDELAGuides-Regular.ttf,Playwrite DE LA Guides,Latin,365,1231,1.7397260273972603,1.751,2,True,False,False,True,False
PollerOne.ttf,Poller One,Latin,139,241,1.0,1.1884765625,0,False,False,False,False,False
Oranienbaum-Regular.ttf,Oranienbaum,Latin,212,419,1.0,1.155,0,False,False,False,False,False
Esteban-Regular.ttf,Esteban,Latin,147,271,1.0,1.274,0,False,False,False,False,False
HankenGrotesk-Italic[wght].ttf,Hanken Grotesk,Latin,378,708,1.5925925925925926,1.303,2,False,False,True,True,False
PlaywriteIDGuides-Regular.ttf,Playwrite ID Guides,Latin,365,1226,1.7397260273972603,2.92,2,True,False,False,True,False
NotoSansSiddham-Regular.ttf,Noto Sans Siddham,Latin,229,839,1.8908296943231442,2.03,2,False,True,False,True,False
NotoSansAvestan-Regular.ttf,Noto Sans Avestan,Latin,229,409,1.296943231441048,1.362,1,False,False,True,False,False
AveriaSerifLibre-LightItalic.ttf,Averia Serif Libre,Latin,129,234,1.0,1.08984375,0,False,False,False,False,False
AveriaSerifLibre-BoldItalic.ttf,Averia Serif Libre,Latin,129,234,1.0,1.08984375,0,False,False,False,False,False
AveriaSerifLibre-Bold.ttf,Averia Serif Libre,Latin,129,234,1.0,1.08984375,0,False,False,False,False,False
AveriaSerifLibre-Regular.ttf,Averia Serif Libre,Latin,129,234,1.0,1.08984375,0,False,False,False,False,False
AveriaSerifLibre-Light.ttf,Averia Serif Libre,Latin,129,234,1.0,1.08984375,0,False,False,False,False,False
"ShantellSans-Italic[BNCE,INFM,SPAC,wght].ttf",Shantell Sans Light,Latin,406,1728,1.5911330049261083,1.34,3,True,False,True,True,False
AveriaSerifLibre-Italic.ttf,Averia Serif Libre,Latin,129,234,1.0,1.08984375,0,False,False,False,False,False
"ShantellSans[BNCE,INFM,SPAC,wght].ttf",Shantell Sans Light,Latin,406,1728,1.5911330049261083,1.34,3,True,False,True,True,False
SofiaSansExtraCondensed-Italic[wght].ttf,Sofia Sans Extra Condensed,Latin,233,934,1.5836909871244635,1.2,3,True,False,True,True,False
SofiaSansExtraCondensed[wght].ttf,Sofia Sans Extra Condensed,Latin,233,954,1.5836909871244635,1.2,3,True,False,True,True,False
WendyOne-Regular.ttf,Wendy One,Latin,137,230,1.0,1.055,0,False,False,False,False,False
NotoSansChakma-Regular.ttf,Noto Sans Chakma,Latin,231,585,1.8831168831168832,1.46,2,False,True,False,True,False
PlaywriteITTrad[wght].ttf,Playwrite IT Trad,Latin,365,1286,1.7397260273972603,1.84,2,True,False,False,True,False
AlumniSansSC[wght].ttf,Alumni Sans SC Thin,Latin,417,1000,1.5947242206235013,1.2,2,False,False,True,True,False
AlumniSansSC-Italic[wght].ttf,Alumni Sans SC Thin,Latin,417,1003,1.5947242206235013,1.2,2,False,False,True,True,False
BigshotOne-Regular.ttf,Bigshot One,Latin,120,218,1.0,1.048,0,False,False,False,False,False
"Tektur[wdth,wght].ttf",Tektur,Latin,511,1129,1.7436399217221135,1.3,3,True,False,True,True,False
Trocchi-Regular.ttf,Trocchi,Latin,290,433,1.5931034482758621,1.29931640625,2,False,False,True,True,False
"Datatype[wdth,wght].ttf",Datatype,Latin,219,10850,1.2922374429223744,1.3,2,True,False,True,False,False
LexendExa[wght].ttf,Lexend Exa,Latin,482,850,1.5975103734439835,1.25,2,False,False,True,True,False
ShadowsIntoLight.ttf,Shadows Into Light,Latin,245,352,1.0,1.607421875,0,False,False,False,False,False
Meddon.ttf,Meddon,Latin,310,460,1.0,2.10791015625,0,False,False,False,False,False
MontserratUnderline-Italic[wght].ttf,Montserrat Underline Thin,Latin,760,2791,1.45,1.219,2,False,False,True,True,False
ChelseaMarket-Regular.ttf,Chelsea Market,Latin,127,228,1.0,1.2724609375,0,False,False,False,False,False
MontserratUnderline[wght].ttf,Montserrat Underline Thin,Latin,760,2799,1.45,1.219,2,False,False,True,True,False
GravitasOne.ttf,Gravitas One,Latin,137,238,1.0,1.27197265625,0,False,False,False,False,False
AtkinsonHyperlegibleMono[wght].ttf,Atkinson Hyperlegible Mono ExtraLight,Latin,224,380,1.1473214285714286,1.3,1,False,False,False,True,False
Rufina-Regular.ttf,Rufina,Latin,125,235,1.0,1.235,0,False,False,False,False,False
"MartianMono[wdth,wght].ttf",Martian Mono SemiExpanded,Latin,279,567,1.4408602150537635,1.2,2,True,False,False,True,False
AtkinsonHyperlegibleMono-Italic[wght].ttf,Atkinson Hyperlegible Mono ExtraLight,Latin,224,380,1.1473214285714286,1.3,1,False,False,False,True,False
Rufina-Bold.ttf,Rufina,Latin,125,235,1.0,1.235,0,False,False,False,False,False
EncodeSansSemiCondensed-Thin.ttf,Encode Sans Semi Condensed,Latin,473,1204,5.883720930232558,1.25,2,False,False,True,True,False
EncodeSansSemiCondensed-Medium.ttf,Encode Sans Semi Condensed,Latin,473,1204,5.883720930232558,1.25,2,False,False,True,True,False
EncodeSansSemiCondensed-Regular.ttf,Encode Sans Semi Condensed,Latin,473,1204,5.883720930232558,1.25,2,False,False,True,True,False
EncodeSansSemiCondensed-ExtraLight.ttf,Encode Sans Semi Condensed,Latin,473,1204,5.883720930232558,1.25,2,False,False,True,True,False
"ScienceGothic[CTRS,slnt,wdth,wght].ttf",Science Gothic,Latin,422,1321,1.1492890995260663,1.476,2,False,False,False,True,True
EncodeSansSemiCondensed-ExtraBold.ttf,Encode Sans Semi Condensed,Latin,473,1204,5.883720930232558,1.25,2,False,False,True,True,False
BilboSwashCaps-Regular.ttf,Bilbo Swash Caps,Latin,127,248,1.0,1.25,0,False,False,False,False,False
EncodeSansSemiCondensed-Light.ttf,Encode Sans Semi Condensed,Latin,473,1204,5.883720930232558,1.25,2,False,False,True,True,False
Allison-Regular.ttf,Allison,Latin,404,619,1.4455445544554455,1.27,2,False,False,True,True,False
NotoSansSogdian-Regular.ttf,Noto Sans Sogdian,Latin,231,680,1.7359307359307359,1.382,3,True,False,False,True,True
QuattrocentoSans-Italic.ttf,Quattrocento Sans,Latin,130,245,1.146153846153846,1.108,1,False,False,True,False,False
PlaywriteBEVLG[wght].ttf,Playwrite BE VLG,Latin,365,1289,1.7397260273972603,1.932,2,True,False,False,True,False
Comfortaa[wght].ttf,Comfortaa,Latin,396,874,1.446969696969697,1.115,2,False,False,True,True,False
QuattrocentoSans-BoldItalic.ttf,Quattrocento Sans,Latin,130,244,1.146153846153846,1.108,1,False,False,True,False,False
SedgwickAve-Regular.ttf,Sedgwick Ave,Latin,421,622,3.3942992874109263,1.249,1,False,False,True,False,False
NotoSansShavian-Regular.ttf,Noto Sans Shavian,Latin,231,388,1.147186147186147,1.362,1,False,False,False,True,False
QuattrocentoSans-Bold.ttf,Quattrocento Sans,Latin,130,243,1.146153846153846,1.108,1,False,False,True,False,False
QuattrocentoSans-Regular.ttf,Quattrocento Sans,Latin,130,243,1.146153846153846,1.108,1,False,False,True,False,False
EncodeSansSemiCondensed-Bold.ttf,Encode Sans Semi Condensed,Latin,473,1204,5.883720930232558,1.25,2,False,False,True,True,False
EncodeSansSemiCondensed-SemiBold.ttf,Encode Sans Semi Condensed,Latin,473,1204,5.883720930232558,1.25,2,False,False,True,True,False
NotoSansUgaritic-Regular.ttf,Noto Sans Ugaritic,Latin,231,371,1.147186147186147,1.124,1,False,False,False,True,False
RobotoCondensed-Italic[wght].ttf,Roboto Condensed,Latin,363,1321,1.743801652892562,1.0498046875,2,False,False,True,False,True
Teachers-Italic[wght].ttf,Teachers,Latin,228,354,1.1491228070175439,1.2,1,False,False,False,True,False
Matemasie-Regular.ttf,Matemasie,Latin,259,407,1.1467181467181466,1.48,1,False,False,False,True,False
RugeBoogie-Regular.ttf,Ruge Boogie,Latin,400,1023,1.45,1.25,2,False,False,True,True,False
RobotoCondensed[wght].ttf,Roboto Condensed,Latin,363,1321,1.743801652892562,1.0498046875,2,False,False,True,False,True
"BitcountInk[CRSV,ELSH,ELXP,SZP1,SZP2,XPN1,XPN2,YPN1,YPN2,slnt,wght].ttf",Bitcount Ink,Latin,262,1044,1.297709923664122,1.2,3,True,False,True,True,False
Tangerine-Bold.ttf,Tangerine,Latin,127,231,1.0,1.0,0,False,False,False,False,False
Tangerine-Regular.ttf,Tangerine,Latin,127,231,1.0,1.0,0,False,False,False,False,False
NotoSansInscriptionalParthian-Regular.ttf,Noto Sans Inscriptional Parthian,Latin,219,366,1.5844748858447488,1.37,2,False,False,True,True,False
NotoSansOldNorthArabian-Regular.ttf,Noto Sans Old North Arabian,Latin,231,371,1.147186147186147,1.362,1,False,False,False,True,False
Paprika-Regular.ttf,Paprika,Latin,265,464,1.441509433962264,1.419,2,False,False,True,True,False
Teachers[wght].ttf,Teachers,Latin,228,354,1.1491228070175439,1.2,1,False,False,False,True,False
Amarante-Regular.ttf,Amarante,Latin,270,424,1.0,1.25,0,False,False,False,False,False
NotoSerifTangut-Regular.ttf,Noto Serif Tangut,Latin,219,7243,1.1461187214611872,1.006,1,False,False,False,True,False
SixCaps.ttf,Six Caps,Latin,259,438,1.0,1.31591796875,0,False,False,False,False,False
ProtestStrike-Regular.ttf,Protest Strike,Latin,401,587,1.4488778054862843,1.2,2,False,False,True,True,False
NotoTraditionalNushu[wght].ttf,Noto Traditional Nushu,Latin,229,774,1.148471615720524,1.067,1,False,False,False,True,False
MedievalSharp.ttf,MedievalSharp,Latin,252,404,1.0,1.1298828125,0,False,False,False,False,False
IMFeENsc28P.ttf,IM FELL English SC,Latin,218,359,1.724770642201835,1.2685546875,1,True,False,False,False,False
NotoSansLycian-Regular.ttf,Noto Sans Lycian,Latin,229,366,1.445414847161572,1.362,1,False,False,False,True,False
Salsa-Regular.ttf,Salsa,Latin,138,362,1.434782608695652,1.226,2,True,False,True,False,False
EncodeSansSemiCondensed-Black.ttf,Encode Sans Semi Condensed,Latin,473,1204,5.883720930232558,1.25,2,False,False,True,True,False
TradeWinds-Regular.ttf,Trade Winds,Latin,126,227,1.0,1.453125,0,False,False,False,False,False
"MonaSans[wdth,wght].ttf",Mona Sans ExtraLight,Latin,348,756,1.2988505747126438,1.41,2,False,False,True,True,False
AveriaGruesaLibre-Regular.ttf,Averia Gruesa Libre,Latin,129,234,1.0,1.193359375,0,False,False,False,False,False
NotoSansImperialAramaic-Regular.ttf,Noto Sans Imperial Aramaic,Latin,219,356,1.5844748858447488,1.362,1,False,False,False,True,False
"MonaSans-Italic[wdth,wght].ttf",Mona Sans ExtraLight,Latin,348,756,1.2988505747126438,1.41,2,False,False,True,True,False
Arbutus-Regular.ttf,Arbutus,Latin,270,424,1.0,1.25,0,False,False,False,False,False
TaiHeritagePro-Regular.ttf,Tai Heritage Pro,Latin,238,542,1.1470588235294117,2.099609375,2,False,False,False,True,True
Miltonian-Regular.ttf,Miltonian,Latin,125,258,1.0,1.192,0,False,False,False,False,False
TaiHeritagePro-Bold.ttf,Tai Heritage Pro,Latin,238,542,1.1470588235294117,2.099609375,2,False,False,False,True,True
UnifrakturCook-Bold.ttf,UnifrakturCook,Latin,126,271,1.0,1.30859375,0,False,False,False,False,False
SyneMono-Regular.ttf,Syne Mono,Latin,233,608,1.145922746781116,1.2,1,False,False,False,True,False
PlaywriteAT-Italic[wght].ttf,Playwrite AT,Latin,365,1333,1.7397260273972603,1.65,2,True,False,False,True,False
BigShouldersDisplaySC[wght].ttf,Big Shoulders Display SC Thin,Latin,484,1074,1.5950413223140496,1.197,2,False,False,True,True,False
NotoSansCoptic-Regular.ttf,Noto Sans Coptic,Latin,227,558,1.449339207048458,1.362,2,False,False,False,True,True
PixelifySans[wght].ttf,Pixelify Sans,Latin,261,576,1.5977011494252873,1.2,2,False,False,True,True,False
PlaywriteAT[wght].ttf,Playwrite AT,Latin,365,1333,1.7397260273972603,1.65,2,True,False,False,True,False
PlaywriteVNGuides-Regular.ttf,Playwrite VN Guides,Latin,365,1222,1.7397260273972603,2.512,2,True,False,False,True,False
PlaywriteITTradGuides-Regular.ttf,Playwrite IT Trad Guides,Latin,365,1232,1.7397260273972603,1.84,2,True,False,False,True,False
NotoSansOldHungarian-Regular.ttf,Noto Sans Old Hungarian,Latin,229,695,1.74235807860262,1.036,2,False,False,True,True,False
PlaywriteMX[wght].ttf,Playwrite MX,Latin,365,1271,1.7397260273972603,1.932,2,True,False,False,True,False
MeaCulpa-Regular.ttf,Mea Culpa,Latin,416,641,1.4471153846153846,1.4,2,False,False,True,True,False
GrenzeGotisch[wght].ttf,Grenze Gotisch,Latin,427,1111,1.5995316159250585,1.48,3,False,False,True,True,True
MuseoModerno[wght].ttf,MuseoModerno Thin,Latin,420,1072,1.6,1.59,1,False,False,True,False,False
PlaywriteFRModerne[wght].ttf,Playwrite FR Moderne,Latin,365,1279,1.7397260273972603,2.157,2,True,False,False,True,False
MuseoModerno-Italic[wght].ttf,MuseoModerno Thin,Latin,420,1096,1.6,1.59,2,False,False,True,True,False
VampiroOne-Regular.ttf,Vampiro One,Latin,142,271,1.0,1.25,0,False,False,False,False,False
AlienBlock-Regular.ttf,Alien Block,Latin,219,322,1.1461187214611872,1.3,1,False,False,False,True,False
FiraSansExtraCondensed-Italic.ttf,Fira Sans Extra Condensed,Latin,727,2707,7.59697386519945,1.2,4,True,False,True,True,True
FiraSansExtraCondensed-MediumItalic.ttf,Fira Sans Extra Condensed,Latin,727,2707,7.59697386519945,1.2,4,True,False,True,True,True
"IBMPlexSans[wdth,wght].ttf",IBM Plex Sans,Latin,375,1025,1.2986666666666666,1.3,3,False,False,True,True,True
"IBMPlexSans-Italic[wdth,wght].ttf",IBM Plex Sans,Latin,375,1017,1.2986666666666666,1.3,3,False,False,True,True,True
FiraSansExtraCondensed-Light.ttf,Fira Sans Extra Condensed,Latin,727,2708,9.396148555708391,1.2,4,True,False,True,True,True
FiraSansExtraCondensed-BlackItalic.ttf,Fira Sans Extra Condensed,Latin,727,2707,7.59697386519945,1.2,4,True,False,True,True,True
FiraSansExtraCondensed-ThinItalic.ttf,Fira Sans Extra Condensed,Latin,727,2707,7.59697386519945,1.2,4,True,False,True,True,True
FiraSansExtraCondensed-LightItalic.ttf,Fira Sans Extra Condensed,Latin,727,2707,7.59697386519945,1.2,4,True,False,True,True,True
FiraSansExtraCondensed-ExtraLight.ttf,Fira Sans Extra Condensed,Latin,727,2708,9.396148555708391,1.2,4,True,False,True,True,True
FiraSansExtraCondensed-Medium.ttf,Fira Sans Extra Condensed,Latin,727,2708,9.396148555708391,1.2,4,True,False,True,True,True
FiraSansExtraCondensed-BoldItalic.ttf,Fira Sans Extra Condensed,Latin,727,2707,7.59697386519945,1.2,4,True,False,True,True,True
FiraSansExtraCondensed-Black.ttf,Fira Sans Extra Condensed,Latin,727,2708,9.396148555708391,1.2,4,True,False,True,True,True
FiraSansExtraCondensed-Thin.ttf,Fira Sans Extra Condensed,Latin,727,2708,9.396148555708391,1.2,4,True,False,True,True,True
FiraSansExtraCondensed-Regular.ttf,Fira Sans Extra Condensed,Latin,727,2708,9.396148555708391,1.2,4,True,False,True,True,True
FiraSansExtraCondensed-ExtraLightItalic.ttf,Fira Sans Extra Condensed,Latin,727,2707,7.59697386519945,1.2,4,True,False,True,True,True
FiraSansExtraCondensed-SemiBoldItalic.ttf,Fira Sans Extra Condensed,Latin,727,2707,7.59697386519945,1.2,4,True,False,True,True,True
FugazOne-Regular.ttf,Fugaz One,Latin,126,229,1.0,1.468,0,False,False,False,False,False
Federo-Regular.ttf,Federo,Latin,119,220,1.0,1.17822265625,0,False,False,False,False,False
OverlockSC-Regular.ttf,Overlock SC,Latin,127,247,1.0,1.22,0,False,False,False,False,False
FiraSansExtraCondensed-Bold.ttf,Fira Sans Extra Condensed,Latin,727,2708,9.396148555708391,1.2,4,True,False,True,True,True
FiraSansExtraCondensed-ExtraBold.ttf,Fira Sans Extra Condensed,Latin,727,2708,9.396148555708391,1.2,4,True,False,True,True,True
PlaywriteDEGrundGuides-Regular.ttf,Playwrite DE Grund Guides,Latin,365,1284,1.7397260273972603,1.751,2,True,False,False,True,False
FiraSansExtraCondensed-ExtraBoldItalic.ttf,Fira Sans Extra Condensed,Latin,727,2707,7.59697386519945,1.2,4,True,False,True,True,True
FiraSansExtraCondensed-SemiBold.ttf,Fira Sans Extra Condensed,Latin,727,2708,9.396148555708391,1.2,4,True,False,True,True,True
PlaywriteBR[wght].ttf,Playwrite BR,Latin,365,1274,1.7397260273972603,2.227,2,True,False,False,True,False
Spectral-ExtraLight.ttf,Spectral ExtraLight,Latin,471,1480,1.4458598726114649,1.522,2,False,False,True,True,False
Spectral-ExtraBold.ttf,Spectral ExtraBold,Latin,471,1480,1.4458598726114649,1.522,2,False,False,True,True,False
Spectral-Medium.ttf,Spectral Medium,Latin,471,1480,1.4458598726114649,1.522,2,False,False,True,True,False
Spectral-MediumItalic.ttf,Spectral Medium,Latin,471,1480,1.4458598726114649,1.522,2,False,False,True,True,False
Spectral-BoldItalic.ttf,Spectral,Latin,471,1480,1.4458598726114649,1.522,2,False,False,True,True,False
Spectral-Regular.ttf,Spectral,Latin,471,1480,1.4458598726114649,1.522,2,False,False,True,True,False
Spectral-ExtraLightItalic.ttf,Spectral ExtraLight,Latin,471,1480,1.4458598726114649,1.522,2,False,False,True,True,False
Spectral-ExtraBoldItalic.ttf,Spectral ExtraBold,Latin,471,1480,1.4458598726114649,1.522,2,False,False,True,True,False
Spectral-SemiBold.ttf,Spectral SemiBold,Latin,471,1480,1.4458598726114649,1.522,2,False,False,True,True,False
Spectral-LightItalic.ttf,Spectral Light,Latin,471,1480,1.4458598726114649,1.522,2,False,False,True,True,False
Spectral-Italic.ttf,Spectral,Latin,471,1480,1.4458598726114649,1.522,2,False,False,True,True,False
JockeyOne-Regular.ttf,Jockey One,Latin,264,395,1.1477272727272727,1.398,1,False,False,True,False,False
YsabeauOffice-Italic[wght].ttf,Ysabeau Office,Latin,445,1393,1.7415730337078652,1.343,3,True,False,True,True,False
SulphurPoint-Bold.ttf,Sulphur Point,Latin,214,382,1.1495327102803738,1.369,1,False,False,False,True,False
SulphurPoint-Light.ttf,Sulphur Point,Latin,214,382,1.1495327102803738,1.369,1,False,False,False,True,False
Spectral-SemiBoldItalic.ttf,Spectral SemiBold,Latin,471,1480,1.4458598726114649,1.522,2,False,False,True,True,False
LobsterTwo-Bold.ttf,Lobster Two,Latin,154,357,1.1493506493506493,1.25,1,False,False,True,False,False
Spectral-Bold.ttf,Spectral,Latin,471,1480,1.4458598726114649,1.522,2,False,False,True,True,False
YsabeauOffice[wght].ttf,Ysabeau Office,Latin,445,1971,1.7415730337078652,1.343,3,True,False,True,True,False
SulphurPoint-Regular.ttf,Sulphur Point,Latin,214,382,1.1495327102803738,1.369,1,False,False,False,True,False
B612-Italic.ttf,B612,Latin,122,593,1.0,1.215,0,False,False,False,False,False
Spectral-Light.ttf,Spectral Light,Latin,471,1480,1.4458598726114649,1.522,2,False,False,True,True,False
LobsterTwo-Regular.ttf,Lobster Two,Latin,154,357,1.1493506493506493,1.25,1,False,False,True,False,False
B612-Bold.ttf,B612,Latin,122,593,1.0,1.215,0,False,False,False,False,False
B612-BoldItalic.ttf,B612,Latin,122,593,1.0,1.215,0,False,False,False,False,False
B612-Regular.ttf,B612,Latin,122,593,1.0,1.215,0,False,False,False,False,False
LobsterTwo-Italic.ttf,Lobster Two,Latin,154,357,1.1493506493506493,1.25,1,False,False,True,False,False
MedulaOne-Regular.ttf,Medula One,Latin,125,230,1.0,1.008,0,False,False,False,False,False
WireOne-Regular.ttf,Wire One,Latin,119,224,1.0,1.1,0,False,False,False,False,False
Spirax-Regular.ttf,Spirax,Latin,124,222,1.0,1.235,0,False,False,False,False,False
NotoSansPhoenician-Regular.ttf,Noto Sans Phoenician,Latin,231,369,1.147186147186147,1.362,1,False,False,False,True,False
NotoSansNushu-Regular.ttf,Noto Sans Nushu,Latin,229,734,1.148471615720524,1.39,1,False,False,False,True,False
LobsterTwo-BoldItalic.ttf,Lobster Two,Latin,154,357,1.1493506493506493,1.25,1,False,False,True,False,False
EduSABeginner[wght].ttf,Edu SA Beginner,Latin,54,127,1.0,1.26,0,False,False,False,False,False
KaushanScript-Regular.ttf,Kaushan Script,Latin,273,414,1.1465201465201464,1.451,1,False,False,True,False,False
SmoochSans[wght].ttf,Smooch Sans Thin,Latin,416,642,1.4471153846153846,1.2,2,False,False,True,True,False
Borel-Regular.ttf,Borel,Latin,229,1514,1.5938864628820961,2.0,3,True,False,True,True,False
VT323-Regular.ttf,VT323,Latin,403,587,5.4665012406947895,1.0,2,False,False,True,True,False
"NunitoSans[YTLC,opsz,wdth,wght].ttf",Nunito Sans 12pt ExtraLight,Latin,487,1104,1.7494866529774127,1.364,3,True,False,True,True,False
Ole-Regular.ttf,Ole,Latin,414,641,1.429951690821256,1.26,2,False,False,True,True,False
Agdasima-Bold.ttf,Agdasima,Latin,127,259,1.0,1.0244140625,0,False,False,False,False,False
Agdasima-Regular.ttf,Agdasima,Latin,127,259,1.0,1.0244140625,0,False,False,False,False,False
UnifrakturMaguntia-Book.ttf,UnifrakturMaguntia,Latin,126,270,1.2857142857142858,1.03564453125,1,False,False,True,False,False
Galindo-Regular.ttf,Galindo,Latin,256,370,1.1484375,1.41455078125,1,False,False,True,False,False
PlaywriteHR[wght].ttf,Playwrite HR,Latin,365,1273,1.7397260273972603,1.659,2,True,False,False,True,False
Belanosima-Bold.ttf,Belanosima,Latin,127,265,1.0,1.3427734375,0,False,False,False,False,False
Belanosima-SemiBold.ttf,Belanosima SemiBold,Latin,127,265,1.0,1.22509765625,0,False,False,False,False,False
Belanosima-Regular.ttf,Belanosima,Latin,127,265,1.0,1.19189453125,0,False,False,False,False,False
"NunitoSans-Italic[YTLC,opsz,wdth,wght].ttf",Nunito Sans 12pt ExtraLight,Latin,487,1104,1.7494866529774127,1.364,3,True,False,True,True,False
Arizonia-Regular.ttf,Arizonia,Latin,416,652,1.4471153846153846,1.25,2,False,False,True,True,False
Cuprum[wght].ttf,Cuprum,Latin,286,612,1.2937062937062938,1.155,2,False,False,True,True,False
Cuprum-Italic[wght].ttf,Cuprum,Latin,286,612,1.2937062937062938,1.155,2,False,False,True,True,False
Lustria-Regular.ttf,Lustria,Latin,145,264,1.0,1.182,0,False,False,False,False,False
"AROneSans[ARRR,wght].ttf",AR One Sans,Latin,403,586,1.2977667493796525,1.36,1,False,False,False,True,False
ChelaOne-Regular.ttf,Chela One,Latin,127,249,1.0,1.177,0,False,False,False,False,False
PlaywriteHU[wght].ttf,Playwrite HU,Latin,365,1276,1.7397260273972603,1.81,2,True,False,False,True,False
NotoSansSundanese[wght].ttf,Noto Sans Sundanese,Latin,227,417,1.449339207048458,1.437,1,False,False,False,True,False
PlaywriteMXGuides-Regular.ttf,Playwrite MX Guides,Latin,365,1217,1.7397260273972603,1.932,2,True,False,False,True,False
NotoSansOldPermic-Regular.ttf,Noto Sans Old Permic,Latin,231,390,1.147186147186147,1.362,1,False,False,False,True,False
DigitalNumbers-Regular.ttf,Digital Numbers,Latin,116,257,1.0,1.291,0,False,False,False,False,False
NotoSansPauCinHau-Regular.ttf,Noto Sans Pau Cin Hau,Latin,231,396,1.147186147186147,1.362,1,False,False,False,True,False
PlaywriteNL[wght].ttf,Playwrite NL,Latin,365,1272,1.7397260273972603,2.548,2,True,False,False,True,False
Gruppo-Regular.ttf,Gruppo,Latin,289,423,1.4463667820069204,0.96630859375,2,False,False,True,True,False
Alice-Regular.ttf,Alice,Latin,121,453,1.4462809917355373,1.143,2,False,False,True,True,False
PlaywritePTGuides-Regular.ttf,Playwrite PT Guides,Latin,365,1222,1.7397260273972603,2.115,2,True,False,False,True,False
NotoSansVithkuqi[wght].ttf,Noto Sans Vithkuqi,Latin,229,408,1.148471615720524,1.362,1,False,False,False,True,False
"NotoSerifArmenian[wdth,wght].ttf",Noto Serif Armenian,Latin,227,435,1.5991189427312775,1.36,2,False,False,True,True,False
NotoSansRejang-Regular.ttf,Noto Sans Rejang,Latin,219,366,1.1461187214611872,1.362,1,False,False,False,True,False
NotoSansWarangCiti-Regular.ttf,Noto Sans Warang Citi,Latin,231,514,1.2943722943722944,1.142,1,False,False,False,True,False
AzeretMono-Italic[wght].ttf,Azeret Mono Thin,Latin,263,646,1.741444866920152,1.167,4,True,False,True,True,True
AzeretMono[wght].ttf,Azeret Mono Thin,Latin,263,646,1.741444866920152,1.167,4,True,False,True,True,True
Yarndings12Charted-Regular.ttf,Yarndings 12 Charted,Latin,52,95,1.0,1.0,0,False,False,False,False,False
ZenDots-Regular.ttf,Zen Dots,Latin,134,256,1.1492537313432836,1.2,1,False,False,False,True,False
Yrsa[wght].ttf,Yrsa,Latin,470,872,1.5957446808510638,1.218,3,True,False,True,True,False
Yrsa-Italic[wght].ttf,Yrsa,Latin,470,877,1.5957446808510638,1.218,3,True,False,True,True,False
NotoSansZanabazarSquare-Regular.ttf,Noto Sans Zanabazar Square,Latin,229,485,1.445414847161572,2.442,1,False,False,False,True,False
Galdeano-Regular.ttf,Galdeano,Latin,127,247,1.0,1.05,0,False,False,False,False,False
MonteCarlo-Regular.ttf,MonteCarlo,Latin,350,995,1.7428571428571429,1.7,3,True,False,True,True,False
Namdhinggo-Medium.ttf,Namdhinggo Medium,Latin,125,451,1.288,1.0498046875,3,False,False,True,True,True
Buda-Light.ttf,Buda,Latin,117,216,1.0,1.25,0,False,False,False,False,False
Namdhinggo-Regular.ttf,Namdhinggo,Latin,125,451,1.288,1.0498046875,3,False,False,True,True,True
Namdhinggo-Bold.ttf,Namdhinggo,Latin,125,451,1.288,1.0498046875,3,False,False,True,True,True
Namdhinggo-SemiBold.ttf,Namdhinggo SemiBold,Latin,125,451,1.288,1.0498046875,3,False,False,True,True,True
Namdhinggo-ExtraBold.ttf,Namdhinggo ExtraBold,Latin,125,451,1.288,1.0498046875,3,False,False,True,True,True
"Sono[MONO,wght].ttf",Sono ExtraLight,Latin,406,750,1.2955665024630543,1.2,1,False,False,False,True,False
CormorantUpright-Bold.ttf,Cormorant Upright,Latin,433,1216,8.685912240184757,1.211,3,True,False,True,True,False
CormorantUpright-SemiBold.ttf,Cormorant Upright,Latin,433,1216,8.685912240184757,1.211,3,True,False,True,True,False
CormorantUpright-Light.ttf,Cormorant Upright,Latin,433,1216,8.685912240184757,1.211,3,True,False,True,True,False
CormorantUpright-Medium.ttf,Cormorant Upright,Latin,433,1216,8.685912240184757,1.211,3,True,False,True,True,False
CormorantUpright-Regular.ttf,Cormorant Upright,Latin,433,1216,8.685912240184757,1.211,3,True,False,True,True,False
Unna-Bold.ttf,Unna,Latin,223,370,1.7399103139013452,1.152,2,False,False,True,True,False
Unna-BoldItalic.ttf,Unna,Latin,223,385,1.7399103139013452,1.152,2,False,False,True,True,False
Unna-Regular.ttf,Unna,Latin,223,370,1.7399103139013452,1.152,2,False,False,True,True,False
Unna-Italic.ttf,Unna,Latin,223,385,1.7399103139013452,1.152,2,False,False,True,True,False
HennyPenny-Regular.ttf,Henny Penny,Latin,119,232,1.2857142857142858,1.77197265625,1,False,False,True,False,False
NotoZnamennyMusicalNotation-Regular.ttf,Noto Znamenny Musical Notation,Latin,227,527,1.748898678414097,1.287,2,False,False,True,True,False
Karla-Italic[wght].ttf,Karla,Latin,234,480,1.4487179487179487,1.169,2,False,False,True,True,False
Limelight-Regular.ttf,Limelight,Latin,270,427,1.0,1.2197265625,0,False,False,False,False,False
Karla[wght].ttf,Karla,Latin,234,480,1.4487179487179487,1.169,2,False,False,True,True,False
FragmentMono-Italic.ttf,Fragment Mono,Latin,232,707,1.4396551724137931,1.2,3,True,False,True,True,False
Iceberg-Regular.ttf,Iceberg,Latin,119,225,1.0,1.22,0,False,False,False,False,False
Arapey-Regular.ttf,Arapey,Latin,127,248,1.1496062992125984,1.096,1,False,False,True,False,False
FragmentMono-Regular.ttf,Fragment Mono,Latin,232,707,1.4396551724137931,1.2,3,True,False,True,True,False
Arapey-Italic.ttf,Arapey,Latin,127,251,1.2992125984251968,1.096,1,False,False,True,False,False
Shalimar-Regular.ttf,Shalimar,Latin,416,1032,1.4471153846153846,1.22,2,False,False,True,True,False
"SpecialGothic[wdth,wght].ttf",Special Gothic,Latin,259,561,1.4401544401544402,1.3,2,False,False,True,True,False
Aleo-Italic[wght].ttf,Aleo,Latin,494,679,1.437246963562753,1.2,2,False,False,True,True,False
Alatsi-Regular.ttf,Alatsi,Latin,704,1205,1.4332386363636365,1.28,2,False,False,True,True,False
NotoSansVai-Regular.ttf,Noto Sans Vai,Latin,231,640,1.147186147186147,1.362,1,False,False,False,True,False
TitanOne-Regular.ttf,Titan One,Latin,227,422,1.0,1.145,0,False,False,False,False,False
Convergence-Regular.ttf,Convergence,Latin,141,256,1.0,1.173,0,False,False,False,False,False
Aleo[wght].ttf,Aleo,Latin,494,679,1.437246963562753,1.2,2,False,False,True,True,False
RalewayDots-Regular.ttf,Raleway Dots,Latin,272,460,1.2941176470588236,1.131,1,False,False,True,False,False
CourierPrime-BoldItalic.ttf,Courier Prime,Latin,255,416,4.2784313725490195,1.123046875,1,False,False,True,False,False
CourierPrime-Bold.ttf,Courier Prime,Latin,255,415,1.0,1.123046875,0,False,False,False,False,False
CourierPrime-Italic.ttf,Courier Prime,Latin,255,416,4.2784313725490195,1.123046875,1,False,False,True,False,False
CourierPrime-Regular.ttf,Courier Prime,Latin,255,415,1.0,1.123046875,0,False,False,False,False,False
REM[wght].ttf,REM Medium,Latin,405,982,1.4444444444444444,1.25,2,False,False,True,True,False
LibreBarcode39-Regular.ttf,Libre Barcode 39,Latin,53,121,1.1320754716981132,1.0,1,True,False,False,False,False
KolkerBrush-Regular.ttf,Kolker Brush,Latin,414,642,1.429951690821256,1.1,2,False,False,True,True,False
REM-Italic[wght].ttf,REM Medium,Latin,405,982,1.2962962962962963,1.25,2,False,False,True,True,False
PlaywriteNGModern[wght].ttf,Playwrite NG Modern,Latin,365,1285,1.7397260273972603,1.932,2,True,False,False,True,False
PlaywriteATGuides-Regular.ttf,Playwrite AT Guides,Latin,365,1285,1.7397260273972603,1.65,2,True,False,False,True,False
HeptaSlab[wght].ttf,Hepta Slab ExtraLight,Latin,468,1288,1.5982905982905984,1.251,4,True,False,True,True,True
NotoSansElbasan-Regular.ttf,Noto Sans Elbasan,Latin,229,412,1.296943231441048,1.117,1,False,False,False,True,False
Wallpoet-Regular.ttf,Wallpoet,Latin,129,244,1.0,1.002,0,False,False,False,False,False
Fondamento-Regular.ttf,Fondamento,Latin,256,372,1.1484375,1.3837890625,1,False,False,True,False,False
Magra-Bold.ttf,Magra,Latin,278,428,1.0,1.215,0,False,False,False,False,False
Magra-Regular.ttf,Magra,Latin,278,428,1.0,1.215,0,False,False,False,False,False
NovaFlat.ttf,Nova Flat,Latin,279,421,1.0,1.20703125,0,False,False,False,False,False
PlaywriteATGuides-Italic.ttf,Playwrite AT Guides,Latin,365,1285,1.7397260273972603,1.65,2,True,False,False,True,False
NotoSansChorasmian-Regular.ttf,Noto Sans Chorasmian,Latin,227,454,2.198237885462555,1.362,3,True,False,True,True,False
PlaywriteDELA[wght].ttf,Playwrite DE LA,Latin,365,1284,1.7397260273972603,1.751,2,True,False,False,True,False
Fondamento-Italic.ttf,Fondamento,Latin,256,372,1.1484375,1.3837890625,1,False,False,True,False,False
Akt[wght].ttf,Akt,Latin,567,1867,1.4497354497354498,1.2,3,False,False,True,True,True
FiraSansCondensed-Regular.ttf,Fira Sans Condensed,Latin,727,2708,9.396148555708391,1.2,4,True,False,True,True,True
FiraSansCondensed-Black.ttf,Fira Sans Condensed,Latin,727,2708,9.396148555708391,1.2,4,True,False,True,True,True
FiraSansCondensed-ExtraBold.ttf,Fira Sans Condensed,Latin,727,2708,9.396148555708391,1.2,4,True,False,True,True,True
FiraSansCondensed-Medium.ttf,Fira Sans Condensed,Latin,727,2708,9.396148555708391,1.2,4,True,False,True,True,True
FiraSansCondensed-Bold.ttf,Fira Sans Condensed,Latin,727,2708,9.396148555708391,1.2,4,True,False,True,True,True
FiraSansCondensed-Thin.ttf,Fira Sans Condensed,Latin,727,2708,9.396148555708391,1.2,4,True,False,True,True,True
FiraSansCondensed-SemiBoldItalic.ttf,Fira Sans Condensed,Latin,727,2707,7.59697386519945,1.2,4,True,False,True,True,True
FiraSansCondensed-ExtraLightItalic.ttf,Fira Sans Condensed,Latin,727,2707,7.59697386519945,1.2,4,True,False,True,True,True
FiraSansCondensed-MediumItalic.ttf,Fira Sans Condensed,Latin,727,2707,7.59697386519945,1.2,4,True,False,True,True,True
FiraSansCondensed-LightItalic.ttf,Fira Sans Condensed,Latin,727,2707,7.59697386519945,1.2,4,True,False,True,True,True
"Merriweather-Italic[opsz,wdth,wght].ttf",Merriweather Light,Latin,754,2381,1.5994694960212201,1.257,3,True,False,True,True,False
Menbere[wght].ttf,Menbere,Latin,516,1333,1.447674418604651,1.567,3,True,False,True,True,False
"Merriweather[opsz,wdth,wght].ttf",Merriweather Light,Latin,754,2384,1.5994694960212201,1.257,3,True,False,True,True,False
FiraSansCondensed-SemiBold.ttf,Fira Sans Condensed,Latin,727,2708,9.396148555708391,1.2,4,True,False,True,True,True
Macondo-Regular.ttf,Macondo,Latin,145,311,1.0,1.18,0,False,False,False,False,False
FiraSansCondensed-ExtraBoldItalic.ttf,Fira Sans Condensed,Latin,727,2707,7.59697386519945,1.2,4,True,False,True,True,True
NotoSansLydian-Regular.ttf,Noto Sans Lydian,Latin,227,362,1.449339207048458,1.362,1,False,False,False,True,False
FiraSansCondensed-ExtraLight.ttf,Fira Sans Condensed,Latin,727,2708,9.396148555708391,1.2,4,True,False,True,True,True
FiraSansCondensed-Light.ttf,Fira Sans Condensed,Latin,727,2708,9.396148555708391,1.2,4,True,False,True,True,True
FiraSansCondensed-BoldItalic.ttf,Fira Sans Condensed,Latin,727,2707,7.59697386519945,1.2,4,True,False,True,True,True
Epilogue[wght].ttf,Epilogue,Latin,496,1148,1.4475806451612903,1.025,2,False,False,True,True,False
Flavors-Regular.ttf,Flavors,Latin,126,227,1.0,1.27734375,0,False,False,False,False,False
FiraSansCondensed-Italic.ttf,Fira Sans Condensed,Latin,727,2707,7.59697386519945,1.2,4,True,False,True,True,True
PlaywriteIN[wght].ttf,Playwrite IN,Latin,365,1276,1.7397260273972603,1.984,2,True,False,False,True,False
LondrinaShadow-Regular.ttf,Londrina Shadow,Latin,125,231,1.0,1.183,0,False,False,False,False,False
InclusiveSans[wght].ttf,Inclusive Sans,Latin,380,550,1.15,1.2,1,False,False,False,True,False
LibreBarcode39Extended-Regular.ttf,Libre Barcode 39 Extended,Latin,53,179,1.1320754716981132,1.0,1,True,False,False,False,False
EmblemaOne-Regular.ttf,Emblema One,Latin,270,407,1.0,1.193359375,0,False,False,False,False,False
EricaOne-Regular.ttf,Erica One,Latin,128,249,1.0,1.492,0,False,False,False,False,False
"Cabin-Italic[wdth,wght].ttf",Cabin,Latin,470,747,1.148936170212766,1.215,1,False,False,False,True,False
"Cabin[wdth,wght].ttf",Cabin,Latin,470,747,1.297872340425532,1.215,1,False,False,False,True,False
InclusiveSans-Italic[wght].ttf,Inclusive Sans,Latin,380,550,1.15,1.2,1,False,False,False,True,False
AsapCondensed-Light.ttf,Asap Condensed Light,Latin,439,790,1.5922551252847381,1.146,3,True,False,True,True,False
AsapCondensed-LightItalic.ttf,Asap Condensed Condensed Light,Latin,439,790,1.7403189066059226,1.146,3,True,False,True,True,False
RibeyeMarrow-Regular.ttf,Ribeye Marrow,Latin,256,372,1.1484375,1.3662109375,1,False,False,True,False,False
AsapCondensed-MediumItalic.ttf,Asap Condensed Condensed Medium,Latin,439,790,1.7403189066059226,1.146,3,True,False,True,True,False
AsapCondensed-ExtraBold.ttf,Asap Condensed ExtraBold,Latin,439,790,1.5922551252847381,1.146,3,True,False,True,True,False
AsapCondensed-SemiBoldItalic.ttf,Asap Condensed Condensed SemiBold,Latin,439,790,1.7403189066059226,1.146,3,True,False,True,True,False
AsapCondensed-SemiBold.ttf,Asap Condensed SemiBold,Latin,439,790,1.5922551252847381,1.146,3,True,False,True,True,False
LibreCaslonText[wght].ttf,Libre Caslon Text,Latin,305,548,1.2950819672131149,1.23,2,False,False,True,True,False
AsapCondensed-BoldItalic.ttf,Asap Condensed,Latin,439,790,1.7403189066059226,1.146,3,True,False,True,True,False
AsapCondensed-BlackItalic.ttf,Asap Condensed Condensed Black,Latin,439,790,1.7403189066059226,1.146,3,True,False,True,True,False
AsapCondensed-Regular.ttf,Asap Condensed,Latin,439,790,1.5922551252847381,1.146,3,True,False,True,True,False
AsapCondensed-ExtraLight.ttf,Asap Condensed ExtraLight,Latin,439,790,1.5922551252847381,1.146,3,True,False,True,True,False
AsapCondensed-ExtraLightItalic.ttf,Asap Condensed Condensed ExtraLight,Latin,439,790,1.7403189066059226,1.146,3,True,False,True,True,False
AsapCondensed-ExtraBoldItalic.ttf,Asap Condensed Condensed ExtraBold,Latin,439,790,1.7403189066059226,1.146,3,True,False,True,True,False
AsapCondensed-Bold.ttf,Asap Condensed,Latin,439,790,1.5922551252847381,1.146,3,True,False,True,True,False
Tirra-ExtraBold.ttf,Tirra ExtraBold,Latin,170,452,1.2941176470588236,1.3701171875,3,False,False,True,True,True
Tirra-Regular.ttf,Tirra,Latin,170,452,1.2941176470588236,1.3701171875,3,False,False,True,True,True
Tirra-Medium.ttf,Tirra Medium,Latin,170,452,1.2941176470588236,1.3701171875,3,False,False,True,True,True
Tirra-Bold.ttf,Tirra,Latin,170,452,1.2941176470588236,1.3701171875,3,False,False,True,True,True
AsapCondensed-Black.ttf,Asap Condensed Black,Latin,439,790,1.5922551252847381,1.146,3,True,False,True,True,False
Tirra-Black.ttf,Tirra Black,Latin,170,452,1.2941176470588236,1.3701171875,3,False,False,True,True,True
Tirra-SemiBold.ttf,Tirra SemiBold,Latin,170,452,1.2941176470588236,1.3701171875,3,False,False,True,True,True
Sansita-Regular.ttf,Sansita,Latin,307,504,3.0977198697068404,1.2,2,False,False,True,True,False
Sansita-BlackItalic.ttf,Sansita,Latin,307,504,3.0977198697068404,1.2,2,False,False,True,True,False
AsapCondensed-Medium.ttf,Asap Condensed Medium,Latin,439,790,1.5922551252847381,1.146,3,True,False,True,True,False
AsapCondensed-Italic.ttf,Asap Condensed Condensed Regular,Latin,439,790,1.7403189066059226,1.146,3,True,False,True,True,False
LibreCaslonText-Italic[wght].ttf,Libre Caslon Text,Latin,306,554,1.2941176470588236,1.23,2,False,False,True,True,False
Sansita-ExtraBoldItalic.ttf,Sansita,Latin,307,504,3.0977198697068404,1.2,2,False,False,True,True,False
Sansita-Bold.ttf,Sansita,Latin,307,504,3.0977198697068404,1.2,2,False,False,True,True,False
Sansita-Italic.ttf,Sansita,Latin,307,504,3.0977198697068404,1.2,2,False,False,True,True,False
Sansita-ExtraBold.ttf,Sansita,Latin,307,504,3.0977198697068404,1.2,2,False,False,True,True,False
Sansita-BoldItalic.ttf,Sansita,Latin,307,504,3.0977198697068404,1.2,2,False,False,True,True,False
Sansita-Black.ttf,Sansita,Latin,307,504,3.0977198697068404,1.2,2,False,False,True,True,False
Inconsolata-UltraExpandedMedium.ttf,Inconsolata UltraExpanded Medium,Latin,468,964,1.4487179487179487,1.049,2,False,False,True,True,False
Inconsolata-SemiExpanded.ttf,Inconsolata SemiExpanded,Latin,468,964,1.4487179487179487,1.049,2,False,False,True,True,False
Inconsolata-UltraExpandedLight.ttf,Inconsolata UltraExpanded Light,Latin,468,964,1.4487179487179487,1.049,2,False,False,True,True,False
"Inconsolata[wdth,wght].ttf",Inconsolata,Latin,468,964,1.4487179487179487,1.049,2,False,False,True,True,False
Inconsolata-UltraCondensedBlack.ttf,Inconsolata UltraCondensed Black,Latin,468,964,1.4487179487179487,1.049,2,False,False,True,True,False
Inconsolata-UltraCondensedSemiBold.ttf,Inconsolata UltraCondensed SemiBold,Latin,468,964,1.4487179487179487,1.049,2,False,False,True,True,False
Inconsolata-UltraCondensedRegular.ttf,Inconsolata UltraCondensed,Latin,468,964,1.4487179487179487,1.049,2,False,False,True,True,False
Inconsolata-CondensedLight.ttf,Inconsolata Condensed Light,Latin,468,964,1.4487179487179487,1.049,2,False,False,True,True,False
Inconsolata-SemiExpandedMedium.ttf,Inconsolata SemiExpanded Medium,Latin,468,964,1.4487179487179487,1.049,2,False,False,True,True,False
Inconsolata-ExpandedExtraLight.ttf,Inconsolata Expanded ExtraLight,Latin,468,964,1.4487179487179487,1.049,2,False,False,True,True,False
Inconsolata-SemiBold.ttf,Inconsolata SemiBold,Latin,468,964,1.4487179487179487,1.049,2,False,False,True,True,False
Inconsolata-Medium.ttf,Inconsolata Medium,Latin,468,964,1.4487179487179487,1.049,2,False,False,True,True,False
Inconsolata-ExtraCondensedBold.ttf,Inconsolata ExtraCondensed Bold,Latin,468,964,1.4487179487179487,1.049,2,False,False,True,True,False
Inconsolata-ExtraCondensedRegular.ttf,Inconsolata ExtraCondensed,Latin,468,964,1.4487179487179487,1.049,2,False,False,True,True,False
Inconsolata-SemiExpandedBold.ttf,Inconsolata SemiExpanded Bold,Latin,468,964,1.4487179487179487,1.049,2,False,False,True,True,False
Inconsolata-Black.ttf,Inconsolata Black,Latin,468,964,1.4487179487179487,1.049,2,False,False,True,True,False
Inconsolata-SemiCondensedSemiBold.ttf,Inconsolata SemiCondensed SemiBold,Latin,468,964,1.4487179487179487,1.049,2,False,False,True,True,False
Inconsolata-SemiExpandedSemiBold.ttf,Inconsolata SemiExpanded SemiBold,Latin,468,964,1.4487179487179487,1.049,2,False,False,True,True,False
Inconsolata-SemiCondensedBlack.ttf,Inconsolata SemiCondensed Black,Latin,468,964,1.4487179487179487,1.049,2,False,False,True,True,False
Inconsolata-SemiExpandedExtraBold.ttf,Inconsolata SemiExpanded ExtraBold,Latin,468,964,1.4487179487179487,1.049,2,False,False,True,True,False
Inconsolata-ExtraExpandedLight.ttf,Inconsolata ExtraExpanded Light,Latin,468,964,1.4487179487179487,1.049,2,False,False,True,True,False
Inconsolata-ExtraCondensedLight.ttf,Inconsolata ExtraCondensed Light,Latin,468,964,1.4487179487179487,1.049,2,False,False,True,True,False
Inconsolata-ExtraCondensedExtraBold.ttf,Inconsolata ExtraCondensed ExtraBold,Latin,468,964,1.4487179487179487,1.049,2,False,False,True,True,False
Inconsolata-CondensedRegular.ttf,Inconsolata Condensed,Latin,468,964,1.4487179487179487,1.049,2,False,False,True,True,False
Inconsolata-SemiExpandedExtraLight.ttf,Inconsolata SemiExpanded ExtraLight,Latin,468,964,1.4487179487179487,1.049,2,False,False,True,True,False
Inconsolata-ExpandedBlack.ttf,Inconsolata Expanded Black,Latin,468,964,1.4487179487179487,1.049,2,False,False,True,True,False
Inconsolata-UltraExpandedExtraBold.ttf,Inconsolata UltraExpanded ExtraBold,Latin,468,964,1.4487179487179487,1.049,2,False,False,True,True,False
Inconsolata-Expanded.ttf,Inconsolata Expanded,Latin,468,964,1.4487179487179487,1.049,2,False,False,True,True,False
Inconsolata-UltraExpandedExtraLight.ttf,Inconsolata UltraExpanded ExtraLight,Latin,468,964,1.4487179487179487,1.049,2,False,False,True,True,False
Inconsolata-SemiExpandedBlack.ttf,Inconsolata SemiExpanded Black,Latin,468,964,1.4487179487179487,1.049,2,False,False,True,True,False
Inconsolata-UltraCondensedBold.ttf,Inconsolata UltraCondensed Bold,Latin,468,964,1.4487179487179487,1.049,2,False,False,True,True,False
Inconsolata-ExpandedLight.ttf,Inconsolata Expanded Light,Latin,468,964,1.4487179487179487,1.049,2,False,False,True,True,False
Inconsolata-Condensed.ttf,Inconsolata Condensed,Latin,468,964,1.4487179487179487,1.049,2,False,False,True,True,False
PlaywriteCU[wght].ttf,Playwrite CU,Latin,365,1274,1.7397260273972603,2.192,2,True,False,False,True,False
Inconsolata-UltraExpandedRegular.ttf,Inconsolata UltraExpanded,Latin,468,964,1.4487179487179487,1.049,2,False,False,True,True,False
Inconsolata-ExpandedSemiBold.ttf,Inconsolata Expanded SemiBold,Latin,468,964,1.4487179487179487,1.049,2,False,False,True,True,False
Inconsolata-ExtraLight.ttf,Inconsolata ExtraLight,Latin,468,964,1.4487179487179487,1.049,2,False,False,True,True,False
Inconsolata-CondensedExtraBold.ttf,Inconsolata Condensed ExtraBold,Latin,468,964,1.4487179487179487,1.049,2,False,False,True,True,False
Inconsolata-SemiExpandedLight.ttf,Inconsolata SemiExpanded Light,Latin,468,964,1.4487179487179487,1.049,2,False,False,True,True,False
Inconsolata-Bold.ttf,Inconsolata Bold,Latin,468,964,1.4487179487179487,1.049,2,False,False,True,True,False
Inconsolata-UltraCondensed.ttf,Inconsolata UltraCondensed,Latin,468,964,1.4487179487179487,1.049,2,False,False,True,True,False
Inconsolata-CondensedSemiBold.ttf,Inconsolata Condensed SemiBold,Latin,468,964,1.4487179487179487,1.049,2,False,False,True,True,False
Inconsolata-CondensedMedium.ttf,Inconsolata Condensed Medium,Latin,468,964,1.4487179487179487,1.049,2,False,False,True,True,False
Inconsolata-ExtraExpandedBlack.ttf,Inconsolata ExtraExpanded Black,Latin,468,964,1.4487179487179487,1.049,2,False,False,True,True,False
Inconsolata-ExtraCondensedBlack.ttf,Inconsolata ExtraCondensed Black,Latin,468,964,1.4487179487179487,1.049,2,False,False,True,True,False
Inconsolata-ExtraExpanded.ttf,Inconsolata ExtraExpanded,Latin,468,964,1.4487179487179487,1.049,2,False,False,True,True,False
Inconsolata-SemiExpandedRegular.ttf,Inconsolata SemiExpanded,Latin,468,964,1.4487179487179487,1.049,2,False,False,True,True,False
Inconsolata-ExtraExpandedMedium.ttf,Inconsolata ExtraExpanded Medium,Latin,468,964,1.4487179487179487,1.049,2,False,False,True,True,False
Inconsolata-SemiCondensedExtraLight.ttf,Inconsolata SemiCondensed ExtraLight,Latin,468,964,1.4487179487179487,1.049,2,False,False,True,True,False
Inconsolata-UltraExpanded.ttf,Inconsolata UltraExpanded,Latin,468,964,1.4487179487179487,1.049,2,False,False,True,True,False
Inconsolata-ExtraCondensedSemiBold.ttf,Inconsolata ExtraCondensed SemiBold,Latin,468,964,1.4487179487179487,1.049,2,False,False,True,True,False
Inconsolata-UltraExpandedBold.ttf,Inconsolata UltraExpanded Bold,Latin,468,964,1.4487179487179487,1.049,2,False,False,True,True,False
Inconsolata-ExtraCondensedMedium.ttf,Inconsolata ExtraCondensed Medium,Latin,468,964,1.4487179487179487,1.049,2,False,False,True,True,False
Inconsolata-SemiCondensedMedium.ttf,Inconsolata SemiCondensed Medium,Latin,468,964,1.4487179487179487,1.049,2,False,False,True,True,False
Inconsolata-ExtraExpandedExtraBold.ttf,Inconsolata ExtraExpanded ExtraBold,Latin,468,964,1.4487179487179487,1.049,2,False,False,True,True,False
Inconsolata-UltraExpandedSemiBold.ttf,Inconsolata UltraExpanded SemiBold,Latin,468,964,1.4487179487179487,1.049,2,False,False,True,True,False
Inconsolata-ExtraExpandedRegular.ttf,Inconsolata ExtraExpanded,Latin,468,964,1.4487179487179487,1.049,2,False,False,True,True,False
Inconsolata-SemiCondensed.ttf,Inconsolata SemiCondensed,Latin,468,964,1.4487179487179487,1.049,2,False,False,True,True,False
Inconsolata-ExtraBold.ttf,Inconsolata ExtraBold,Latin,468,964,1.4487179487179487,1.049,2,False,False,True,True,False
Inconsolata-ExpandedExtraBold.ttf,Inconsolata Expanded ExtraBold,Latin,468,964,1.4487179487179487,1.049,2,False,False,True,True,False
Inconsolata-SemiCondensedRegular.ttf,Inconsolata SemiCondensed,Latin,468,964,1.4487179487179487,1.049,2,False,False,True,True,False
Inconsolata-UltraCondensedExtraBold.ttf,Inconsolata UltraCondensed ExtraBold,Latin,468,964,1.4487179487179487,1.049,2,False,False,True,True,False
Inconsolata-SemiCondensedExtraBold.ttf,Inconsolata SemiCondensed ExtraBold,Latin,468,964,1.4487179487179487,1.049,2,False,False,True,True,False
Inconsolata-UltraCondensedExtraLight.ttf,Inconsolata UltraCondensed ExtraLight,Latin,468,964,1.4487179487179487,1.049,2,False,False,True,True,False
Inconsolata-CondensedBlack.ttf,Inconsolata Condensed Black,Latin,468,964,1.4487179487179487,1.049,2,False,False,True,True,False
Inconsolata-ExpandedRegular.ttf,Inconsolata Expanded,Latin,468,964,1.4487179487179487,1.049,2,False,False,True,True,False
Inconsolata-SemiCondensedLight.ttf,Inconsolata SemiCondensed Light,Latin,468,964,1.4487179487179487,1.049,2,False,False,True,True,False
Inconsolata-ExtraCondensedExtraLight.ttf,Inconsolata ExtraCondensed ExtraLight,Latin,468,964,1.4487179487179487,1.049,2,False,False,True,True,False
Inconsolata-ExpandedMedium.ttf,Inconsolata Expanded Medium,Latin,468,964,1.4487179487179487,1.049,2,False,False,True,True,False
Inconsolata-Light.ttf,Inconsolata Light,Latin,468,964,1.4487179487179487,1.049,2,False,False,True,True,False
Inconsolata-CondensedBold.ttf,Inconsolata Condensed Bold,Latin,468,964,1.4487179487179487,1.049,2,False,False,True,True,False
Inconsolata-ExtraExpandedSemiBold.ttf,Inconsolata ExtraExpanded SemiBold,Latin,468,964,1.4487179487179487,1.049,2,False,False,True,True,False
Inconsolata-ExtraExpandedExtraLight.ttf,Inconsolata ExtraExpanded ExtraLight,Latin,468,964,1.4487179487179487,1.049,2,False,False,True,True,False
Inconsolata-Regular.ttf,Inconsolata,Latin,468,964,1.4487179487179487,1.049,2,False,False,True,True,False
Inconsolata-ExtraCondensed.ttf,Inconsolata ExtraCondensed,Latin,468,964,1.4487179487179487,1.049,2,False,False,True,True,False
Inconsolata-ExpandedBold.ttf,Inconsolata Expanded Bold,Latin,468,964,1.4487179487179487,1.049,2,False,False,True,True,False
Inconsolata-UltraCondensedMedium.ttf,Inconsolata UltraCondensed Medium,Latin,468,964,1.4487179487179487,1.049,2,False,False,True,True,False
Ligconsolata-Regular.ttf,Ligconsolata,Latin,468,964,1.4487179487179487,1.049,2,False,False,True,True,False
Inconsolata-SemiCondensedBold.ttf,Inconsolata SemiCondensed Bold,Latin,468,964,1.4487179487179487,1.049,2,False,False,True,True,False
Ligconsolata-Bold.ttf,Ligconsolata,Latin,468,964,1.4487179487179487,1.049,2,False,False,True,True,False
Inconsolata-UltraExpandedBlack.ttf,Inconsolata UltraExpanded Black,Latin,468,964,1.4487179487179487,1.049,2,False,False,True,True,False
Inconsolata-ExtraExpandedBold.ttf,Inconsolata ExtraExpanded Bold,Latin,468,964,1.4487179487179487,1.049,2,False,False,True,True,False
Inconsolata-CondensedExtraLight.ttf,Inconsolata Condensed ExtraLight,Latin,468,964,1.4487179487179487,1.049,2,False,False,True,True,False
Inconsolata-UltraCondensedLight.ttf,Inconsolata UltraCondensed Light,Latin,468,964,1.4487179487179487,1.049,2,False,False,True,True,False
TitilliumWeb-Black.ttf,Titillium Web,Latin,262,456,1.0,1.521,0,False,False,False,False,False
NotoSansMarchen-Regular.ttf,Noto Sans Marchen,Latin,219,1068,1.5844748858447488,1.641,3,True,True,False,True,False
TitilliumWeb-Regular.ttf,Titillium Web,Latin,262,456,1.0,1.521,0,False,False,False,False,False
TitilliumWeb-Bold.ttf,Titillium Web,Latin,262,456,1.0,1.521,0,False,False,False,False,False
TitilliumWeb-SemiBold.ttf,Titillium Web,Latin,262,456,1.0,1.521,0,False,False,False,False,False
TitilliumWeb-ExtraLight.ttf,Titillium Web,Latin,262,456,1.0,1.521,0,False,False,False,False,False
TitilliumWeb-BoldItalic.ttf,Titillium Web,Latin,262,456,1.0,1.521,0,False,False,False,False,False
TitilliumWeb-ExtraLightItalic.ttf,Titillium Web,Latin,262,456,1.0,1.521,0,False,False,False,False,False
Dosis[wght].ttf,Dosis,Latin,351,561,1.1481481481481481,1.264,2,False,False,True,True,False
TitilliumWeb-LightItalic.ttf,Titillium Web,Latin,262,456,1.0,1.521,0,False,False,False,False,False
NotoSansOsage-Regular.ttf,Noto Sans Osage,Latin,231,416,1.147186147186147,1.362,1,False,False,False,True,False
Montaga-Regular.ttf,Montaga,Latin,140,246,1.0,1.232,0,False,False,False,False,False
TitilliumWeb-SemiBoldItalic.ttf,Titillium Web,Latin,262,456,1.0,1.521,0,False,False,False,False,False
PortLligatSans-Regular.ttf,Port Lligat Sans,Latin,127,266,1.0,1.071,0,False,False,False,False,False
Parkinsans[wght].ttf,Parkinsans Light,Latin,244,387,1.2950819672131149,1.4,2,False,False,True,True,False
TitilliumWeb-Light.ttf,Titillium Web,Latin,262,456,1.0,1.521,0,False,False,False,False,False
AguafinaScript-Regular.ttf,Aguafina Script,Latin,126,236,1.0,1.547,0,False,False,False,False,False
Sail-Regular.ttf,Sail,Latin,125,224,1.0,1.154,0,False,False,False,False,False
TitilliumWeb-Italic.ttf,Titillium Web,Latin,262,456,1.0,1.521,0,False,False,False,False,False
Spinnaker-Regular.ttf,Spinnaker,Latin,139,260,1.0,1.17529296875,0,False,False,False,False,False
GloriaHallelujah.ttf,Gloria Hallelujah,Latin,252,361,1.0,1.982421875,0,False,False,False,False,False
Engagement-Regular.ttf,Engagement,Latin,257,374,1.1478599221789882,1.23388671875,1,False,False,True,False,False
Onest[wght].ttf,Onest,Latin,257,534,1.7392996108949417,1.275,2,True,False,False,True,False
PlaywriteAUSAGuides-Regular.ttf,Playwrite AU SA Guides,Latin,365,1255,1.7397260273972603,1.905,2,True,False,False,True,False
RedditSans[wght].ttf,Reddit Sans,Latin,474,1079,1.59915611814346,1.298828125,2,False,False,True,True,False
PlaywriteDKUloopetGuides-Regular.ttf,Playwrite DK Uloopet Guides,Latin,365,1250,1.7397260273972603,1.65,2,True,False,False,True,False
RedditSans-Italic[wght].ttf,Reddit Sans,Latin,474,1064,1.59915611814346,1.298828125,2,False,False,True,True,False
MarckScript-Regular.ttf,Marck Script,Latin,255,445,1.0,1.249,0,False,False,False,False,False
PlaywriteESDecoGuides-Regular.ttf,Playwrite ES Deco Guides,Latin,365,1220,1.7397260273972603,1.932,2,True,False,False,True,False
Phudu[wght].ttf,Phudu Light,Latin,398,606,1.2964824120603016,1.225,1,False,False,False,True,False
TASAOrbiter[wght].ttf,TASA Orbiter,Latin,277,698,1.148014440433213,1.2,1,False,False,False,True,False
CormorantUnicase-Medium.ttf,Cormorant Unicase Medium,Latin,471,3203,6.647558386411889,1.211,3,True,False,False,True,True
CormorantUnicase-Bold.ttf,Cormorant Unicase,Latin,471,3203,6.647558386411889,1.211,3,True,False,False,True,True
CormorantUnicase-SemiBold.ttf,Cormorant Unicase SemiBold,Latin,471,3203,6.647558386411889,1.211,3,True,False,False,True,True
CormorantUnicase-Light.ttf,Cormorant Unicase Light,Latin,471,3203,6.647558386411889,1.211,3,True,False,False,True,True
Orienta-Regular.ttf,Orienta,Latin,263,445,1.4448669201520912,1.195,2,False,False,True,True,False
Homenaje-Regular.ttf,Homenaje,Latin,141,240,1.0,1.096,0,False,False,False,False,False
MrDeHaviland-Regular.ttf,Mr De Haviland,Latin,126,235,1.0,1.317,0,False,False,False,False,False
Voces-Regular.ttf,Voces,Latin,372,681,1.739247311827957,1.349,2,False,False,True,True,False
NovaScript-Regular.ttf,Nova Script,Latin,279,421,1.0,1.20703125,0,False,False,False,False,False
Piedra-Regular.ttf,Piedra,Latin,126,237,1.0,1.301,0,False,False,False,False,False
CormorantUnicase-Regular.ttf,Cormorant Unicase,Latin,471,3203,6.647558386411889,1.211,3,True,False,False,True,True
Enriqueta-Medium.ttf,Enriqueta,Latin,279,425,3.939068100358423,1.338,2,False,False,True,True,False
Enriqueta-Bold.ttf,Enriqueta,Latin,279,425,3.939068100358423,1.338,2,False,False,True,True,False
Enriqueta-SemiBold.ttf,Enriqueta,Latin,279,425,3.939068100358423,1.338,2,False,False,True,True,False
Enriqueta-Regular.ttf,Enriqueta,Latin,279,425,3.939068100358423,1.338,2,False,False,True,True,False
Forum-Regular.ttf,Forum,Latin,280,584,1.0,1.104,0,False,False,False,False,False
"BigShouldersInline[opsz,wght].ttf",Big Shoulders Inline Thin,Latin,485,1075,1.445360824742268,1.2,2,False,False,True,True,False
Revalia-Regular.ttf,Revalia,Latin,120,221,1.0,1.234375,0,False,False,False,False,False
NotoSansBamum[wght].ttf,Noto Sans Bamum,Latin,229,996,1.148471615720524,1.362,1,False,False,False,True,False
LilyScriptOne-Regular.ttf,Lily Script One,Latin,127,252,1.0,1.376,0,False,False,False,False,False
EagleLake-Regular.ttf,Eagle Lake,Latin,256,370,1.1484375,1.63330078125,1,False,False,True,False,False
Questrial-Regular.ttf,Questrial,Latin,717,1351,1.596931659693166,1.03,2,False,False,True,True,False
YsabeauInfant-Italic[wght].ttf,Ysabeau Infant,Latin,445,1364,1.7415730337078652,1.343,3,True,False,True,True,False
ElmsSans[wght].ttf,Elms Sans Thin,Latin,697,1080,1.2984218077474892,1.3,2,False,False,True,True,False
YsabeauInfant[wght].ttf,Ysabeau Infant,Latin,445,1878,1.7415730337078652,1.343,3,True,False,True,True,False
LoveYaLikeASister.ttf,Love Ya Like A Sister,Latin,247,355,1.0,1.2451171875,0,False,False,False,False,False
ElmsSans-Italic[wght].ttf,Elms Sans Thin,Latin,697,1080,1.2984218077474892,1.3,2,False,False,True,True,False
FiraSansCondensed-BlackItalic.ttf,Fira Sans Condensed,Latin,727,2707,7.59697386519945,1.2,4,True,False,True,True,True
FlowBlock-Regular.ttf,Flow Block,Latin,501,800,1.0,1.2,0,False,False,False,False,False
"Trispace[wdth,wght].ttf",Trispace Thin,Latin,484,1151,1.4442148760330578,1.13,2,False,False,True,True,False
Kavoon-Regular.ttf,Kavoon,Latin,283,456,1.7420494699646643,1.25,2,False,False,True,True,False
AncizarSerif-Italic[wght].ttf,Ancizar Serif Light,Latin,374,1091,1.4491978609625669,1.2,2,False,False,True,True,False
ShortStack-Regular.ttf,Short Stack,Latin,141,279,1.0,1.2314453125,0,False,False,False,False,False
AncizarSerif[wght].ttf,Ancizar Serif Light,Latin,374,1091,1.4491978609625669,1.2,2,False,False,True,True,False
Bonbon-Regular.ttf,Bonbon,Latin,119,228,1.0,1.175,0,False,False,False,False,False
"DynaPuff[wdth,wght].ttf",DynaPuff,Latin,232,709,1.4396551724137931,1.2,3,True,False,True,True,False
MerriweatherSans-Italic[wght].ttf,Merriweather Sans,Latin,505,1174,1.4455445544554455,1.257,2,False,False,True,True,False
Risque-Regular.ttf,Risque,Latin,257,375,1.1478599221789882,1.15576171875,1,False,False,True,False,False
EncodeSansSemiExpanded-ExtraBold.ttf,Encode Sans Semi Expanded,Latin,473,1204,5.883720930232558,1.25,2,False,False,True,True,False
EncodeSansSemiExpanded-Thin.ttf,Encode Sans Semi Expanded,Latin,473,1204,5.883720930232558,1.25,2,False,False,True,True,False
EncodeSansSemiExpanded-ExtraLight.ttf,Encode Sans Semi Expanded,Latin,473,1204,5.883720930232558,1.25,2,False,False,True,True,False
MerriweatherSans[wght].ttf,Merriweather Sans,Latin,505,1173,1.4455445544554455,1.257,2,False,False,True,True,False
EncodeSansSemiExpanded-Bold.ttf,Encode Sans Semi Expanded,Latin,473,1204,5.883720930232558,1.25,2,False,False,True,True,False
Epilogue-Italic[wght].ttf,Epilogue,Latin,496,1148,1.4475806451612903,1.025,2,False,False,True,True,False
MeieScript-Regular.ttf,Meie Script,Latin,120,222,1.0,1.2666015625,0,False,False,False,False,False
EncodeSansSemiExpanded-Regular.ttf,Encode Sans Semi Expanded,Latin,473,1204,5.883720930232558,1.25,2,False,False,True,True,False
EncodeSansSemiExpanded-Medium.ttf,Encode Sans Semi Expanded,Latin,473,1204,5.883720930232558,1.25,2,False,False,True,True,False
LavishlyYours-Regular.ttf,Lavishly Yours,Latin,414,648,1.4492753623188406,1.6,2,False,False,True,True,False
EncodeSansSemiExpanded-SemiBold.ttf,Encode Sans Semi Expanded,Latin,473,1204,5.883720930232558,1.25,2,False,False,True,True,False
EncodeSansSemiExpanded-Black.ttf,Encode Sans Semi Expanded,Latin,473,1204,5.883720930232558,1.25,2,False,False,True,True,False
EncodeSansSemiExpanded-Light.ttf,Encode Sans Semi Expanded,Latin,473,1204,5.883720930232558,1.25,2,False,False,True,True,False
PlaypenSans[wght].ttf,Playpen Sans,Latin,589,3082,2.1952461799660443,1.51,3,True,False,True,True,False
FiraSansCondensed-ThinItalic.ttf,Fira Sans Condensed,Latin,727,2707,7.59697386519945,1.2,4,True,False,True,True,True
IosevkaCharonMono-BoldItalic.ttf,Iosevka Charon Mono,Latin,1021,11861,1.149853085210578,1.28,2,False,False,False,True,True
IosevkaCharonMono-Medium.ttf,Iosevka Charon Mono Medium,Latin,1021,11828,1.149853085210578,1.28,2,False,False,False,True,True
IosevkaCharonMono-Bold.ttf,Iosevka Charon Mono,Latin,1021,11828,1.149853085210578,1.28,2,False,False,False,True,True
IosevkaCharonMono-Italic.ttf,Iosevka Charon Mono,Latin,1021,11861,1.149853085210578,1.28,2,False,False,False,True,True
IosevkaCharonMono-MediumItalic.ttf,Iosevka Charon Mono Medium,Latin,1021,11861,1.149853085210578,1.28,2,False,False,False,True,True
IBMPlexSerif-ThinItalic.ttf,IBM Plex Serif Thin,Latin,358,836,1.888268156424581,1.3,2,False,False,True,True,False
IosevkaCharonMono-Regular.ttf,Iosevka Charon Mono,Latin,1021,11828,1.149853085210578,1.28,2,False,False,False,True,True
IBMPlexSerif-BoldItalic.ttf,IBM Plex Serif,Latin,358,836,1.888268156424581,1.3,2,False,False,True,True,False
IBMPlexSerif-Italic.ttf,IBM Plex Serif,Latin,358,836,1.888268156424581,1.3,2,False,False,True,True,False
IBMPlexSerif-ExtraLight.ttf,IBM Plex Serif ExtraLight,Latin,358,836,1.888268156424581,1.3,2,False,False,True,True,False
IBMPlexSerif-Regular.ttf,IBM Plex Serif,Latin,358,836,1.888268156424581,1.3,2,False,False,True,True,False
IBMPlexSerif-ExtraLightItalic.ttf,IBM Plex Serif ExtraLight,Latin,358,836,1.888268156424581,1.3,2,False,False,True,True,False
IBMPlexSerif-SemiBoldItalic.ttf,IBM Plex Serif SemiBold,Latin,358,836,1.888268156424581,1.3,2,False,False,True,True,False
IBMPlexSerif-Thin.ttf,IBM Plex Serif Thin,Latin,358,836,1.888268156424581,1.3,2,False,False,True,True,False
IBMPlexSerif-MediumItalic.ttf,IBM Plex Serif Medium,Latin,358,836,1.888268156424581,1.3,2,False,False,True,True,False
HappyMonkey-Regular.ttf,Happy Monkey,Latin,124,220,1.0,1.205,0,False,False,False,False,False
IBMPlexSerif-SemiBold.ttf,IBM Plex Serif SemiBold,Latin,358,836,1.888268156424581,1.3,2,False,False,True,True,False
IBMPlexSerif-Bold.ttf,IBM Plex Serif,Latin,358,836,1.888268156424581,1.3,2,False,False,True,True,False
Michroma-Regular.ttf,Michroma,Latin,350,498,1.4457142857142857,1.421875,2,False,False,True,True,False
IBMPlexSerif-Medium.ttf,IBM Plex Serif Medium,Latin,358,836,1.888268156424581,1.3,2,False,False,True,True,False
IBMPlexSerif-LightItalic.ttf,IBM Plex Serif Light,Latin,358,836,1.888268156424581,1.3,2,False,False,True,True,False
ArsenalSC-BoldItalic.ttf,Arsenal SC,Latin,303,1031,1.5940594059405941,1.254,2,False,False,True,True,False
Alike-Regular.ttf,Alike,Latin,229,366,1.148471615720524,1.254,1,False,False,False,True,False
ArsenalSC-Italic.ttf,Arsenal SC,Latin,303,1031,1.5940594059405941,1.254,2,False,False,True,True,False
IBMPlexSerif-Light.ttf,IBM Plex Serif Light,Latin,358,836,1.888268156424581,1.3,2,False,False,True,True,False
BungeeInline-Regular.ttf,Bungee Inline,Latin,415,1063,1.1421686746987951,1.32,2,False,False,True,True,False
UnicaOne-Regular.ttf,Unica One,Latin,403,645,1.446650124069479,1.182,2,False,False,True,True,False
Felipa-Regular.ttf,Felipa,Latin,148,277,1.0,1.285,0,False,False,False,False,False
AbrilFatface-Regular.ttf,Abril Fatface,Latin,264,425,1.4431818181818181,1.349,2,True,False,True,False,False
ArsenalSC-Regular.ttf,Arsenal SC,Latin,303,1041,1.5940594059405941,1.254,2,False,False,True,True,False
Updock-Regular.ttf,Updock,Latin,414,636,1.748792270531401,1.25,3,True,False,True,True,False
ArsenalSC-Bold.ttf,Arsenal SC,Latin,303,1041,1.5940594059405941,1.254,2,False,False,True,True,False
Gidole-Regular.ttf,Gidole,Latin,417,921,1.4460431654676258,1.23046875,3,False,False,True,True,True
Nunito[wght].ttf,Nunito ExtraLight,Latin,486,1103,1.5925925925925926,1.364,3,True,False,True,True,False
Nunito-Italic[wght].ttf,Nunito ExtraLight,Latin,486,1103,1.5925925925925926,1.364,3,True,False,True,True,False
IosevkaCharonMono-Light.ttf,Iosevka Charon Mono Light,Latin,1021,11828,1.149853085210578,1.28,2,False,False,False,True,True
Andika-Bold.ttf,Andika,Latin,1001,3775,1.4495504495504496,1.611328125,3,False,False,True,True,True
IosevkaCharonMono-LightItalic.ttf,Iosevka Charon Mono Light,Latin,1021,11861,1.149853085210578,1.28,2,False,False,False,True,True
Lacquer-Regular.ttf,Lacquer,Latin,133,445,1.1428571428571428,1.2,1,False,False,False,True,False
DeliusUnicase-Bold.ttf,Delius Unicase,Latin,142,257,1.0,1.283,0,False,False,False,False,False
DeliusUnicase-Regular.ttf,Delius Unicase,Latin,142,257,1.0,1.252,0,False,False,False,False,False
ModernAntiqua-Regular.ttf,Modern Antiqua,Latin,251,395,1.0,1.13427734375,0,False,False,False,False,False
B612Mono-Bold.ttf,B612 Mono,Latin,122,590,1.0,1.215,0,False,False,False,False,False
B612Mono-Italic.ttf,B612 Mono,Latin,122,590,1.0,1.215,0,False,False,False,False,False
B612Mono-BoldItalic.ttf,B612 Mono,Latin,122,590,1.0,1.215,0,False,False,False,False,False
Andika-BoldItalic.ttf,Andika,Latin,1001,3775,1.4495504495504496,1.611328125,3,False,False,True,True,True
B612Mono-Regular.ttf,B612 Mono,Latin,122,590,1.0,1.215,0,False,False,False,False,False
MissFajardose-Regular.ttf,Miss Fajardose,Latin,126,236,1.0,1.248,0,False,False,False,False,False
Andika-Italic.ttf,Andika,Latin,1001,3775,1.4495504495504496,1.611328125,3,False,False,True,True,True
KodeMono[wght].ttf,Kode Mono,Latin,221,488,1.2986425339366516,1.28,3,True,False,False,True,True
BethEllen-Regular.ttf,Beth Ellen,Latin,119,254,1.1428571428571428,2.22,1,False,False,True,False,False
Ewert-Regular.ttf,Ewert,Latin,120,222,1.0,1.243,0,False,False,False,False,False
Chango-Regular.ttf,Chango,Latin,145,273,1.0,1.211,0,False,False,False,False,False
Sancreek-Regular.ttf,Sancreek,Latin,277,417,1.4368231046931408,1.3876953125,2,False,False,True,True,False
Telex-Regular.ttf,Telex,Latin,144,269,1.4375,1.205,2,False,False,True,True,False
EduAUVICWANTDots[wght].ttf,Edu AU VIC WA NT Dots,Latin,52,65,1.0,1.7395,0,False,False,False,False,False
NuosuSIL-Regular.ttf,Nuosu SIL,Latin,125,1612,1.0,1.318359375,1,False,False,False,False,True
PlaywriteUSModern[wght].ttf,Playwrite US Modern,Latin,365,1284,1.7397260273972603,1.792,2,True,False,False,True,False
Gorditas-Regular.ttf,Gorditas,Latin,124,222,1.0,1.213,0,False,False,False,False,False
Andika-Regular.ttf,Andika,Latin,1001,3775,1.4495504495504496,1.611328125,3,False,False,True,True,True
PT_Sans-Web-Italic.ttf,PT Sans,Latin,233,721,2.7510729613733904,1.294,1,False,False,True,False,False
"Inter-Italic[opsz,wght].ttf",Inter,Latin,798,2897,1.4473684210526316,1.2099609375,4,True,False,True,True,True
"Inter[opsz,wght].ttf",Inter,Latin,798,2933,1.4473684210526316,1.2099609375,4,True,False,True,True,True
Neuton-Regular.ttf,Neuton,Latin,130,308,1.0,1.26513671875,0,False,False,False,False,False
Neuton-Bold.ttf,Neuton,Latin,130,308,1.0,1.26513671875,0,False,False,False,False,False
PT_Sans-Web-Regular.ttf,PT Sans,Latin,233,720,2.7510729613733904,1.294,1,False,False,True,False,False
Neuton-ExtraLight.ttf,Neuton,Latin,130,308,1.0,1.26513671875,0,False,False,False,False,False
Neuton-Italic.ttf,Neuton,Latin,130,310,1.0,1.26513671875,0,False,False,False,False,False
Neuton-Light.ttf,Neuton,Latin,130,308,1.0,1.26513671875,0,False,False,False,False,False
Neuton-ExtraBold.ttf,Neuton,Latin,130,308,1.0,1.26513671875,0,False,False,False,False,False
PT_Sans-Web-Bold.ttf,PT Sans,Latin,233,720,2.7510729613733904,1.294,1,False,False,True,False,False
PT_Sans-Web-BoldItalic.ttf,PT Sans,Latin,233,721,2.7510729613733904,1.294,1,False,False,True,False,False
Oswald[wght].ttf,Oswald,Latin,437,883,1.5949656750572083,1.482,2,False,False,True,True,False
Gorditas-Bold.ttf,Gorditas,Latin,124,220,1.0,1.213,0,False,False,False,False,False
MavenPro[wght].ttf,Maven Pro,Latin,479,730,1.2964509394572026,1.175,2,False,False,True,True,False
AlegreyaSC-ExtraBoldItalic.ttf,Alegreya SC,Latin,487,1575,5.496919917864476,1.361,2,False,False,True,True,False
AlegreyaSC-Black.ttf,Alegreya SC,Latin,487,1569,5.496919917864476,1.361,2,False,False,True,True,False
AlegreyaSC-Italic.ttf,Alegreya SC,Latin,487,1575,5.496919917864476,1.361,2,False,False,True,True,False
AlegreyaSC-ExtraBold.ttf,Alegreya SC,Latin,487,1569,5.496919917864476,1.361,2,False,False,True,True,False
AlegreyaSC-MediumItalic.ttf,Alegreya SC,Latin,487,1575,5.496919917864476,1.361,2,False,False,True,True,False
PuppiesPlay-Regular.ttf,Puppies Play,Latin,414,633,1.577294685990338,1.0,2,False,False,True,True,False
Lekton-Italic.ttf,Lekton,Latin,110,205,1.0,1.0,0,False,False,False,False,False
Lekton-Regular.ttf,Lekton,Latin,253,950,1.5849802371541502,1.0,2,True,False,True,False,False
Lekton-Bold.ttf,Lekton,Latin,253,950,1.5849802371541502,1.0,2,True,False,True,False,False
AlegreyaSC-Bold.ttf,Alegreya SC,Latin,487,1569,5.496919917864476,1.361,2,False,False,True,True,False
AlegreyaSC-BoldItalic.ttf,Alegreya SC,Latin,487,1575,5.496919917864476,1.361,2,False,False,True,True,False
AlegreyaSC-Medium.ttf,Alegreya SC,Latin,487,1569,5.496919917864476,1.361,2,False,False,True,True,False
AlegreyaSC-BlackItalic.ttf,Alegreya SC,Latin,487,1575,5.496919917864476,1.361,2,False,False,True,True,False
"Anybody[wdth,wght].ttf",Anybody Thin,Latin,485,785,1.445360824742268,1.035,2,False,False,True,True,False
DMMono-Light.ttf,DM Mono Light,Latin,244,411,1.1475409836065573,1.302,1,False,False,False,True,False
DMMono-MediumItalic.ttf,DM Mono Medium,Latin,244,411,1.1475409836065573,1.302,1,False,False,False,True,False
DMMono-Medium.ttf,DM Mono Medium,Latin,244,411,1.1475409836065573,1.302,1,False,False,False,True,False
DMMono-Regular.ttf,DM Mono,Latin,244,411,1.1475409836065573,1.302,1,False,False,False,True,False
"MPLUSCodeLatin[wdth,wght].ttf",M PLUS Code Latin,Latin,404,740,1.1485148514851484,1.235,1,False,False,False,True,False
DMMono-Italic.ttf,DM Mono,Latin,244,411,1.1475409836065573,1.302,1,False,False,False,True,False
DMMono-LightItalic.ttf,DM Mono Light,Latin,244,411,1.1475409836065573,1.302,1,False,False,False,True,False
Handlee-Regular.ttf,Handlee,Latin,113,204,1.0,1.334,0,False,False,False,False,False
ProstoOne-Regular.ttf,Prosto One,Latin,205,405,1.0,1.235,0,False,False,False,False,False
"Anybody-Italic[wdth,wght].ttf",Anybody Thin,Latin,485,785,1.445360824742268,1.035,2,False,False,True,True,False
SansitaSwashed[wght].ttf,Sansita Swashed Light,Latin,427,1192,1.7494145199063231,1.2,4,True,False,True,True,True
Yarndings12-Regular.ttf,Yarndings 12,Latin,52,95,1.0,1.0,0,False,False,False,False,False
NotoSansPsalterPahlavi-Regular.ttf,Noto Sans Psalter Pahlavi,Latin,219,418,1.730593607305936,1.291,3,True,False,False,True,True
PlaywriteAUNSWGuides-Regular.ttf,Playwrite AU NSW Guides,Latin,365,1251,1.7397260273972603,1.932,2,True,False,False,True,False
Dorsa-Regular.ttf,Dorsa,Latin,119,211,1.0,1.057,0,False,False,False,False,False
LuxuriousScript-Regular.ttf,Luxurious Script,Latin,414,1287,1.8719806763285025,1.2,3,True,False,True,True,False
PlaywriteCZ[wght].ttf,Playwrite CZ,Latin,365,1313,1.5917808219178082,1.899,2,True,False,False,True,False
KellySlab-Regular.ttf,Kelly Slab,Latin,255,453,1.0,1.212,0,False,False,False,False,False
NotoSansBuhid-Regular.ttf,Noto Sans Buhid,Latin,231,379,1.2943722943722944,1.362,1,False,False,False,True,False
Domine[wght].ttf,Domine,Latin,304,477,1.444078947368421,1.14,2,False,False,True,True,False
BigShouldersInlineText[wght].ttf,Big Shoulders Inline Text Thin,Latin,484,1074,1.5950413223140496,1.197,2,False,False,True,True,False
Audiowide-Regular.ttf,Audiowide,Latin,257,369,1.1478599221789882,1.27490234375,1,False,False,True,False,False
NotoSansSamaritan-Regular.ttf,Noto Sans Samaritan,Latin,231,403,1.2943722943722944,1.362,2,True,False,False,True,False
Silkscreen-Regular.ttf,Silkscreen,Latin,124,228,1.0,1.28,1,False,False,False,True,False
Silkscreen-Bold.ttf,Silkscreen,Latin,124,228,1.0,1.28,1,False,False,False,True,False
AlegreyaSC-Regular.ttf,Alegreya SC,Latin,487,1569,5.496919917864476,1.361,2,False,False,True,True,False
"MozillaHeadline[wdth,wght].ttf",Mozilla Headline ExtraLight,Latin,232,495,1.4396551724137931,1.2,2,False,False,True,True,False
CaesarDressing-Regular.ttf,Caesar Dressing,Latin,127,229,1.0,1.2138671875,0,False,False,False,False,False
RedditSansCondensed[wght].ttf,Reddit Sans Condensed,Latin,474,1079,1.59915611814346,1.298828125,2,False,False,True,True,False
CossetteTitre-Bold.ttf,Cossette Titre,Latin,223,371,1.147982062780269,1.21,2,False,False,True,True,False
Varta[wght].ttf,Varta Light,Latin,442,801,1.5972850678733033,1.4501953125,2,False,False,True,True,False
PlaywriteISGuides-Regular.ttf,Playwrite IS Guides,Latin,365,1245,1.7397260273972603,1.65,2,True,False,False,True,False
PlaywriteCO[wght].ttf,Playwrite CO,Latin,365,1270,1.7397260273972603,1.977,2,True,False,False,True,False
CossetteTitre-Regular.ttf,Cossette Titre,Latin,223,371,1.147982062780269,1.21,2,False,False,True,True,False
"BitcountPropSingle[CRSV,ELSH,ELXP,slnt,wght].ttf",Bitcount Prop Single,Latin,262,1991,1.297709923664122,1.2,3,True,False,True,True,False
AtkinsonHyperlegible-Regular.ttf,Atkinson Hyperlegible,Latin,205,369,1.146341463414634,1.24,1,False,False,False,True,False
AtkinsonHyperlegible-Bold.ttf,Atkinson Hyperlegible,Latin,205,369,1.146341463414634,1.24,1,False,False,False,True,False
AtkinsonHyperlegible-BoldItalic.ttf,Atkinson Hyperlegible,Latin,205,368,1.146341463414634,1.24,1,False,False,False,True,False
AtkinsonHyperlegible-Italic.ttf,Atkinson Hyperlegible,Latin,205,368,1.146341463414634,1.24,1,False,False,False,True,False
"BitcountPropSingleInk[CRSV,ELSH,ELXP,SZP1,SZP2,XPN1,XPN2,YPN1,YPN2,slnt,wght].ttf",Bitcount Prop Single Ink,Latin,262,1991,1.297709923664122,1.2,3,True,False,True,True,False
"BigShoulders[opsz,wght].ttf",Big Shoulders Thin,Latin,485,1075,1.445360824742268,1.2,2,False,False,True,True,False
AlfaSlabOne-Regular.ttf,Alfa Slab One,Latin,470,734,2.9361702127659575,1.369,2,False,False,True,True,False
RammettoOne-Regular.ttf,Rammetto One,Latin,260,384,1.3,1.68896484375,2,False,False,True,True,False
Staatliches-Regular.ttf,Staatliches,Latin,261,424,1.2988505747126438,1.25,2,False,False,True,True,False
Geom[wght].ttf,Geom,Latin,265,516,1.4377358490566037,1.25,2,False,False,True,True,False
PlaywriteESGuides-Regular.ttf,Playwrite ES Guides,Latin,365,1245,1.7397260273972603,1.932,2,True,False,False,True,False
BetaniaPatmosGuideLine-Regular.ttf,Betania Patmos GuideLine,Latin,134,1023,1.4477611940298507,1.3,3,True,False,True,True,False
Nosifer-Regular.ttf,Nosifer,Latin,236,337,1.0,1.740234375,0,False,False,False,False,False
MomoTrustSans[wght].ttf,Momo Trust Sans,Latin,315,452,1.1492063492063491,1.3,1,False,False,False,True,False
Griffy-Regular.ttf,Griffy,Latin,146,258,1.0,1.3505859375,0,False,False,False,False,False
PT_Serif-Web-Regular.ttf,PT Serif,Latin,233,719,2.7510729613733904,1.325,1,False,False,True,False,False
PT_Serif-Web-BoldItalic.ttf,PT Serif,Latin,233,719,2.7510729613733904,1.325,1,False,False,True,False,False
LibreBodoni[wght].ttf,Libre Bodoni,Latin,411,644,1.4452554744525548,1.25,2,False,False,True,True,False
Geom-Italic[wght].ttf,Geom,Latin,265,516,1.4377358490566037,1.25,2,False,False,True,True,False
PT_Serif-Web-Italic.ttf,PT Serif,Latin,233,719,2.7510729613733904,1.325,1,False,False,True,False,False
Mynerve-Regular.ttf,Mynerve,Latin,527,1015,1.7495256166982922,1.31,2,True,False,True,False,False
Coustard-Black.ttf,Coustard Black,Latin,241,361,1.2821576763485478,1.404296875,2,False,False,True,True,False
Coustard-Regular.ttf,Coustard,Latin,241,361,1.2821576763485478,1.404296875,2,False,False,True,True,False
"Workbench[BLED,SCAN].ttf",Workbench,Latin,119,237,1.0,1.0,0,False,False,False,False,False
LibreBodoni-Italic[wght].ttf,Libre Bodoni,Latin,411,644,1.4452554744525548,1.25,2,False,False,True,True,False
Ruluko-Regular.ttf,Ruluko,Latin,151,256,1.0,1.155,0,False,False,False,False,False
Mansalva-Regular.ttf,Mansalva,Latin,449,885,1.5968819599109132,1.578,2,True,False,True,False,False
PodkovaVFBeta.ttf,Podkova VF Beta,Latin,458,955,1.445414847161572,1.108,2,False,False,True,True,False
NationalPark[wght].ttf,National Park,Latin,402,798,1.4477611940298507,1.33,2,False,False,True,True,False
PT_Serif-Web-Bold.ttf,PT Serif,Latin,233,719,2.7510729613733904,1.325,1,False,False,True,False,False
OldStandard-Italic.ttf,Old Standard TT,Latin,462,938,3.24025974025974,1.236,2,False,False,True,True,False
OldStandard-Bold.ttf,Old Standard TT,Latin,462,940,4.136363636363637,1.236,2,False,False,True,True,False
OldStandard-Regular.ttf,Old Standard TT,Latin,462,940,4.136363636363637,1.236,2,False,False,True,True,False
PlaywriteIS[wght].ttf,Playwrite IS,Latin,365,1279,1.7397260273972603,1.65,2,True,False,False,True,False
PlaywriteCA[wght].ttf,Playwrite CA,Latin,365,1276,1.7397260273972603,1.923,2,True,False,False,True,False
IbarraRealNova[wght].ttf,Ibarra Real Nova,Latin,232,519,1.5862068965517242,1.25,2,False,False,True,True,False
Corben-Regular.ttf,Corben,Latin,238,356,1.1470588235294117,1.85302734375,1,False,False,True,False,False
IbarraRealNova-Italic[wght].ttf,Ibarra Real Nova,Latin,232,519,1.5862068965517242,1.25,2,False,False,True,True,False
OxygenMono-Regular.ttf,Oxygen Mono,Latin,243,362,1.0,1.31201171875,0,False,False,False,False,False
LexendZetta[wght].ttf,Lexend Zetta,Latin,482,850,1.5975103734439835,1.25,2,False,False,True,True,False
NotoSansLinearA-Regular.ttf,Noto Sans Linear A,Latin,229,726,1.445414847161572,1.362,1,False,False,False,True,False
BetaniaPatmosIn-Regular.ttf,Betania Patmos In,Latin,134,1023,1.4477611940298507,1.3,3,True,False,True,True,False
WinkySans[wght].ttf,Winky Sans,Latin,246,427,1.146341463414634,1.33,1,False,False,False,True,False
WinkySans-Italic[wght].ttf,Winky Sans,Latin,246,427,1.146341463414634,1.33,1,False,False,False,True,False
Corben-Bold.ttf,Corben,Latin,271,552,1.1476014760147601,1.85302734375,1,False,False,True,False,False
MooLahLah-Regular.ttf,Moo Lah Lah,Latin,414,634,1.429951690821256,1.22,2,False,False,True,True,False
Smythe-Regular.ttf,Smythe,Latin,160,274,1.0,1.15380859375,0,False,False,False,False,False
DidactGothic-Regular.ttf,Didact Gothic,Latin,512,1272,5.453125,1.311,2,False,False,True,True,False
Righteous-Regular.ttf,Righteous,Latin,256,372,1.0,1.24169921875,0,False,False,False,False,False
Kanchenjunga-Regular.ttf,Kanchenjunga,Latin,125,365,1.0,1.611328125,2,False,False,False,True,True
Kanchenjunga-Bold.ttf,Kanchenjunga,Latin,125,365,1.0,1.611328125,2,False,False,False,True,True
Kanchenjunga-Medium.ttf,Kanchenjunga Medium,Latin,125,365,1.0,1.611328125,2,False,False,False,True,True
Kanchenjunga-SemiBold.ttf,Kanchenjunga SemiBold,Latin,125,365,1.0,1.611328125,2,False,False,False,True,True
Chivo-Italic[wght].ttf,Chivo Medium,Latin,436,874,1.4472477064220184,1.19,3,False,False,True,True,True
Chivo[wght].ttf,Chivo Medium,Latin,436,875,1.4472477064220184,1.19,3,False,False,True,True,True
Exo2[wght].ttf,Exo 2,Latin,469,1033,1.4477611940298507,1.2,2,False,False,True,True,False
TurretRoad-Light.ttf,Turret Road,Latin,229,427,3.6724890829694323,1.093,2,False,False,True,True,False
TurretRoad-Bold.ttf,Turret Road,Latin,229,427,3.6724890829694323,1.093,2,False,False,True,True,False
TurretRoad-Medium.ttf,Turret Road,Latin,229,427,3.6724890829694323,1.093,2,False,False,True,True,False
TurretRoad-ExtraBold.ttf,Turret Road,Latin,229,427,3.6724890829694323,1.093,2,False,False,True,True,False
TurretRoad-ExtraLight.ttf,Turret Road,Latin,229,427,3.6724890829694323,1.093,2,False,False,True,True,False
Exo2-Italic[wght].ttf,Exo 2,Latin,469,1032,1.4477611940298507,1.2,2,False,False,True,True,False
Megrim.ttf,Megrim,Latin,249,352,1.0,1.09,0,False,False,False,False,False
NewAmsterdam-Regular.ttf,New Amsterdam,Latin,262,382,1.1488549618320612,1.2,1,False,False,False,True,False
TurretRoad-Regular.ttf,Turret Road,Latin,229,427,3.6724890829694323,1.093,2,False,False,True,True,False
Corinthia-Bold.ttf,Corinthia,Latin,418,788,1.7177033492822966,1.2,3,True,False,True,True,False
Corinthia-Regular.ttf,Corinthia,Latin,418,788,1.7177033492822966,1.2,3,True,False,True,True,False
Danfo[ELSH].ttf,Danfo,Latin,697,1160,1.2984218077474892,1.3,1,False,False,False,True,False
Metrophobic-Regular.ttf,Metrophobic,Latin,402,602,1.4477611940298507,1.23291015625,2,False,False,True,True,False
Grandstander[wght].ttf,Grandstander Thin,Latin,483,841,1.5962732919254659,0.9975,2,False,False,True,True,False
Grandstander-Italic[wght].ttf,Grandstander Thin,Latin,483,841,1.5962732919254659,0.9975,2,False,False,True,True,False
NovaSquare.ttf,Nova Square,Latin,279,421,1.0,1.20703125,0,False,False,False,False,False
NotoSansTagbanwa-Regular.ttf,Noto Sans Tagbanwa,Latin,231,364,1.147186147186147,1.362,0,False,False,False,False,False
PlaywriteITModernaGuides-Regular.ttf,Playwrite IT Moderna Guides,Latin,365,1245,1.7397260273972603,1.65,2,True,False,False,True,False
Geist-Italic[wght].ttf,Geist,Latin,354,975,1.4491525423728813,1.3,2,False,False,True,True,False
Geist[wght].ttf,Geist,Latin,354,975,1.4491525423728813,1.3,2,False,False,True,True,False
PlaywritePEGuides-Regular.ttf,Playwrite PE Guides,Latin,365,1226,1.7397260273972603,1.932,2,True,False,False,True,False
BowlbyOne-Regular.ttf,Bowlby One,Latin,155,293,1.0,1.56640625,0,False,False,False,False,False
FuzzyBubbles-Bold.ttf,Fuzzy Bubbles,Latin,414,623,1.429951690821256,1.25,2,False,False,True,True,False
FuzzyBubbles-Regular.ttf,Fuzzy Bubbles,Latin,414,623,1.429951690821256,1.25,2,False,False,True,True,False
Oregano-Italic.ttf,Oregano,Latin,257,372,1.1478599221789882,1.2900390625,1,False,False,True,False,False
PlaywriteGBJ[wght].ttf,Playwrite GB J,Latin,365,1281,1.7397260273972603,1.65,2,True,False,False,True,False
Rosarivo-Regular.ttf,Rosarivo,Latin,137,232,1.0,1.403,0,False,False,False,False,False
Rosarivo-Italic.ttf,Rosarivo,Latin,137,240,1.0,1.403,0,False,False,False,False,False
Oregano-Regular.ttf,Oregano,Latin,257,372,1.1478599221789882,1.291015625,1,False,False,True,False,False
PlaywriteGBJ-Italic[wght].ttf,Playwrite GB J,Latin,365,1281,1.7397260273972603,1.65,2,True,False,False,True,False
Inspiration-Regular.ttf,Inspiration,Latin,415,665,1.7228915662650603,1.27,3,True,False,True,True,False
NotoSansNewTaiLue[wght].ttf,Noto Sans New Tai Lue,Latin,229,442,1.445414847161572,1.362,1,False,False,False,True,False
PoltawskiNowy-Italic[wght].ttf,Poltawski Nowy,Latin,418,1007,1.444976076555024,1.3,2,False,False,True,True,False
PlaywriteARGuides-Regular.ttf,Playwrite AR Guides,Latin,365,1220,1.7397260273972603,2.079,2,True,False,False,True,False
"BitcountGridDoubleInk[CRSV,ELSH,ELXP,SZP1,SZP2,XPN1,XPN2,YPN1,YPN2,slnt,wght].ttf",Bitcount Grid Double Ink,Latin,262,709,1.297709923664122,1.2,3,True,False,True,True,False
Ysabeau-Italic[wght].ttf,Ysabeau,Latin,445,1484,1.7415730337078652,1.343,3,True,False,True,True,False
Jura[wght].ttf,Jura Light,Latin,417,1115,1.7434052757793765,1.183,3,True,False,True,True,False
Ysabeau[wght].ttf,Ysabeau,Latin,445,2048,1.7415730337078652,1.343,3,True,False,True,True,False
WixMadeforText-BoldItalic.ttf,Wix Madefor Text,Latin,236,481,1.1483050847457628,1.26,2,False,False,False,True,True
WixMadeforText-Bold.ttf,Wix Madefor Text,Latin,328,726,1.149390243902439,1.26,2,False,False,False,True,True
PoltawskiNowy[wght].ttf,Poltawski Nowy,Latin,418,1068,1.444976076555024,1.3,2,False,False,True,True,False
WixMadeforText-MediumItalic.ttf,Wix Madefor Text Medium,Latin,236,481,1.1483050847457628,1.26,2,False,False,False,True,True
WixMadeforText-Italic[wght].ttf,Wix Madefor Text,Latin,236,481,1.1483050847457628,1.26,2,False,False,False,True,True
WixMadeforText-SemiBold.ttf,Wix Madefor Text SemiBold,Latin,328,726,1.149390243902439,1.26,2,False,False,False,True,True
WixMadeforText-Medium.ttf,Wix Madefor Text Medium,Latin,328,726,1.149390243902439,1.26,2,False,False,False,True,True
WixMadeforText-ExtraBold.ttf,Wix Madefor Text ExtraBold,Latin,328,726,1.149390243902439,1.26,2,False,False,False,True,True
PlaywriteFRTrad[wght].ttf,Playwrite FR Trad,Latin,365,1282,1.7397260273972603,2.852,2,True,False,False,True,False
WixMadeforText-Italic.ttf,Wix Madefor Text,Latin,236,481,1.1483050847457628,1.26,2,False,False,False,True,True
WixMadeforText-SemiBoldItalic.ttf,Wix Madefor Text SemiBold,Latin,236,481,1.1483050847457628,1.26,2,False,False,False,True,True
WixMadeforText-Regular.ttf,Wix Madefor Text,Latin,328,726,1.149390243902439,1.26,2,False,False,False,True,True
ReenieBeanie.ttf,Reenie Beanie,Latin,199,318,1.0,1.0,0,False,False,False,False,False
Jacquard24-Regular.ttf,Jacquard 24,Latin,229,357,1.148471615720524,1.0,1,False,False,False,True,False
WixMadeforText[wght].ttf,Wix Madefor Text,Latin,328,726,1.149390243902439,1.26,2,False,False,False,True,True
Slabo13px-Regular.ttf,Slabo 13px,Latin,255,428,2.1921568627450982,1.2307692307692308,1,False,False,True,False,False
AllertaStencil-Regular.ttf,Allerta Stencil,Latin,120,217,1.0,1.2783203125,0,False,False,False,False,False
FascinateInline-Regular.ttf,Fascinate Inline,Latin,257,377,1.1478599221789882,1.326171875,1,False,False,True,False,False
WixMadeforText-ExtraBoldItalic.ttf,Wix Madefor Text ExtraBold,Latin,236,481,1.1483050847457628,1.26,2,False,False,False,True,True
Caudex-BoldItalic.ttf,Caudex,Latin,610,2017,1.0,1.2890625,1,False,False,False,False,True
Caudex-Bold.ttf,Caudex,Latin,610,2017,1.0,1.2890625,1,False,False,False,False,True
Caudex-Italic.ttf,Caudex,Latin,610,2017,1.0,1.2890625,1,False,False,False,False,True
NotoSansBuginese-Regular.ttf,Noto Sans Buginese,Latin,231,376,1.2943722943722944,1.362,2,False,False,True,True,False
Caudex-Regular.ttf,Caudex,Latin,610,2017,1.0,1.2890625,1,False,False,False,False,True
IMFeFCit28P.ttf,IM FELL French Canon,Latin,219,394,2.1598173515981736,1.1708984375,1,False,False,True,False,False
IMFeFCrm28P.ttf,IM FELL French Canon,Latin,219,368,2.1598173515981736,1.1708984375,1,False,False,True,False,False
Gabarito[wght].ttf,Gabarito,Latin,233,519,1.5836909871244635,1.2,3,True,False,True,True,False
"Pliant-Italic[wdth,wght].ttf",Pliant Thin,Latin,420,1207,1.4404761904761905,1.2,2,False,False,True,True,False
PlayfairDisplaySC-BoldItalic.ttf,Playfair Display SC,Latin,372,1074,6.32258064516129,1.333,3,True,False,True,True,False
EduAUVICWANTGuides[wght].ttf,Edu AU VIC WA NT Guides,Latin,259,822,1.4401544401544402,1.7395,3,True,False,True,True,False
"Pliant[wdth,wght].ttf",Pliant Thin,Latin,420,1207,1.4404761904761905,1.2,2,False,False,True,True,False
PlayfairDisplaySC-Black.ttf,Playfair Display SC,Latin,372,1076,6.32258064516129,1.333,3,True,False,True,True,False
PlayfairDisplaySC-Italic.ttf,Playfair Display SC,Latin,372,1074,6.32258064516129,1.333,3,True,False,True,True,False
Asul-Regular.ttf,Asul,Latin,140,244,1.0,1.213,0,False,False,False,False,False
Asul-Bold.ttf,Asul,Latin,140,244,1.0,1.213,0,False,False,False,False,False
PlayfairDisplaySC-Regular.ttf,Playfair Display SC,Latin,372,1076,6.32258064516129,1.333,3,True,False,True,True,False
PlayfairDisplaySC-Bold.ttf,Playfair Display SC,Latin,372,1076,6.32258064516129,1.333,3,True,False,True,True,False
NotoSansDuployan-Bold.ttf,Noto Sans Duployan,Latin,219,10729,2.461187214611872,1.362,3,False,True,True,True,False
JotiOne-Regular.ttf,Joti One,Latin,263,453,1.5931558935361216,1.334,2,False,False,True,True,False
PlayfairDisplaySC-BlackItalic.ttf,Playfair Display SC,Latin,372,1074,6.32258064516129,1.333,3,True,False,True,True,False
BungeeOutline-Regular.ttf,Bungee Outline,Latin,415,1063,1.1421686746987951,1.32,2,False,False,True,True,False
ZalandoSansExpanded[wght].ttf,Zalando Sans Expanded,Latin,342,606,1.4473684210526316,1.214,3,True,False,True,True,False
ZalandoSansExpanded-Italic[wght].ttf,Zalando Sans Expanded,Latin,342,606,1.4473684210526316,1.214,3,True,False,True,True,False
NotoSansDuployan-Regular.ttf,Noto Sans Duployan,Latin,219,10614,2.461187214611872,1.362,3,False,True,True,True,False
StyleScript-Regular.ttf,Style Script,Latin,338,1439,1.8875739644970415,1.52,3,True,False,True,True,False
MajorMonoDisplay-Regular.ttf,Major Mono Display,Latin,400,720,1.6,1.0,2,False,False,True,True,False
BowlbyOneSC-Regular.ttf,Bowlby One SC,Latin,218,375,1.0,1.525390625,0,False,False,False,False,False
MozillaText[wght].ttf,Mozilla Text ExtraLight,Latin,232,421,1.293103448275862,1.2,2,False,False,True,True,False
BigShouldersInlineDisplay[wght].ttf,Big Shoulders Inline Display Thin,Latin,484,1074,1.5950413223140496,1.197,2,False,False,True,True,False
Rowdies-Bold.ttf,Rowdies,Latin,407,639,1.5995085995085996,1.242,2,False,False,True,True,False
Rowdies-Light.ttf,Rowdies Light,Latin,407,639,1.5995085995085996,1.242,2,False,False,True,True,False
Rowdies-Regular.ttf,Rowdies,Latin,407,639,1.5995085995085996,1.242,2,False,False,True,True,False
SourceSans3-Italic[wght].ttf,Source Sans 3 ExtraLight,Latin,655,1998,1.448854961832061,1.424,3,False,False,True,True,True
Jacquard12-Regular.ttf,Jacquard 12,Latin,229,357,1.148471615720524,1.0,1,False,False,False,True,False
MrBedfort-Regular.ttf,Mr Bedfort,Latin,126,234,1.0,1.676,0,False,False,False,False,False
NotoSansMultani-Regular.ttf,Noto Sans Multani,Latin,231,390,1.147186147186147,1.362,1,False,False,False,True,False
CherrySwash-Regular.ttf,Cherry Swash,Latin,172,269,1.0,1.326,0,False,False,False,False,False
CherrySwash-Bold.ttf,Cherry Swash,Latin,172,269,1.0,1.326,0,False,False,False,False,False
IBMPlexMono-Thin.ttf,IBM Plex Mono Thin,Latin,375,1033,1.448,1.3,1,False,False,False,True,False
IBMPlexMono-Bold.ttf,IBM Plex Mono,Latin,375,1033,1.448,1.3,1,False,False,False,True,False
IBMPlexMono-MediumItalic.ttf,IBM Plex Mono Medium,Latin,375,1033,1.448,1.3,1,False,False,False,True,False
IBMPlexMono-BoldItalic.ttf,IBM Plex Mono,Latin,375,1033,1.448,1.3,1,False,False,False,True,False
IBMPlexMono-Medium.ttf,IBM Plex Mono Medium,Latin,375,1033,1.448,1.3,1,False,False,False,True,False
IBMPlexMono-ExtraLight.ttf,IBM Plex Mono ExtraLight,Latin,375,1033,1.448,1.3,1,False,False,False,True,False
IBMPlexMono-ExtraLightItalic.ttf,IBM Plex Mono ExtraLight,Latin,375,1033,1.448,1.3,1,False,False,False,True,False
IBMPlexMono-ThinItalic.ttf,IBM Plex Mono Thin,Latin,375,1033,1.448,1.3,1,False,False,False,True,False
IBMPlexMono-Regular.ttf,IBM Plex Mono,Latin,375,1033,1.448,1.3,1,False,False,False,True,False
IBMPlexMono-Light.ttf,IBM Plex Mono Light,Latin,375,1033,1.448,1.3,1,False,False,False,True,False
IBMPlexMono-Italic.ttf,IBM Plex Mono,Latin,375,1033,1.448,1.3,1,False,False,False,True,False
IBMPlexMono-SemiBold.ttf,IBM Plex Mono SemiBold,Latin,375,1033,1.448,1.3,1,False,False,False,True,False
IBMPlexMono-SemiBoldItalic.ttf,IBM Plex Mono SemiBold,Latin,375,1033,1.448,1.3,1,False,False,False,True,False
IBMPlexMono-LightItalic.ttf,IBM Plex Mono Light,Latin,375,1033,1.448,1.3,1,False,False,False,True,False
NotoSerifMakasar-Regular.ttf,Noto Serif Makasar,Latin,229,362,1.445414847161572,1.362,2,False,True,False,True,False
IngridDarling-Regular.ttf,Ingrid Darling,Latin,414,655,1.5990338164251208,1.24,3,True,False,True,True,False
NotoSansTirhuta-Regular.ttf,Noto Sans Tirhuta,Latin,231,597,1.7359307359307359,1.545,2,False,True,False,True,False
FaunaOne-Regular.ttf,Fauna One,Latin,263,459,1.4448669201520912,1.23,2,False,False,True,True,False
SupermercadoOne-Regular.ttf,Supermercado,Latin,270,425,1.0,1.197265625,0,False,False,False,False,False
MirandaSans-Italic[wght].ttf,Miranda Sans,Latin,285,460,1.4421052631578948,1.23,3,True,False,True,True,False
Redacted-Regular.ttf,Redacted,Latin,206,332,1.0,1.0,0,False,False,False,False,False
"Piazzolla-Italic[opsz,wght].ttf",Piazzolla Thin Italic,Latin,488,2330,1.598360655737705,1.42,3,True,False,True,True,False
MirandaSans[wght].ttf,Miranda Sans,Latin,285,460,1.4421052631578948,1.23,3,True,False,True,True,False
Genos-Italic[wght].ttf,Genos Thin,Latin,400,817,1.6,1.2,2,False,False,True,True,False
ShadowsIntoLightTwo-Regular.ttf,Shadows Into Light Two,Latin,251,356,0.9920318725099602,1.451171875,0,False,False,False,False,False
Festive-Regular.ttf,Festive,Latin,312,1441,1.7371794871794872,1.69,3,True,False,True,True,False
TenorSans-Regular.ttf,Tenor Sans,Latin,267,477,1.0,1.17,0,False,False,False,False,False
Genos[wght].ttf,Genos Thin,Latin,400,816,1.6,1.2,2,False,False,True,True,False
Bellota-Regular.ttf,Bellota,Latin,530,1308,5.918867924528302,1.258,2,False,False,True,True,False
Bellota-LightItalic.ttf,Bellota,Latin,530,1308,5.918867924528302,1.258,2,False,False,True,True,False
SpecialGothicCondensedOne-Regular.ttf,Special Gothic Condensed One,Latin,259,559,1.4401544401544402,1.3,2,False,False,True,True,False
Bellota-Italic.ttf,Bellota,Latin,530,1308,5.918867924528302,1.258,2,False,False,True,True,False
Bellota-Bold.ttf,Bellota,Latin,530,1308,5.918867924528302,1.258,2,False,False,True,True,False
Bellota-Light.ttf,Bellota,Latin,530,1308,5.918867924528302,1.258,2,False,False,True,True,False
Bellota-BoldItalic.ttf,Bellota,Latin,530,1308,5.918867924528302,1.258,2,False,False,True,True,False
Fenix-Regular.ttf,Fenix,Latin,128,236,1.1484375,1.117,1,False,False,True,False,False
BaskervvilleSC[wght].ttf,Baskervville SC,Latin,261,707,1.4482758620689655,1.293,2,False,False,True,True,False
ZillaSlab-MediumItalic.ttf,Zilla Slab Medium,Latin,286,1055,1.2937062937062938,1.2,1,False,False,True,False,False
ZillaSlab-LightItalic.ttf,Zilla Slab Light,Latin,286,1055,1.2937062937062938,1.2,1,False,False,True,False,False
ZillaSlab-Bold.ttf,Zilla Slab,Latin,286,1056,1.2937062937062938,1.2,1,False,False,True,False,False
"RobotoSerif[GRAD,opsz,wdth,wght].ttf",Roboto Serif 20pt,Latin,477,1264,1.148846960167715,1.171,2,False,False,True,True,False
ZillaSlab-Italic.ttf,Zilla Slab,Latin,286,1056,1.2937062937062938,1.2,1,False,False,True,False,False
ZillaSlab-Medium.ttf,Zilla Slab Medium,Latin,286,1056,1.2937062937062938,1.2,1,False,False,True,False,False
ZillaSlab-SemiBoldItalic.ttf,Zilla Slab SemiBold,Latin,286,1056,1.2937062937062938,1.2,1,False,False,True,False,False
"Piazzolla[opsz,wght].ttf",Piazzolla Thin,Latin,488,2328,1.598360655737705,1.42,3,True,False,True,True,False
ZillaSlab-BoldItalic.ttf,Zilla Slab,Latin,286,1055,1.2937062937062938,1.2,1,False,False,True,False,False
NotoSansKayahLi[wght].ttf,Noto Sans Kayah Li,Latin,231,394,1.2943722943722944,1.362,1,False,False,False,True,False
SourceSans3[wght].ttf,Source Sans 3 ExtraLight,Latin,655,2478,1.448854961832061,1.424,3,False,False,True,True,True
Qwigley-Regular.ttf,Qwigley,Latin,316,473,1.2974683544303798,1.25,1,False,False,False,True,False
Lugrasimo-Regular.ttf,Lugrasimo,Latin,123,241,1.0,1.0,0,False,False,False,False,False
GoudyBookletter1911.ttf,Goudy Bookletter 1911,Latin,204,303,1.0,1.08984375,0,False,False,False,False,False
Copse-Regular.ttf,Copse,Latin,119,213,1.0,1.04248046875,0,False,False,False,False,False
RobotoMono[wght].ttf,Roboto Mono,Latin,362,1006,1.0,1.31884765625,1,False,False,False,False,True
RobotoMono-Italic[wght].ttf,Roboto Mono,Latin,362,1006,1.0,1.31884765625,1,False,False,False,False,True
WixMadeforDisplay[wght].ttf,Wix Madefor Display,Latin,328,726,1.149390243902439,1.26,2,False,False,False,True,True
ZillaSlab-SemiBold.ttf,Zilla Slab SemiBold,Latin,286,1056,1.2937062937062938,1.2,1,False,False,True,False,False
PathwayGothicOne-Regular.ttf,Pathway Gothic One,Latin,263,426,1.4448669201520912,1.152,2,False,False,True,True,False
"RobotoSerif-Italic[GRAD,opsz,wdth,wght].ttf",Roboto Serif 20pt,Latin,477,1243,1.148846960167715,1.171,2,False,False,True,True,False
EmilysCandy-Regular.ttf,Emilys Candy,Latin,127,231,1.0,1.251953125,0,False,False,False,False,False
ZillaSlab-Regular.ttf,Zilla Slab,Latin,286,1056,1.2937062937062938,1.2,1,False,False,True,False,False
"NotoSerifGeorgian[wdth,wght].ttf",Noto Serif Georgian,Latin,227,550,1.5991189427312775,1.36,1,False,False,False,True,False
LifeSavers-ExtraBold.ttf,Life Savers ExtraBold,Latin,274,471,1.448905109489051,1.222,2,False,False,True,True,False
LifeSavers-Regular.ttf,Life Savers,Latin,274,471,1.448905109489051,1.222,2,False,False,True,True,False
LifeSavers-Bold.ttf,Life Savers,Latin,274,471,1.448905109489051,1.222,2,False,False,True,True,False
CarterOne.ttf,Carter One,Latin,160,271,1.0,1.5400390625,0,False,False,False,False,False
StackSansHeadline[wght].ttf,Stack Sans Headline ExtraLight,Latin,259,522,1.2934362934362935,1.3,2,False,False,True,True,False
IntelOneMono-LightItalic.ttf,Intel One Mono Light,Latin,448,1059,1.2991071428571428,1.38,2,True,False,False,True,False
ZillaSlab-Light.ttf,Zilla Slab Light,Latin,286,1056,1.2937062937062938,1.2,1,False,False,True,False,False
IntelOneMono-BoldItalic.ttf,Intel One Mono,Latin,448,1059,1.2991071428571428,1.38,2,True,False,False,True,False
IntelOneMono-Italic.ttf,Intel One Mono,Latin,448,1059,1.2991071428571428,1.38,2,True,False,False,True,False
IntelOneMono[wght].ttf,Intel One Mono Light,Latin,448,1059,1.2991071428571428,1.38,2,True,False,False,True,False
CormorantInfant[wght].ttf,Cormorant Infant Light,Latin,471,3183,1.59447983014862,1.211,4,True,False,True,True,True
IntelOneMono-Bold.ttf,Intel One Mono,Latin,448,1059,1.2991071428571428,1.38,2,True,False,False,True,False
IntelOneMono-MediumItalic.ttf,Intel One Mono Medium,Latin,448,1059,1.2991071428571428,1.38,2,True,False,False,True,False
IntelOneMono-Medium.ttf,Intel One Mono Medium,Latin,448,1059,1.2991071428571428,1.38,2,True,False,False,True,False
IntelOneMono-Light.ttf,Intel One Mono Light,Latin,448,1059,1.2991071428571428,1.38,2,True,False,False,True,False
IntelOneMono-Italic[wght].ttf,Intel One Mono Light,Latin,448,1059,1.2991071428571428,1.38,2,True,False,False,True,False
Butcherman-Regular.ttf,Butcherman,Latin,237,332,0.9957805907172996,1.93505859375,0,False,False,False,False,False
IntelOneMono-Regular.ttf,Intel One Mono,Latin,448,1059,1.2991071428571428,1.38,2,True,False,False,True,False
IntelOneMono-SemiBoldItalic.ttf,Intel One Mono SemiBold,Latin,448,1059,1.2991071428571428,1.38,2,True,False,False,True,False
Zeyada.ttf,Zeyada,Latin,239,346,1.0,1.576171875,0,False,False,False,False,False
JustMeAgainDownHere.ttf,Just Me Again Down Here,Latin,245,353,1.0,1.498,0,False,False,False,False,False
NotoSansSylotiNagri-Regular.ttf,Noto Sans Syloti Nagri,Latin,229,419,1.445414847161572,1.362,1,False,False,False,True,False
IntelOneMono-SemiBold.ttf,Intel One Mono SemiBold,Latin,448,1059,1.2991071428571428,1.38,2,True,False,False,True,False
Cambo-Regular.ttf,Cambo,Latin,139,235,1.0,1.122,0,False,False,False,False,False
SofiaSansCondensed-Italic[wght].ttf,Sofia Sans Condensed,Latin,233,934,1.5836909871244635,1.2,3,True,False,True,True,False
"Bitcount[CRSV,ELSH,ELXP,slnt,wght].ttf",Bitcount,Latin,262,1044,1.297709923664122,1.2,3,True,False,True,True,False
SofiaSansCondensed[wght].ttf,Sofia Sans Condensed,Latin,233,954,1.5836909871244635,1.2,3,True,False,True,True,False
NotoSansNagMundari[wght].ttf,Noto Sans Nag Mundari,Latin,219,371,1.1461187214611872,1.362,1,False,False,False,True,False
PontanoSans[wght].ttf,Pontano Sans,Latin,347,512,1.4495677233429394,1.28125,2,False,False,True,True,False
"BioRhyme[wdth,wght].ttf",BioRhyme ExtraBold,Latin,238,494,1.4411764705882353,1.549,2,False,False,True,True,False
Notable-Regular.ttf,Notable,Latin,143,265,1.1468531468531469,1.3,1,False,False,False,True,False
PlaywriteCOGuides-Regular.ttf,Playwrite CO Guides,Latin,365,1216,1.7397260273972603,1.977,2,True,False,False,True,False
PlaywriteRO[wght].ttf,Playwrite RO,Latin,365,1295,1.5917808219178082,1.932,2,True,False,False,True,False
CormorantInfant-Italic[wght].ttf,Cormorant Infant Light,Latin,471,1895,1.59447983014862,1.211,4,True,False,True,True,True
Skranji-Regular.ttf,Skranji,Latin,146,258,1.0,1.3583984375,0,False,False,False,False,False
Skranji-Bold.ttf,Skranji,Latin,146,258,1.0,1.3583984375,0,False,False,False,False,False
DaysOne-Regular.ttf,Days One,Latin,160,354,1.0,1.2734375,0,False,False,False,False,False
Marvel-BoldItalic.ttf,Marvel,Latin,121,195,1.0,1.21,0,False,False,False,False,False
Marvel-Bold.ttf,Marvel,Latin,121,195,1.0,1.21,0,False,False,False,False,False
Marvel-Regular.ttf,Marvel,Latin,121,195,1.0,1.21,0,False,False,False,False,False
Manrope[wght].ttf,Manrope ExtraLight,Latin,338,742,1.2958579881656804,1.366,2,True,False,True,False,False
Marvel-Italic.ttf,Marvel,Latin,121,195,1.0,1.21,0,False,False,False,False,False
JosefinSlab[wght].ttf,Josefin Slab Thin,Latin,119,216,1.0,1.0,0,False,False,False,False,False
JosefinSlab-Italic[wght].ttf,Josefin Slab Thin,Latin,119,216,1.0,1.0,0,False,False,False,False,False
DarkerGrotesque[wght].ttf,Darker Grotesque Light,Latin,329,581,1.446808510638298,1.356,2,False,False,True,True,False
OleoScriptSwashCaps-Bold.ttf,Oleo Script Swash Caps,Latin,140,246,1.0,1.383,0,False,False,False,False,False
OleoScriptSwashCaps-Regular.ttf,Oleo Script Swash Caps,Latin,140,245,1.0,1.383,0,False,False,False,False,False
MysteryQuest-Regular.ttf,Mystery Quest,Latin,126,229,1.0,1.365234375,0,False,False,False,False,False
Ballet[opsz].ttf,Ballet,Latin,467,914,1.4496788008565311,1.9,2,False,False,True,True,False
NosiferCaps-Regular.ttf,Nosifer Caps,Latin,236,337,1.1483050847457628,1.7841796875,1,False,False,True,False,False
PlaywriteDKLoopet[wght].ttf,Playwrite DK Loopet,Latin,365,1288,1.7397260273972603,1.65,2,True,False,False,True,False
OdibeeSans-Regular.ttf,Odibee Sans,Latin,135,258,1.1481481481481481,1.108,1,False,False,True,False,False
NotoSansOldPersian-Regular.ttf,Noto Sans Old Persian,Latin,231,390,1.147186147186147,1.362,1,False,False,False,True,False
BigShouldersStencilDisplaySC[wght].ttf,Big Shoulders Stencil Display SC Thin,Latin,484,1074,1.5950413223140496,1.197,2,False,False,True,True,False
NotoSansInscriptionalPahlavi-Regular.ttf,Noto Sans Inscriptional Pahlavi,Latin,219,355,1.4383561643835616,1.421,1,False,False,False,True,False
FanwoodText-Italic.ttf,Fanwood Text,Latin,265,678,1.1471698113207547,1.31103515625,2,False,False,True,False,True
NotoSansEgyptianHieroglyphs-Regular.ttf,Noto Sans Egyptian Hieroglyphs,Latin,219,1406,1.4383561643835616,1.65,0,False,False,False,False,False
FanwoodText-Regular.ttf,Fanwood Text,Latin,265,934,1.1471698113207547,1.31103515625,2,False,False,True,False,True
"SixtyfourConvergence[BLED,SCAN,XELA,YELA].ttf",Sixtyfour Convergence,Latin,121,489,1.0,1.0,0,False,False,False,False,False
RokkittVFBeta.ttf,Rokkitt,Latin,510,714,2.788235294117647,1.137,2,False,False,True,True,False
"Signika[GRAD,wght].ttf",Signika Light,Latin,471,1414,1.743099787685775,1.232,3,True,False,True,True,False
Bahianita-Regular.ttf,Bahianita,Latin,438,1234,8.71689497716895,1.2,3,True,False,True,True,False
Mohave-Italic[wght].ttf,Mohave Light,Latin,252,482,1.4404761904761905,1.393,2,False,False,True,True,False
PoiretOne-Regular.ttf,Poiret One,Latin,401,850,3.2443890274314215,1.17,2,False,False,True,True,False
Jersey15Charted-Regular.ttf,Jersey 15 Charted,Latin,229,362,1.148471615720524,1.0,1,False,False,False,True,False
Mohave[wght].ttf,Mohave Light,Latin,252,483,1.4404761904761905,1.393,2,False,False,True,True,False
AntonSC-Regular.ttf,Anton SC,Latin,724,1373,1.5966850828729282,1.50537109375,2,False,False,True,True,False
Vollkorn-Italic[wght].ttf,Vollkorn,Latin,513,1835,1.7407407407407407,1.393,3,True,False,True,True,False
FreckleFace-Regular.ttf,Freckle Face,Latin,256,368,1.1484375,1.22900390625,1,False,False,True,False,False
EuphoriaScript-Regular.ttf,Euphoria Script,Latin,124,219,1.0,1.164,0,False,False,False,False,False
Podkova[wght].ttf,Podkova,Latin,458,962,1.445414847161572,1.108,2,False,False,True,True,False
Junge-Regular.ttf,Junge,Latin,119,222,1.0,1.21533203125,0,False,False,False,False,False
Vollkorn[wght].ttf,Vollkorn,Latin,513,2303,1.7407407407407407,1.393,3,True,False,True,True,False
NotoSansMahajani-Regular.ttf,Noto Sans Mahajani,Latin,231,404,1.147186147186147,1.0,1,False,False,False,True,False
"BricolageGrotesque[opsz,wdth,wght].ttf",Bricolage Grotesque 96pt ExtraBold,Latin,327,597,1.1498470948012232,1.2,1,False,False,False,True,False
Economica-BoldItalic.ttf,Economica,Latin,129,260,1.1472868217054264,1.149,1,False,False,True,False,False
Economica-Bold.ttf,Economica,Latin,127,257,1.1496062992125984,1.149,1,False,False,True,False,False
Economica-Regular.ttf,Economica,Latin,127,257,1.1496062992125984,1.149,1,False,False,True,False,False
Economica-Italic.ttf,Economica,Latin,127,257,1.1496062992125984,1.149,1,False,False,True,False,False
GentiumPlus-Italic.ttf,Gentium Plus,Latin,1001,4307,1.4495504495504496,1.46484375,3,False,False,True,True,True
"TikTokSans[opsz,slnt,wdth,wght].ttf",TikTok Sans Light,Latin,462,1181,1.2987012987012987,1.3,3,True,False,False,True,True
GentiumPlus-BoldItalic.ttf,Gentium Plus,Latin,1001,4307,1.4495504495504496,1.46484375,3,False,False,True,True,True
NotoSansElymaic-Regular.ttf,Noto Sans Elymaic,Latin,227,375,1.449339207048458,1.2,1,False,False,False,True,False
HerrVonMuellerhoff-Regular.ttf,Herr Von Muellerhoff,Latin,126,233,1.0,1.422,0,False,False,False,False,False
PorterSansBlock-Regular.ttf,Porter Sans Block,Latin,123,209,1.0,1.0,0,False,False,False,False,False
"Newsreader-Italic[opsz,wght].ttf",Newsreader 16pt,Latin,400,658,1.15,1.0,2,False,False,True,True,False
"Newsreader[opsz,wght].ttf",Newsreader 16pt,Latin,400,658,1.15,1.0,2,False,False,True,True,False
GentiumPlus-Regular.ttf,Gentium Plus,Latin,1001,4307,1.4495504495504496,1.46484375,3,False,False,True,True,True
"Archivo-Italic[wdth,wght].ttf",Archivo SemiBold,Latin,428,832,1.4462616822429906,1.088,3,False,False,True,True,True
"Archivo[wdth,wght].ttf",Archivo SemiBold,Latin,428,834,1.4485981308411215,1.088,3,False,False,True,True,True
GentiumPlus-Bold.ttf,Gentium Plus,Latin,1001,4307,1.4495504495504496,1.46484375,3,False,False,True,True,True
Montserrat[wght].ttf,Montserrat Thin,Latin,760,2747,1.45,1.219,2,False,False,True,True,False
BigShouldersStencilText[wght].ttf,Big Shoulders Stencil Text Thin,Latin,484,1074,1.5950413223140496,1.197,2,False,False,True,True,False
ArchivoNarrow[wght].ttf,Archivo Narrow,Latin,423,798,1.446808510638298,1.347,3,False,False,True,True,True
ArchivoNarrow-Italic[wght].ttf,Archivo Narrow,Latin,423,798,1.446808510638298,1.347,3,False,False,True,True,True
BBHHegarty-Regular.ttf,BBH Hegarty,Latin,54,157,1.0,1.2,0,False,False,False,False,False
Montserrat-Italic[wght].ttf,Montserrat Thin,Latin,760,2791,1.45,1.219,2,False,False,True,True,False
PlaywriteDKLoopetGuides-Regular.ttf,Playwrite DK Loopet Guides,Latin,365,1252,1.7397260273972603,1.65,2,True,False,False,True,False
Sedan-Regular.ttf,Sedan,Latin,220,494,1.6,1.2,2,False,False,True,True,False
FlowRounded-Regular.ttf,Flow Rounded,Latin,503,802,1.0,1.2,0,False,False,False,False,False
Sedan-Italic.ttf,Sedan,Latin,220,374,1.45,1.2,2,False,False,True,True,False
TextMeOne-Regular.ttf,Text Me One,Latin,127,250,1.1496062992125984,1.221,1,False,False,True,False,False
EduQLDBeginner[wght].ttf,Edu QLD Beginner,Latin,54,167,1.0,1.26,0,False,False,False,False,False
PlaywriteINGuides-Regular.ttf,Playwrite IN Guides,Latin,365,1222,1.7397260273972603,1.984,2,True,False,False,True,False
"Doto[ROND,wght].ttf",Doto Black,Latin,219,320,1.0,1.2,0,False,False,False,False,False
DecovarAlpha-VF.ttf,Decovar Alpha Regular24,Latin,56,118,0.5178571428571429,1.09765625,0,False,False,False,False,False
ImperialScript-Regular.ttf,Imperial Script,Latin,414,628,1.429951690821256,1.21,2,False,False,True,True,False
Oldenburg-Regular.ttf,Oldenburg,Latin,270,426,1.0,1.25,0,False,False,False,False,False
PlaywriteZAGuides-Regular.ttf,Playwrite ZA Guides,Latin,365,1223,1.7397260273972603,1.932,2,True,False,False,True,False
PlaywriteAUVICGuides-Regular.ttf,Playwrite AU VIC Guides,Latin,365,1257,1.7397260273972603,1.932,2,True,False,False,True,False
EduAUVICWANTPre[wght].ttf,Edu AU VIC WA NT Pre,Latin,259,822,1.4401544401544402,1.7395,3,True,False,True,True,False
Cookie-Regular.ttf,Cookie,Latin,153,259,1.4313725490196079,1.109,2,True,False,True,False,False
Monomakh-Regular.ttf,Monomakh,Latin,252,859,1.5873015873015872,1.273,3,True,False,True,True,False
MateSC-Regular.ttf,Mate SC,Latin,263,473,1.4448669201520912,1.22,2,False,False,True,True,False
BBHBogle-Regular.ttf,BBH Bogle,Latin,54,137,1.0,1.2,0,False,False,False,False,False
Vidaloka-Regular.ttf,Vidaloka,Latin,120,232,1.0,1.21435546875,0,False,False,False,False,False
Niconne-Regular.ttf,Niconne,Latin,169,293,1.0,1.21240234375,0,False,False,False,False,False
"KalniaGlaze[wdth,wght].ttf",Kalnia Glaze Thin,Latin,234,1138,1.4487179487179487,1.345,3,False,False,True,True,True
"SairaStencil[wdth,wght].ttf",Saira Stencil Thin,Latin,443,890,1.2979683972911964,1.574,2,False,False,True,True,False
"SairaStencil-Italic[wdth,wght].ttf",Saira Stencil Thin,Latin,443,893,1.2979683972911964,1.574,2,False,False,True,True,False
NotoSansOgham-Regular.ttf,Noto Sans Ogham,Latin,231,369,1.147186147186147,1.362,1,False,False,False,True,False
PetitFormalScript-Regular.ttf,Petit Formal Script,Latin,305,432,1.1475409836065573,1.25,1,False,False,True,False,False
GideonRoman-Regular.ttf,Gideon Roman,Latin,402,660,1.5970149253731343,1.2,2,False,False,True,True,False
PlaywriteDESASGuides-Regular.ttf,Playwrite DE SAS Guides,Latin,365,1278,1.7397260273972603,1.679,2,True,False,False,True,False
EBGaramond-Italic[wght].ttf,EB Garamond,Latin,783,3075,1.7471264367816093,1.305,4,True,False,True,True,True
OrelegaOne-Regular.ttf,Orelega One,Latin,258,590,1.2945736434108528,1.09033203125,4,True,False,True,True,True
LibreCaslonDisplay-Regular.ttf,Libre Caslon Display,Latin,331,551,1.29607250755287,1.236,2,False,False,True,True,False
Shafarik-Regular.ttf,Shafarik,Latin,244,1816,1.2950819672131149,1.542,1,False,False,False,True,False
EBGaramond[wght].ttf,EB Garamond,Latin,864,3247,1.4479166666666667,1.305,3,False,False,True,True,True
VujahdayScript-Regular.ttf,Vujahday Script,Latin,414,1039,1.429951690821256,1.36,2,False,False,True,True,False
"Roboto-Italic[wdth,wght].ttf",Roboto,Latin,364,1326,1.5934065934065933,1.0498046875,3,False,False,True,True,True
"Roboto[wdth,wght].ttf",Roboto,Latin,364,1326,1.5934065934065933,1.0498046875,3,False,False,True,True,True
AlegreyaSansSC-ThinItalic.ttf,Alegreya Sans SC,Latin,487,1577,5.496919917864476,1.2,2,False,False,True,True,False
AlegreyaSansSC-BlackItalic.ttf,Alegreya Sans SC,Latin,487,1577,5.496919917864476,1.2,2,False,False,True,True,False
AlegreyaSansSC-BoldItalic.ttf,Alegreya Sans SC,Latin,487,1577,5.496919917864476,1.2,2,False,False,True,True,False
AlegreyaSansSC-Thin.ttf,Alegreya Sans SC,Latin,487,1568,5.496919917864476,1.2,2,False,False,True,True,False
AlegreyaSansSC-Regular.ttf,Alegreya Sans SC,Latin,487,1568,5.496919917864476,1.2,2,False,False,True,True,False
AlegreyaSansSC-Bold.ttf,Alegreya Sans SC,Latin,487,1568,5.496919917864476,1.2,2,False,False,True,True,False
AlegreyaSansSC-ExtraBoldItalic.ttf,Alegreya Sans SC,Latin,487,1577,5.496919917864476,1.2,2,False,False,True,True,False
AlegreyaSansSC-Italic.ttf,Alegreya Sans SC,Latin,487,1577,5.496919917864476,1.2,2,False,False,True,True,False
AlegreyaSansSC-Light.ttf,Alegreya Sans SC,Latin,487,1568,5.496919917864476,1.2,2,False,False,True,True,False
NotoSansGrantha-Regular.ttf,Noto Sans Grantha,Latin,219,799,2.6073059360730593,1.824,4,True,True,True,True,False
AlegreyaSansSC-LightItalic.ttf,Alegreya Sans SC,Latin,487,1577,5.496919917864476,1.2,2,False,False,True,True,False
AlegreyaSansSC-Medium.ttf,Alegreya Sans SC,Latin,487,1568,5.496919917864476,1.2,2,False,False,True,True,False
Alata-Regular.ttf,Alata,Latin,628,1038,1.4490445859872612,1.38,2,False,False,True,True,False
NotoSansPalmyrene-Regular.ttf,Noto Sans Palmyrene,Latin,231,392,1.2943722943722944,1.362,1,False,False,True,False,False
AlegreyaSansSC-Black.ttf,Alegreya Sans SC,Latin,487,1568,5.496919917864476,1.2,2,False,False,True,True,False
AlegreyaSansSC-ExtraBold.ttf,Alegreya Sans SC,Latin,487,1568,5.496919917864476,1.2,2,False,False,True,True,False
Unlock-Regular.ttf,Unlock,Latin,263,438,1.4448669201520912,1.068,2,False,False,True,True,False
NotoSansCaucasianAlbanian-Regular.ttf,Noto Sans Caucasian Albanian,Latin,227,499,1.449339207048458,1.25,1,False,False,False,True,False
Barriecito-Regular.ttf,Barriecito,Latin,438,1234,8.71689497716895,1.2,3,True,False,True,True,False
SpaceMono-BoldItalic.ttf,Space Mono,Latin,430,763,1.2976744186046512,1.481,2,False,False,True,True,False
SpaceMono-Italic.ttf,Space Mono,Latin,430,763,1.2976744186046512,1.481,2,False,False,True,True,False
SpaceMono-Regular.ttf,Space Mono,Latin,430,765,1.2976744186046512,1.481,2,False,False,True,True,False
SpaceMono-Bold.ttf,Space Mono,Latin,430,765,1.2976744186046512,1.481,2,False,False,True,True,False
NotoSansOldSogdian-Regular.ttf,Noto Sans Old Sogdian,Latin,219,381,1.2922374429223744,1.362,2,True,False,False,True,False
NotoSansPahawhHmong-Regular.ttf,Noto Sans Pahawh Hmong,Latin,231,470,1.147186147186147,1.362,1,False,False,False,True,False
Plaster-Regular.ttf,Plaster,Latin,270,426,1.0,1.25,0,False,False,False,False,False
SpaceGrotesk[wght].ttf,Space Grotesk Light,Latin,494,1001,1.4493927125506072,1.276,2,False,False,True,True,False
Syne[wght].ttf,Syne,Latin,233,711,1.5836909871244635,1.2,2,False,False,True,True,False
Pacifico-Regular.ttf,Pacifico,Latin,401,1533,9.229426433915211,1.756,3,True,False,True,True,False
Lora[wght].ttf,Lora,Latin,370,892,1.5945945945945945,1.28,3,True,False,True,True,False
RussoOne-Regular.ttf,Russo One,Latin,212,413,1.0,1.205,0,False,False,False,False,False
NotoSansSoyombo-Regular.ttf,Noto Sans Soyombo,Latin,231,658,1.5887445887445888,1.596,2,False,True,False,True,False
AlikeAngular-Regular.ttf,Alike Angular,Latin,229,364,1.148471615720524,1.254,1,False,False,False,True,False
NotoSerifKhitanSmallScript-Regular.ttf,Noto Serif Khitan Small Script,Latin,229,11683,1.296943231441048,1.0,2,False,False,True,True,False
NotoSansLimbu-Regular.ttf,Noto Sans Limbu,Latin,219,400,1.1461187214611872,1.362,1,False,False,False,True,False
Belgrano-Regular.ttf,Belgrano,Latin,126,230,1.0,1.268,0,False,False,False,False,False
OvertheRainbow.ttf,Over the Rainbow,Latin,249,356,1.0,2.0400390625,0,False,False,False,False,False
Bevan-Italic.ttf,Bevan,Latin,403,729,1.446650124069479,1.60693359375,2,False,False,True,True,False
Bevan-Regular.ttf,Bevan,Latin,403,729,1.446650124069479,1.60693359375,2,False,False,True,True,False
GreatVibes-Regular.ttf,Great Vibes,Latin,720,2025,2.05,1.252,3,True,False,True,True,False
Tiny5-Regular.ttf,Tiny5,Latin,634,1155,1.1498422712933754,1.125,1,False,False,False,True,False
StintUltraCondensed-Regular.ttf,Stint Ultra Condensed,Latin,257,371,1.1478599221789882,1.12890625,1,False,False,True,False,False
AtkinsonHyperlegibleNext[wght].ttf,Atkinson Hyperlegible Next,Latin,224,392,1.1473214285714286,1.3,1,False,False,False,True,False
AtkinsonHyperlegibleNext-Italic[wght].ttf,Atkinson Hyperlegible Next,Latin,224,392,1.1473214285714286,1.3,1,False,False,False,True,False
Carme-Regular.ttf,Carme,Latin,116,217,1.0,1.20068359375,0,False,False,False,False,False
Goldman-Regular.ttf,Goldman,Latin,407,642,1.5995085995085996,1.2,3,True,False,True,True,False
Amethysta-Regular.ttf,Amethysta,Latin,119,224,1.0,1.26220703125,0,False,False,False,False,False
Goldman-Bold.ttf,Goldman,Latin,407,642,1.5995085995085996,1.2,3,True,False,True,True,False
Margarine-Regular.ttf,Margarine,Latin,257,372,1.1478599221789882,1.34423828125,1,False,False,True,False,False
Lora-Italic[wght].ttf,Lora,Latin,370,889,1.5945945945945945,1.28,3,True,False,True,True,False
ClickerScript-Regular.ttf,Clicker Script,Latin,257,372,1.1478599221789882,1.32080078125,1,False,False,True,False,False
PinyonScript-Regular.ttf,Pinyon Script,Latin,603,836,1.7462686567164178,1.24755859375,3,True,False,True,True,False
HostGrotesk-Italic[wght].ttf,Host Grotesk Light,Latin,254,448,1.4488188976377954,1.33,3,True,False,True,True,False
HostGrotesk[wght].ttf,Host Grotesk Light,Latin,254,449,1.4488188976377954,1.33,3,True,False,True,True,False
CantoraOne-Regular.ttf,Cantora One,Latin,305,470,1.1475409836065573,1.25,1,False,False,True,False,False
ComicRelief-Regular.ttf,Comic Relief,Latin,265,607,1.0,1.39501953125,0,False,False,False,False,False
PlaywriteSK[wght].ttf,Playwrite SK,Latin,365,1313,1.5917808219178082,1.899,2,True,False,False,True,False
ComicRelief-Bold.ttf,Comic Relief,Latin,265,607,1.0,1.39501953125,0,False,False,False,False,False
AguDisplay[MORF].ttf,Agu Display Uzo,Latin,681,2590,1.1497797356828194,1.5,1,False,False,False,True,False
NataSans[wght].ttf,Nata Sans,Latin,465,1048,1.4451612903225806,1.3,3,True,False,True,True,False
PlaywriteNZGuides-Regular.ttf,Playwrite NZ Guides,Latin,365,1312,1.7397260273972603,1.65,2,True,False,False,True,False
Blinker-Black.ttf,Blinker Black,Latin,267,459,2.49812734082397,1.2,1,False,False,True,False,False
Blinker-SemiBold.ttf,Blinker SemiBold,Latin,267,459,2.49812734082397,1.2,1,False,False,True,False,False
Blinker-Light.ttf,Blinker Light,Latin,267,459,2.49812734082397,1.2,1,False,False,True,False,False
Blinker-Bold.ttf,Blinker,Latin,267,459,2.49812734082397,1.2,1,False,False,True,False,False
FrederickatheGreat-Regular.ttf,Fredericka the Great,Latin,126,229,1.0,1.2255859375,0,False,False,False,False,False
Blinker-ExtraBold.ttf,Blinker ExtraBold,Latin,267,459,2.49812734082397,1.2,1,False,False,True,False,False
BlackOpsOne-Regular.ttf,Black Ops One,Latin,505,760,1.5920792079207922,1.25,3,True,False,True,True,False
Sarina-Regular.ttf,Sarina,Latin,270,424,1.0,1.25,0,False,False,False,False,False
Belleza-Regular.ttf,Belleza,Latin,265,425,1.588679245283019,1.152,2,False,False,True,True,False
Blinker-Thin.ttf,Blinker Thin,Latin,267,459,2.49812734082397,1.2,1,False,False,True,False,False
Gantari[wght].ttf,Gantari,Latin,231,373,1.4415584415584415,1.2,2,False,False,True,True,False
Blinker-Regular.ttf,Blinker,Latin,267,459,2.49812734082397,1.2,1,False,False,True,False,False
Blinker-ExtraLight.ttf,Blinker ExtraLight,Latin,267,459,2.49812734082397,1.2,1,False,False,True,False,False
Sen[wght].ttf,Sen,Latin,235,363,1.297872340425532,1.203125,2,False,False,True,True,False
Gantari-Italic[wght].ttf,Gantari,Latin,231,373,1.4415584415584415,1.2,2,False,False,True,True,False
CascadiaMono-Italic[wght].ttf,Cascadia Mono,Latin,436,3076,1.298165137614679,1.162109375,2,True,False,False,True,False
Jersey10-Regular.ttf,Jersey 10,Latin,229,363,1.148471615720524,1.0714285714285714,1,False,False,False,True,False
NotoSansGothic-Regular.ttf,Noto Sans Gothic,Latin,231,376,1.4415584415584415,1.362,1,False,False,False,True,False
NotoSansMongolian-Regular.ttf,Noto Sans Mongolian,Latin,219,1916,2.0228310502283104,1.75,3,True,False,True,True,False
Boldonse-Regular.ttf,Boldonse,Latin,255,429,1.4470588235294117,1.92,2,False,False,True,True,False
BriemHand[wght].ttf,Briem Hand Thin,Latin,755,1386,1.737748344370861,1.5,3,True,False,True,True,False
Micro5-Regular.ttf,Micro 5,Latin,229,360,1.148471615720524,1.0,1,False,False,False,True,False
Italiana-Regular.ttf,Italiana,Latin,119,217,1.0,1.178,0,False,False,False,False,False
"BitcountSingle[CRSV,ELSH,ELXP,slnt,wght].ttf",Bitcount Single,Latin,262,1754,1.297709923664122,1.2,3,True,False,True,True,False
NotoSansNewa-Regular.ttf,Noto Sans Newa,Latin,229,945,2.1877729257641922,1.432,3,True,True,False,True,False
BalsamiqSans-Italic.ttf,Balsamiq Sans,Latin,397,1003,1.2972292191435768,1.2,2,False,False,True,True,False
BalsamiqSans-BoldItalic.ttf,Balsamiq Sans,Latin,397,1003,1.2972292191435768,1.2,2,False,False,True,True,False
ProzaLibre-Medium.ttf,Proza Libre,Latin,206,348,1.0,1.357421875,0,False,False,False,False,False
ProzaLibre-BoldItalic.ttf,Proza Libre,Latin,206,348,1.0,1.357421875,0,False,False,False,False,False
ProzaLibre-MediumItalic.ttf,Proza Libre,Latin,206,348,1.0,1.357421875,0,False,False,False,False,False
ProzaLibre-ExtraBoldItalic.ttf,Proza Libre,Latin,206,348,1.0,1.357421875,0,False,False,False,False,False
ProzaLibre-Regular.ttf,Proza Libre,Latin,206,348,1.0,1.365234375,0,False,False,False,False,False
ProzaLibre-ExtraBold.ttf,Proza Libre,Latin,206,348,1.0,1.365234375,0,False,False,False,False,False
ProzaLibre-SemiBoldItalic.ttf,Proza Libre,Latin,206,348,1.0,1.357421875,0,False,False,False,False,False
ProzaLibre-SemiBold.ttf,Proza Libre,Latin,206,348,1.0,1.357421875,0,False,False,False,False,False
ProzaLibre-Italic.ttf,Proza Libre,Latin,206,348,1.0,1.357421875,0,False,False,False,False,False
ProzaLibre-Bold.ttf,Proza Libre,Latin,206,348,1.0,1.357421875,0,False,False,False,False,False
BalsamiqSans-Regular.ttf,Balsamiq Sans,Latin,397,1003,1.2972292191435768,1.2,2,False,False,True,True,False
DiplomataSC-Regular.ttf,Diplomata SC,Latin,263,447,1.4448669201520912,1.217,2,False,False,True,True,False
BalsamiqSans-Bold.ttf,Balsamiq Sans,Latin,397,1003,1.2972292191435768,1.2,2,False,False,True,True,False
BadScript-Regular.ttf,Bad Script,Latin,403,801,1.5955334987593053,1.972,3,True,False,True,True,False
NotoSerifDivesAkuru-Regular.ttf,Noto Serif Dives Akuru,Latin,219,1128,1.4383561643835616,1.779,2,False,True,False,True,False
TwinkleStar-Regular.ttf,Twinkle Star,Latin,414,1092,1.429951690821256,1.28,2,False,False,True,True,False
CormorantSC-Medium.ttf,Cormorant SC Medium,Latin,471,3203,6.647558386411889,1.211,3,True,False,False,True,True
CormorantSC-Bold.ttf,Cormorant SC,Latin,471,3203,6.647558386411889,1.211,3,True,False,False,True,True
Julee-Regular.ttf,Julee,Latin,263,436,1.4448669201520912,1.178,2,False,False,True,True,False
IMFeDPsc28P.ttf,IM FELL Double Pica SC,Latin,218,359,1.724770642201835,1.25341796875,1,True,False,False,False,False
EduVICWANTBeginner[wght].ttf,Edu VIC WA NT Beginner,Latin,54,127,1.0,1.26,0,False,False,False,False,False
CormorantSC-Light.ttf,Cormorant SC Light,Latin,471,3203,6.647558386411889,1.211,3,True,False,False,True,True
CormorantSC-SemiBold.ttf,Cormorant SC SemiBold,Latin,471,3203,6.647558386411889,1.211,3,True,False,False,True,True
PatrickHandSC-Regular.ttf,Patrick Hand SC,Latin,362,544,2.6408839779005526,1.354,1,False,False,True,False,False
CormorantSC-Regular.ttf,Cormorant SC,Latin,471,3203,6.647558386411889,1.211,3,True,False,False,True,True
RopaSans-Italic.ttf,Ropa Sans,Latin,206,349,1.7281553398058251,1.072,2,False,False,True,True,False
RopaSans-Regular.ttf,Ropa Sans,Latin,206,349,1.7281553398058251,1.072,2,False,False,True,True,False
"TiltNeon[XROT,YROT].ttf",Tilt Neon,Latin,469,726,1.1492537313432836,1.262,2,False,False,True,True,False
TheGirlNextDoor.ttf,The Girl Next Door,Latin,240,346,1.0,1.8427734375,0,False,False,False,False,False
Gabriela-Regular.ttf,Gabriela,Latin,229,604,1.5938864628820961,1.281,2,False,False,True,True,False
BigShouldersStencilTextSC[wght].ttf,Big Shoulders Stencil Text SC Thin,Latin,484,1074,1.5950413223140496,1.197,2,False,False,True,True,False
AnticDidone-Regular.ttf,Antic Didone,Latin,120,220,1.0,1.19,0,False,False,False,False,False
NotoSerifGrantha-Regular.ttf,Noto Serif Grantha,Latin,219,799,2.6073059360730593,1.824,4,True,True,True,True,False
"BodoniModa-Italic[opsz,wght].ttf",Bodoni Moda,Latin,265,563,1.588679245283019,1.525,2,False,False,True,True,False
Marmelad-Regular.ttf,Marmelad,Latin,407,812,1.4496314496314497,1.193,2,False,False,True,True,False
SNPro[wght].ttf,SN Pro ExtraLight,Latin,506,1206,1.4446640316205535,1.3,3,True,False,True,True,False
SNPro-Italic[wght].ttf,SN Pro ExtraLight,Latin,506,1206,1.4446640316205535,1.3,3,True,False,True,True,False
"BodoniModa[opsz,wght].ttf",Bodoni Moda,Latin,265,563,1.588679245283019,1.525,2,False,False,True,True,False
Rye-Regular.ttf,Rye,Latin,141,271,1.0,1.25,0,False,False,False,False,False
LondrinaOutline-Regular.ttf,Londrina Outline,Latin,125,231,1.144,1.183,1,False,False,True,False,False
Condiment-Regular.ttf,Condiment,Latin,126,234,1.0,1.523,0,False,False,False,False,False
RedRose[wght].ttf,Red Rose,Latin,407,638,1.5995085995085996,1.249,2,False,False,True,True,False
NotoMusic-Regular.ttf,Noto Music,Latin,229,914,1.445414847161572,1.787,1,False,False,False,True,False
AlegreyaSansSC-MediumItalic.ttf,Alegreya Sans SC,Latin,487,1577,5.496919917864476,1.2,2,False,False,True,True,False
Miama-Regular.ttf,Miama,Latin,598,1113,1.0,3.127,0,False,False,False,False,False
Jacquard24Charted-Regular.ttf,Jacquard 24 Charted,Latin,229,357,1.148471615720524,1.0,1,False,False,False,True,False
CevicheOne-Regular.ttf,Ceviche One,Latin,127,249,1.0,1.043,0,False,False,False,False,False
PlaywriteVN[wght].ttf,Playwrite VN,Latin,365,1276,1.7397260273972603,2.512,2,True,False,False,True,False
Artifika-Regular.ttf,Artifika,Latin,119,239,1.0,1.216796875,1,False,False,False,True,False
FjallaOne-Regular.ttf,Fjalla One,Latin,496,777,1.4334677419354838,1.2568359375,2,False,False,True,True,False
LexendDeca[wght].ttf,Lexend Deca,Latin,482,850,1.5975103734439835,1.25,2,False,False,True,True,False
BungeeTint-Regular.ttf,Bungee Tint,Latin,415,2126,1.1421686746987951,1.32,2,False,False,True,True,False
Monda[wght].ttf,Monda,Latin,724,1361,1.5966850828729282,1.62890625,2,False,False,True,True,False
LilitaOne-Regular.ttf,Lilita One,Latin,127,229,1.0,1.141,0,False,False,False,False,False
Cormorant-Italic[wght].ttf,Cormorant Light,Latin,471,1890,1.743099787685775,1.211,4,True,False,True,True,True
Cormorant[wght].ttf,Cormorant Light,Latin,471,3237,1.743099787685775,1.211,4,True,False,True,True,True
Mulish-Italic[wght].ttf,Mulish ExtraLight,Latin,484,1063,1.5950413223140496,1.255,3,True,False,True,True,False
NotoSansMayanNumerals-Regular.ttf,Noto Sans Mayan Numerals,Latin,231,360,1.147186147186147,1.362,1,False,False,False,True,False
Kameron[wght].ttf,Kameron,Latin,254,408,1.4488188976377954,1.18701171875,2,False,False,True,True,False
Mulish[wght].ttf,Mulish ExtraLight,Latin,484,1063,1.5950413223140496,1.255,3,True,False,True,True,False
LexendGiga[wght].ttf,Lexend Giga,Latin,482,850,1.5975103734439835,1.25,2,False,False,True,True,False
BigShouldersText[wght].ttf,Big Shoulders Text Thin,Latin,484,1074,1.5950413223140496,1.197,2,False,False,True,True,False
FlowCircular-Regular.ttf,Flow Circular,Latin,501,801,1.0,1.2,0,False,False,False,False,False
HeadlandOne-Regular.ttf,HeadlandOne,Latin,270,423,1.0,1.25244140625,0,False,False,False,False,False
NotoSansNabataean-Regular.ttf,Noto Sans Nabataean,Latin,231,380,1.147186147186147,1.362,1,False,False,False,True,False
Viga-Regular.ttf,Viga,Latin,145,282,1.0,1.344,0,False,False,False,False,False
MiltonianTattoo-Regular.ttf,Miltonian Tattoo,Latin,125,259,1.0,1.192,0,False,False,False,False,False
YoungSerif-Regular.ttf,Young Serif,Latin,355,644,1.5971830985915494,1.412,3,True,False,True,True,False
LaBelleAurore.ttf,La Belle Aurore,Latin,248,354,1.0,1.8544921875,0,False,False,False,False,False
Delius-Regular.ttf,Delius,Latin,143,298,1.0,1.256,0,False,False,False,False,False
MontserratAlternates-BlackItalic.ttf,Montserrat Alternates,Latin,487,1480,7.745379876796714,1.219,2,False,False,True,True,False
"NotoSerif-Italic[wdth,wght].ttf",Noto Serif,Latin,1089,3836,1.598714416896235,1.362,3,False,False,True,True,True
MontserratAlternates-Black.ttf,Montserrat Alternates,Latin,487,1482,7.745379876796714,1.219,2,False,False,True,True,False
MontserratAlternates-Thin.ttf,Montserrat Alternates,Latin,487,1482,7.745379876796714,1.219,2,False,False,True,True,False
"NotoSerif[wdth,wght].ttf",Noto Serif,Latin,1089,3830,1.2993572084481175,1.362,3,False,False,True,True,True
MontserratAlternates-Bold.ttf,Montserrat Alternates,Latin,487,1482,7.745379876796714,1.219,2,False,False,True,True,False
MontserratAlternates-ExtraLightItalic.ttf,Montserrat Alternates,Latin,487,1480,7.745379876796714,1.219,2,False,False,True,True,False
MontserratAlternates-LightItalic.ttf,Montserrat Alternates,Latin,487,1480,7.745379876796714,1.219,2,False,False,True,True,False
MontserratAlternates-ExtraLight.ttf,Montserrat Alternates,Latin,487,1482,7.745379876796714,1.219,2,False,False,True,True,False
MontserratAlternates-Medium.ttf,Montserrat Alternates,Latin,487,1482,7.745379876796714,1.219,2,False,False,True,True,False
MontserratAlternates-ExtraBoldItalic.ttf,Montserrat Alternates,Latin,487,1480,7.745379876796714,1.219,2,False,False,True,True,False
MontserratAlternates-MediumItalic.ttf,Montserrat Alternates,Latin,487,1480,7.745379876796714,1.219,2,False,False,True,True,False
MontserratAlternates-Light.ttf,Montserrat Alternates,Latin,487,1482,7.745379876796714,1.219,2,False,False,True,True,False
MontserratAlternates-Italic.ttf,Montserrat Alternates,Latin,487,1480,7.745379876796714,1.219,2,False,False,True,True,False
"TiltWarp[XROT,YROT].ttf",Tilt Warp,Latin,446,720,1.147982062780269,1.262,2,False,False,True,True,False
MontserratAlternates-BoldItalic.ttf,Montserrat Alternates,Latin,487,1480,7.745379876796714,1.219,2,False,False,True,True,False
NotoSansAdlam[wght].ttf,Noto Sans Adlam,Latin,231,653,1.7359307359307359,1.362,3,True,False,False,True,True
Play-Regular.ttf,Play,Latin,350,1150,2.782857142857143,1.157,2,False,False,True,True,False
MontserratAlternates-Regular.ttf,Montserrat Alternates,Latin,487,1482,7.745379876796714,1.219,2,False,False,True,True,False
Play-Bold.ttf,Play,Latin,350,1150,2.782857142857143,1.157,2,False,False,True,True,False
Jacquard12Charted-Regular.ttf,Jacquard 12 Charted,Latin,229,357,1.148471615720524,1.0,1,False,False,False,True,False
MontserratAlternates-ExtraBold.ttf,Montserrat Alternates,Latin,487,1482,7.745379876796714,1.219,2,False,False,True,True,False
Hurricane-Regular.ttf,Hurricane,Latin,414,1427,1.8719806763285025,1.38,3,True,False,True,True,False
MontserratAlternates-ThinItalic.ttf,Montserrat Alternates,Latin,487,1480,7.745379876796714,1.219,2,False,False,True,True,False
MontserratAlternates-SemiBold.ttf,Montserrat Alternates,Latin,487,1482,7.745379876796714,1.219,2,False,False,True,True,False
NotoSerifOttomanSiyaq-Regular.ttf,Noto Serif Ottoman Siyaq,Latin,229,396,1.5938864628820961,1.703,2,False,False,True,True,False
MontserratAlternates-SemiBoldItalic.ttf,Montserrat Alternates,Latin,487,1480,7.745379876796714,1.219,2,False,False,True,True,False
PlaywriteAUQLDGuides-Regular.ttf,Playwrite AU QLD Guides,Latin,365,1259,1.7397260273972603,1.932,2,True,False,False,True,False
Grenze-Italic[wght].ttf,Grenze,Latin,439,795,1.5922551252847381,1.48,4,True,False,True,True,True
BacasimeAntique-Regular.ttf,Bacasime Antique,Latin,124,275,1.0,1.06982421875,0,False,False,False,False,False
Foldit[wght].ttf,Foldit Thin,Latin,404,3638,1.4455445544554455,1.2,2,False,False,True,True,False
Grenze[wght].ttf,Grenze,Latin,439,794,1.5922551252847381,1.48,4,True,False,True,True,True
Fruktur-Italic.ttf,Fruktur,Latin,540,809,1.5907407407407408,1.25,3,True,False,True,True,False
Electrolize-Regular.ttf,Electrolize,Latin,119,224,1.0,1.186,0,False,False,False,False,False
BrunoAceSC-Regular.ttf,Bruno Ace SC,Latin,260,384,1.45,1.206,1,False,False,True,False,False
Fruktur-Regular.ttf,Fruktur,Latin,540,809,1.5907407407407408,1.25,3,True,False,True,True,False
NotoSansCarian-Regular.ttf,Noto Sans Carian,Latin,229,387,1.148471615720524,1.362,1,False,False,False,True,False
ElsieSwashCaps-Black.ttf,Elsie Swash Caps,Latin,146,282,1.143835616438356,1.152,1,False,False,True,False,False
ElsieSwashCaps-Regular.ttf,Elsie Swash Caps,Latin,147,270,1.1496598639455782,1.152,1,False,False,True,False,False
NotoSerifYezidi[wght].ttf,Noto Serif Yezidi,Latin,231,391,1.147186147186147,1.36,2,False,False,False,True,True
ButterflyKids-Regular.ttf,Butterfly Kids,Latin,127,232,1.0,1.1923828125,0,False,False,False,False,False
BubblerOne-Regular.ttf,Bubbler One,Latin,124,220,1.0,1.163,0,False,False,False,False,False
RedHatDisplay-Italic[wght].ttf,Red Hat Display,Latin,254,449,1.4488188976377954,1.323,4,True,False,True,True,True
Judson-Bold.ttf,Judson,Latin,521,719,1.0,1.163,1,False,False,False,True,False
HoltwoodOneSC-Regular.ttf,Holtwood One SC,Latin,246,376,1.4390243902439024,1.62744140625,2,False,False,True,True,False
Judson-Italic.ttf,Judson,Latin,521,714,1.0,1.07,1,False,False,False,True,False
RedHatDisplay[wght].ttf,Red Hat Display,Latin,254,451,1.4488188976377954,1.323,4,True,False,True,True,True
SofiaSans-Italic[wght].ttf,Sofia Sans,Latin,233,934,1.5836909871244635,1.2,3,True,False,True,True,False
PlaywritePL[wght].ttf,Playwrite PL,Latin,365,1277,1.7397260273972603,1.901,2,True,False,False,True,False
RoadRage-Regular.ttf,Road Rage,Latin,414,642,1.429951690821256,1.1,2,False,False,True,True,False
PortLligatSlab-Regular.ttf,Port Lligat Slab,Latin,127,262,1.0,1.071,0,False,False,False,False,False
Judson-Regular.ttf,Judson,Latin,573,855,1.2966841186736475,1.15,2,False,False,True,True,False
KayPhoDu-Regular.ttf,Kay Pho Du,Latin,125,352,1.0,1.20556640625,1,False,False,False,False,True
KayPhoDu-Medium.ttf,Kay Pho Du Medium,Latin,125,352,1.0,1.20556640625,1,False,False,False,False,True
KayPhoDu-Bold.ttf,Kay Pho Du,Latin,125,352,1.0,1.20556640625,1,False,False,False,False,True
KayPhoDu-SemiBold.ttf,Kay Pho Du SemiBold,Latin,125,352,1.0,1.20556640625,1,False,False,False,False,True
PlaywriteNGModernGuides-Regular.ttf,Playwrite NG Modern Guides,Latin,365,1249,1.7397260273972603,1.932,2,True,False,False,True,False
IMFePIrm28P.ttf,IM FELL DW Pica,Latin,219,371,2.1598173515981736,1.25,1,False,False,True,False,False
BirthstoneBounce-Regular.ttf,Birthstone Bounce,Latin,402,1466,1.8955223880597014,1.36,3,True,False,True,True,False
IMFePIit28P.ttf,IM FELL DW Pica,Latin,220,386,2.1545454545454548,1.25,1,False,False,True,False,False
JollyLodger-Regular.ttf,Jolly Lodger,Latin,126,232,1.0,1.2158203125,0,False,False,False,False,False
BirthstoneBounce-Medium.ttf,Birthstone Bounce Medium,Latin,402,1466,1.8955223880597014,1.36,3,True,False,True,True,False
Petrona-Italic[wght].ttf,Petrona,Latin,484,1058,1.5950413223140496,1.128,2,False,False,True,True,False
Tienne-Black.ttf,Tienne,Latin,174,340,1.0,1.3447265625,0,False,False,False,False,False
Tienne-Regular.ttf,Tienne,Latin,215,354,1.0,1.3447265625,0,False,False,False,False,False
Tienne-Bold.ttf,Tienne,Latin,174,303,1.0,1.3447265625,0,False,False,False,False,False
Kenia-Regular.ttf,Kenia,Latin,116,200,1.0,1.0,0,False,False,False,False,False
LeagueScript-Regular.ttf,League Script,Latin,120,207,1.15,1.1067708333333333,1,False,False,True,False,False
Asimovian-Regular.ttf,Asimovian,Latin,413,603,1.1476997578692494,1.3,1,False,False,False,True,False
Ephesis-Regular.ttf,Ephesis,Latin,409,626,1.4474327628361858,1.3,2,False,False,True,True,False
Bangers-Regular.ttf,Bangers,Latin,405,597,1.2962962962962963,1.064,1,False,False,False,True,False
Petrona[wght].ttf,Petrona,Latin,484,1057,1.743801652892562,1.128,3,True,False,True,True,False
StoryScript-Regular.ttf,Story Script,Latin,402,699,1.4477611940298507,1.299,2,False,False,True,True,False
SofiaSans[wght].ttf,Sofia Sans,Latin,233,954,1.5836909871244635,1.2,3,True,False,True,True,False
Livvic-Bold.ttf,Livvic,Latin,468,786,1.7478632478632479,1.255,3,True,False,True,True,False
Livvic-Black.ttf,Livvic Black,Latin,468,786,1.7478632478632479,1.255,3,True,False,True,True,False
Livvic-Medium.ttf,Livvic Medium,Latin,468,786,1.7478632478632479,1.255,3,True,False,True,True,False
Livvic-Thin.ttf,Livvic Thin,Latin,468,786,1.7478632478632479,1.255,3,True,False,True,True,False
Livvic-SemiBold.ttf,Livvic SemiBold,Latin,468,786,1.7478632478632479,1.255,3,True,False,True,True,False
Livvic-Regular.ttf,Livvic,Latin,468,786,1.7478632478632479,1.255,3,True,False,True,True,False
Livvic-MediumItalic.ttf,Livvic Medium,Latin,468,786,1.5982905982905984,1.255,3,True,False,True,True,False
Livvic-ExtraLightItalic.ttf,Livvic ExtraLight,Latin,468,786,1.5982905982905984,1.255,3,True,False,True,True,False
Livvic-SemiBoldItalic.ttf,Livvic SemiBold,Latin,468,786,1.5982905982905984,1.255,3,True,False,True,True,False
Livvic-Italic.ttf,Livvic,Latin,468,786,1.5982905982905984,1.255,3,True,False,True,True,False
Livvic-Light.ttf,Livvic Light,Latin,468,786,1.7478632478632479,1.255,3,True,False,True,True,False
Livvic-LightItalic.ttf,Livvic Light,Latin,468,786,1.5982905982905984,1.255,3,True,False,True,True,False
PT_Sans-Caption-Web-Regular.ttf,PT Sans Caption,Latin,233,720,2.7510729613733904,1.294,1,False,False,True,False,False
Livvic-ThinItalic.ttf,Livvic Thin,Latin,468,786,1.5982905982905984,1.255,3,True,False,True,True,False
Lumanosimo-Regular.ttf,Lumanosimo,Latin,123,260,1.0,1.0,0,False,False,False,False,False
Livvic-BlackItalic.ttf,Livvic Black,Latin,468,786,1.5982905982905984,1.255,3,True,False,True,True,False
PT_Sans-Caption-Web-Bold.ttf,PT Sans Caption,Latin,233,720,2.7510729613733904,1.294,1,False,False,True,False,False
NotoSansBatak-Regular.ttf,Noto Sans Batak,Latin,219,409,1.2922374429223744,1.362,2,False,False,True,True,False
Livvic-ExtraLight.ttf,Livvic ExtraLight,Latin,468,786,1.7478632478632479,1.255,3,True,False,True,True,False
Livvic-BoldItalic.ttf,Livvic,Latin,468,786,1.5982905982905984,1.255,3,True,False,True,True,False
RacingSansOne-Regular.ttf,Racing Sans One,Latin,305,474,1.2950819672131149,1.26,1,False,False,True,False,False
Capriola[wght].ttf,Capriola,Latin,373,579,1.2949061662198391,1.2685546875,2,False,False,True,True,False
HermeneusOne-Regular.ttf,Hermeneus One,Latin,305,460,1.1475409836065573,1.209,1,False,False,True,False,False
NotoSansLepcha-Regular.ttf,Noto Sans Lepcha,Latin,229,470,1.5938864628820961,1.519,2,False,True,False,True,False
Allan-Regular.ttf,Allan,Latin,125,236,1.0,1.142578125,0,False,False,False,False,False
Allan-Bold.ttf,Allan,Latin,125,240,1.0,1.25,0,False,False,False,False,False
LeckerliOne-Regular.ttf,Leckerli One,Latin,120,217,1.0,1.345,0,False,False,False,False,False
BigShouldersDisplay[wght].ttf,Big Shoulders Display Thin,Latin,484,1074,1.5950413223140496,1.197,2,False,False,True,True,False
Faustina-Italic[wght].ttf,Faustina Light,Latin,428,804,1.4485981308411215,1.26,2,False,False,True,True,False
PlaywritePE[wght].ttf,Playwrite PE,Latin,365,1280,1.7397260273972603,1.932,2,True,False,False,True,False
NotoSansGlagolitic-Regular.ttf,Noto Sans Glagolitic,Latin,227,477,1.449339207048458,1.362,1,False,False,False,True,False
YanoneKaffeesatz[wght].ttf,Yanone Kaffeesatz ExtraLight,Latin,328,675,1.4481707317073171,0.992,2,False,False,True,True,False
Jersey20-Regular.ttf,Jersey 20,Latin,229,362,1.148471615720524,1.0,1,False,False,False,True,False
Joan-Regular.ttf,Joan,Latin,307,1187,1.5993485342019544,1.292,3,True,False,True,True,False
Marcellus-Regular.ttf,Marcellus,Latin,257,370,1.1478599221789882,1.25390625,1,False,False,True,False,False
PlaywriteUSModernGuides-Regular.ttf,Playwrite US Modern Guides,Latin,365,1249,1.7397260273972603,1.792,2,True,False,False,True,False
OverpassMono[wght].ttf,Overpass Mono Light,Latin,582,1801,1.597938144329897,1.266,4,True,False,True,True,True
Amaranth-BoldItalic.ttf,Amaranth,Latin,120,225,1.0,1.211,0,False,False,False,False,False
Amaranth-Bold.ttf,Amaranth,Latin,120,218,1.0,1.212,0,False,False,False,False,False
NotoSansKawi[wght].ttf,Noto Sans Kawi,Latin,229,489,1.8908296943231442,2.0,2,False,True,False,True,False
Faustina[wght].ttf,Faustina Light,Latin,429,804,1.4475524475524475,1.26,2,False,False,True,True,False
Amaranth-Italic.ttf,Amaranth,Latin,120,218,1.0,1.212,0,False,False,False,False,False
Amaranth-Regular.ttf,Amaranth,Latin,120,218,1.0,1.212,0,False,False,False,False,False
"Georama-Italic[wdth,wght].ttf",Georama ExtraCondensed Thin,Latin,403,1090,1.2977667493796525,1.194,3,True,False,True,True,False
DeliusSwashCaps-Regular.ttf,Delius Swash Caps,Latin,143,274,1.0,1.256,0,False,False,False,False,False
"Georama[wdth,wght].ttf",Georama ExtraCondensed Thin,Latin,403,1091,1.2977667493796525,1.194,3,True,False,True,True,False
BungeeHairline-Regular.ttf,Bungee Hairline,Latin,415,1063,1.1421686746987951,1.32,2,False,False,True,True,False
"RobotoFlex[GRAD,XOPQ,XTRA,YOPQ,YTAS,YTDE,YTFI,YTLC,YTUC,opsz,slnt,wdth,wght].ttf",Roboto Flex,Latin,402,948,1.1492537313432836,1.171875,3,False,False,True,True,True
PlaywriteCUGuides-Regular.ttf,Playwrite CU Guides,Latin,365,1221,1.7397260273972603,2.192,2,True,False,False,True,False
Rasa-Italic[wght].ttf,Rasa,Latin,470,882,1.5957446808510638,1.218,3,True,False,True,True,False
BeauRivage-Regular.ttf,Beau Rivage,Latin,414,1051,1.5990338164251208,1.34,3,True,False,True,True,False
DellaRespira-Regular.ttf,Della Respira,Latin,191,296,1.0,1.36865234375,0,False,False,False,False,False
BetaniaPatmos-Regular.ttf,Betania Patmos,Latin,134,1023,1.4477611940298507,1.3,3,True,False,True,True,False
"AfacadFlux[slnt,wght].ttf",Afacad Flux,Latin,410,840,1.5951219512195123,1.3333333333333333,3,True,False,True,True,False
"NotoSerifEthiopic[wdth,wght].ttf",Noto Serif Ethiopic,Latin,229,923,1.296943231441048,1.362,2,True,False,False,True,False
Alegreya-Italic[wght].ttf,Alegreya,Latin,498,2179,1.5943775100401607,1.361,2,False,False,True,True,False
Alegreya[wght].ttf,Alegreya,Latin,498,2172,1.5943775100401607,1.361,2,False,False,True,True,False
BubblegumSans-Regular.ttf,Bubblegum Sans,Latin,126,238,1.0,1.163,0,False,False,False,False,False
PlaywriteDESAS[wght].ttf,Playwrite DE SAS,Latin,365,1323,1.7397260273972603,1.679,2,True,False,False,True,False
Combo-Regular.ttf,Combo,Latin,251,406,1.0,1.176,0,False,False,False,False,False
PressStart2P-Regular.ttf,Press Start 2P,Latin,244,658,1.8852459016393444,1.0,1,False,False,True,False,False
LexendPeta[wght].ttf,Lexend Peta,Latin,482,850,1.5975103734439835,1.25,2,False,False,True,True,False
YesevaOne-Regular.ttf,Yeseva One,Latin,342,666,2.491228070175439,1.155,2,False,False,True,True,False
Quattrocento-Regular.ttf,Quattrocento,Latin,134,249,1.1492537313432836,1.108,1,False,False,True,False,False
Quattrocento-Bold.ttf,Quattrocento,Latin,134,249,1.1492537313432836,1.108,1,False,False,True,False,False
PassionsConflict-Regular.ttf,Passions Conflict,Latin,400,630,1.45,1.1,2,False,False,True,True,False
GFSNeohellenicBold.ttf,GFS Neohellenic,Latin,356,879,1.446629213483146,0.894,2,True,False,True,False,False
GFSNeohellenicBoldItalic.ttf,GFS Neohellenic,Latin,356,888,1.446629213483146,0.899,2,True,False,True,False,False
NotoSansGunjalaGondi[wght].ttf,Noto Sans Gunjala Gondi,Latin,229,585,1.5938864628820961,1.266,2,True,False,False,True,False
GFSNeohellenic.ttf,GFS Neohellenic,Latin,356,1142,1.446629213483146,0.869,2,True,False,True,False,False
GFSNeohellenicItalic.ttf,GFS Neohellenic,Latin,354,924,1.4491525423728813,0.901,2,True,False,True,False,False
Fuggles-Regular.ttf,Fuggles,Latin,352,1747,1.7329545454545454,1.201,3,True,False,True,True,False
Metamorphous-Regular.ttf,Metamorphous,Latin,270,425,1.0,1.25,0,False,False,False,False,False
FrancoisOne-Regular.ttf,Francois One,Latin,416,612,3.980769230769231,1.418,2,False,False,True,True,False
MsMadi-Regular.ttf,Ms Madi,Latin,414,648,1.4492753623188406,1.32,2,False,False,True,True,False
NotoSansManichaean-Regular.ttf,Noto Sans Manichaean,Latin,227,483,1.8986784140969164,1.13,3,True,False,False,True,True
NotoSansTifinagh-Regular.ttf,Noto Sans Tifinagh,Latin,229,601,1.5938864628820961,1.362,2,False,False,True,True,False
FacultyGlyphic-Regular.ttf,Faculty Glyphic,Latin,259,412,1.1467181467181466,1.299,1,False,False,False,True,False
SchibstedGrotesk-Italic[wght].ttf,Schibsted Grotesk,Latin,290,583,1.7413793103448276,1.234375,3,True,False,True,True,False
SchibstedGrotesk[wght].ttf,Schibsted Grotesk,Latin,290,583,1.7413793103448276,1.234375,3,True,False,True,True,False
"Commissioner[FLAR,VOLM,slnt,wght].ttf",Commissioner Thin,Latin,467,1123,1.5995717344753748,1.223,3,True,False,True,True,False
SUSE-Italic[wght].ttf,SUSE Thin,Latin,330,595,1.4454545454545455,1.26,3,True,False,True,True,False
LibreFranklin-Italic[wght].ttf,Libre Franklin Thin,Latin,475,1012,1.2989473684210526,1.212,2,False,False,True,True,False
NotoSansLisu[wght].ttf,Noto Sans Lisu,Latin,231,395,1.147186147186147,1.362,1,False,False,False,True,False
BetaniaPatmosInGDL-Regular.ttf,Betania Patmos In GDL,Latin,134,1023,1.4477611940298507,1.3,3,True,False,True,True,False
LovedbytheKing.ttf,Loved by the King,Latin,252,355,0.9920634920634921,1.72607421875,0,False,False,False,False,False
SigmarOne-Regular.ttf,Sigmar One,Latin,403,621,3.977667493796526,1.638,2,False,False,True,True,False
Neonderthaw-Regular.ttf,Neonderthaw,Latin,414,632,1.429951690821256,1.35,2,False,False,True,True,False
SeaweedScript-Regular.ttf,Seaweed Script,Latin,126,228,1.0,1.357421875,0,False,False,False,False,False
Cedarville-Cursive.ttf,Cedarville Cursive,Latin,248,355,1.0,1.896484375,0,False,False,False,False,False
NotoSansHanunoo-Regular.ttf,Noto Sans Hanunoo,Latin,229,380,1.445414847161572,1.362,1,False,False,False,True,False
SUSE[wght].ttf,SUSE Thin,Latin,330,629,1.4454545454545455,1.26,3,True,False,True,True,False
Tapestry-Regular.ttf,Tapestry,Latin,414,617,1.4492753623188406,1.25,2,False,False,True,True,False
LibreFranklin[wght].ttf,Libre Franklin Thin,Latin,475,1007,1.2989473684210526,1.212,2,False,False,True,True,False
Ruda[wght].ttf,Ruda,Latin,355,644,1.0,1.217,1,False,False,False,True,False
Comme[wght].ttf,Comme,Latin,350,518,1.5942857142857143,1.2001953125,2,False,False,True,True,False
ProtestGuerrilla-Regular.ttf,Protest Guerrilla,Latin,401,577,1.4488778054862843,1.2,2,False,False,True,True,False
GFSDidot-Regular.ttf,GFS Didot,Latin,356,1147,1.446629213483146,1.024,2,True,False,True,False,False
SometypeMono[wght].ttf,Sometype Mono,Latin,260,563,1.3,1.2,2,True,False,False,True,False
SometypeMono-Italic[wght].ttf,Sometype Mono,Latin,260,563,1.3,1.2,2,True,False,False,True,False
STIXTwoMath-Regular.ttf,STIX Two Math,Latin,637,6760,1.8948194662480378,1.25,0,False,False,False,False,False
Monoton-Regular.ttf,Monoton,Latin,243,373,1.0,1.556640625,0,False,False,False,False,False
Actor-Regular.ttf,Actor,Latin,126,237,1.1428571428571428,1.203,1,False,False,True,False,False
"Nabla[EDPT,EHLT].ttf",Nabla,Latin,257,3655,1.1478599221789882,1.643,0,False,False,False,False,False
"InstrumentSans-Italic[wdth,wght].ttf",Instrument Sans,Latin,231,501,1.2943722943722944,1.22,2,False,False,True,True,False
Bilbo-Regular.ttf,Bilbo,Latin,312,798,1.4423076923076923,1.25,2,False,False,True,True,False
Shanti-Regular.ttf,Shanti,Latin,256,428,1.4453125,1.27490234375,2,False,False,True,True,False
Quintessential-Regular.ttf,Quintessential,Latin,257,371,1.1478599221789882,1.533203125,1,False,False,True,False,False
"Gluten[slnt,wght].ttf",Gluten Thin,Latin,417,770,1.4460431654676258,0.8825,2,False,False,True,True,False
"InstrumentSans[wdth,wght].ttf",Instrument Sans,Latin,231,501,1.2943722943722944,1.22,2,False,False,True,True,False
EncodeSansCondensed-SemiBold.ttf,Encode Sans Condensed,Latin,473,1204,5.883720930232558,1.25,2,False,False,True,True,False
EncodeSansCondensed-Black.ttf,Encode Sans Condensed,Latin,473,1204,5.883720930232558,1.25,2,False,False,True,True,False
EncodeSansCondensed-Medium.ttf,Encode Sans Condensed,Latin,473,1204,5.883720930232558,1.25,2,False,False,True,True,False
StardosStencil-Bold.ttf,Stardos Stencil,Latin,174,306,1.0,1.37939453125,0,False,False,False,False,False
StardosStencil-Regular.ttf,Stardos Stencil,Latin,173,305,1.0,1.37939453125,0,False,False,False,False,False
EncodeSansCondensed-Bold.ttf,Encode Sans Condensed,Latin,473,1204,5.883720930232558,1.25,2,False,False,True,True,False
EncodeSansCondensed-Light.ttf,Encode Sans Condensed,Latin,473,1204,5.883720930232558,1.25,2,False,False,True,True,False
EncodeSansCondensed-ExtraBold.ttf,Encode Sans Condensed,Latin,473,1204,5.883720930232558,1.25,2,False,False,True,True,False
EncodeSansCondensed-ExtraLight.ttf,Encode Sans Condensed,Latin,473,1204,5.883720930232558,1.25,2,False,False,True,True,False
JacquesFrancoisShadow-Regular.ttf,Jacques Francois Shadow,Latin,119,218,1.0,1.31884765625,0,False,False,False,False,False
Akronim-Regular.ttf,Akronim,Latin,172,254,1.0,1.142,0,False,False,False,False,False
EncodeSansCondensed-Thin.ttf,Encode Sans Condensed,Latin,473,1204,5.883720930232558,1.25,2,False,False,True,True,False
PlaywriteSKGuides-Regular.ttf,Playwrite SK Guides,Latin,365,1259,1.7397260273972603,1.899,2,True,False,False,True,False
EncodeSansCondensed-Regular.ttf,Encode Sans Condensed,Latin,473,1204,5.883720930232558,1.25,2,False,False,True,True,False
Molengo-Regular.ttf,Molengo,Latin,262,373,1.1488549618320612,1.1962890625,1,False,False,False,True,False
JosefinSans[wght].ttf,Josefin Sans Thin,Latin,407,616,1.4496314496314497,1.0,2,False,False,True,True,False
"BitcountGridSingle[CRSV,ELSH,ELXP,slnt,wght].ttf",Bitcount Grid Single,Latin,262,1187,1.297709923664122,1.2,3,True,False,True,True,False
Afacad-Italic[wght].ttf,Afacad,Latin,410,845,1.7439024390243902,1.3333333333333333,3,True,False,True,True,False
Dynalight-Regular.ttf,Dynalight,Latin,257,372,1.1478599221789882,1.21337890625,1,False,False,True,False,False
JacquesFrancois-Regular.ttf,Jacques Francois,Latin,119,215,1.0,1.31884765625,0,False,False,False,False,False
PassionOne-Regular.ttf,Passion One,Latin,145,273,1.0,1.101,0,False,False,False,False,False
PassionOne-Bold.ttf,Passion One,Latin,145,273,1.0,1.101,0,False,False,False,False,False
PassionOne-Black.ttf,Passion One,Latin,145,273,1.0,1.101,0,False,False,False,False,False
JosefinSans-Italic[wght].ttf,Josefin Sans Thin,Latin,407,617,1.1498771498771498,1.0,2,False,False,True,True,False
VinaSans-Regular.ttf,Vina Sans,Latin,325,578,1.2953846153846154,1.215,2,False,False,True,True,False
Afacad[wght].ttf,Afacad,Latin,410,845,1.7439024390243902,1.3333333333333333,3,True,False,True,True,False
LindenHill-Italic.ttf,Linden Hill,Latin,246,590,1.2926829268292683,1.347900390625,2,False,False,True,False,True
NotoSansOldSouthArabian-Regular.ttf,Noto Sans Old South Arabian,Latin,231,372,1.147186147186147,1.362,1,False,False,False,True,False
"NotoSansMono[wdth,wght].ttf",Noto Sans Mono,Latin,1089,3920,1.598714416896235,1.362,2,False,False,False,True,True
Coda-Regular.ttf,Coda,Latin,282,394,1.148936170212766,1.419921875,1,False,False,True,False,False
Coda-ExtraBold.ttf,Coda,Latin,274,387,1.0,1.419921875,0,False,False,False,False,False
PaytoneOne-Regular.ttf,Paytone One,Latin,404,681,1.4455445544554455,1.396,2,False,False,True,True,False
LindenHill-Regular.ttf,Linden Hill,Latin,246,765,1.146341463414634,1.347900390625,2,False,False,True,False,True
"SourceSerif4-Italic[opsz,wght].ttf",Source Serif 4,Latin,414,1093,1.4492753623188406,1.371,2,False,False,True,True,False
NotoSansBassaVah[wght].ttf,Noto Sans Bassa Vah,Latin,231,384,1.2943722943722944,1.362,1,False,False,False,True,False
FiraMono-Medium.ttf,Fira Mono,Latin,261,1485,4.586206896551724,1.2,4,True,False,True,True,True
Jersey25Charted-Regular.ttf,Jersey 25 Charted,Latin,229,391,1.148471615720524,1.0,1,False,False,False,True,False
FiraMono-Regular.ttf,Fira Mono,Latin,261,1485,4.586206896551724,1.2,4,True,False,True,True,True
FiraMono-Bold.ttf,Fira Mono,Latin,261,1485,4.586206896551724,1.2,4,True,False,True,True,True
Allura-Regular.ttf,Allura,Latin,406,1087,1.7389162561576355,1.25,3,True,False,True,True,False
Gelasio[wght].ttf,Gelasio,Latin,647,1070,1.4404945904173108,1.26953125,2,False,False,True,True,False
Smooch-Regular.ttf,Smooch,Latin,418,1079,1.8636363636363635,1.4,3,True,False,True,True,False
NotoSerifBalinese-Regular.ttf,Noto Serif Balinese,Latin,219,543,1.4383561643835616,1.795,3,False,True,True,True,False
Gelasio-Italic[wght].ttf,Gelasio,Latin,647,1069,1.4404945904173108,1.26953125,2,False,False,True,True,False
BeVietnamPro-SemiBold.ttf,Be Vietnam Pro SemiBold,Latin,312,527,1.4423076923076923,1.265,2,False,False,True,True,False
BeVietnamPro-Light.ttf,Be Vietnam Pro Light,Latin,312,527,1.4423076923076923,1.265,2,False,False,True,True,False
Ranchers-Regular.ttf,Ranchers,Latin,305,446,1.1475409836065573,1.25,1,False,False,True,False,False
BeVietnamPro-Regular.ttf,Be Vietnam Pro,Latin,312,527,1.4423076923076923,1.265,2,False,False,True,True,False
BeVietnamPro-Medium.ttf,Be Vietnam Pro Medium,Latin,312,527,1.4423076923076923,1.265,2,False,False,True,True,False
BeVietnamPro-BlackItalic.ttf,Be Vietnam Pro Black,Latin,312,527,1.4423076923076923,1.265,2,False,False,True,True,False
BeVietnamPro-Bold.ttf,Be Vietnam Pro,Latin,312,527,1.4423076923076923,1.265,2,False,False,True,True,False
BeVietnamPro-Thin.ttf,Be Vietnam Pro Thin,Latin,312,527,1.4423076923076923,1.265,2,False,False,True,True,False
BeVietnamPro-Italic.ttf,Be Vietnam Pro,Latin,312,527,1.4423076923076923,1.265,2,False,False,True,True,False
BeVietnamPro-ExtraLightItalic.ttf,Be Vietnam Pro ExtraLight,Latin,312,527,1.4423076923076923,1.265,2,False,False,True,True,False
BeVietnamPro-MediumItalic.ttf,Be Vietnam Pro Medium,Latin,312,527,1.4423076923076923,1.265,2,False,False,True,True,False
BeVietnamPro-BoldItalic.ttf,Be Vietnam Pro,Latin,312,527,1.4423076923076923,1.265,2,False,False,True,True,False
BeVietnamPro-SemiBoldItalic.ttf,Be Vietnam Pro SemiBold,Latin,312,527,1.4423076923076923,1.265,2,False,False,True,True,False
PlaywriteAUVIC[wght].ttf,Playwrite AU VIC,Latin,365,1293,1.7397260273972603,1.932,2,True,False,False,True,False
BeVietnamPro-ExtraLight.ttf,Be Vietnam Pro ExtraLight,Latin,312,527,1.4423076923076923,1.265,2,False,False,True,True,False
BeVietnamPro-ExtraBold.ttf,Be Vietnam Pro ExtraBold,Latin,312,527,1.4423076923076923,1.265,2,False,False,True,True,False
BeVietnamPro-Black.ttf,Be Vietnam Pro Black,Latin,312,527,1.4423076923076923,1.265,2,False,False,True,True,False
BeVietnamPro-ExtraBoldItalic.ttf,Be Vietnam Pro ExtraBold,Latin,312,527,1.4423076923076923,1.265,2,False,False,True,True,False
BeVietnamPro-LightItalic.ttf,Be Vietnam Pro Light,Latin,312,527,1.4423076923076923,1.265,2,False,False,True,True,False
Glory-Italic[wght].ttf,Glory Thin,Latin,325,495,1.4430769230769231,1.12,2,False,False,True,True,False
Glory[wght].ttf,Glory Thin,Latin,325,495,1.4430769230769231,1.12,2,False,False,True,True,False
Rationale-Regular.ttf,Rationale,Latin,119,218,1.0,1.153,0,False,False,False,False,False
BeVietnamPro-ThinItalic.ttf,Be Vietnam Pro Thin,Latin,312,527,1.4423076923076923,1.265,2,False,False,True,True,False
"Literata[opsz,wght].ttf",Literata,Latin,492,1789,1.5934959349593496,1.485,2,False,False,True,True,False
BungeeSpice-Regular.ttf,Bungee Spice,Latin,415,2126,1.1421686746987951,1.32,2,False,False,True,True,False
BungeeColor-Regular.ttf,Bungee Color Regular,Latin,251,868,0.5099601593625498,1.2,0,False,False,False,False,False
Elsie-Black.ttf,Elsie,Latin,146,307,1.143835616438356,1.152,1,False,False,True,False,False
Elsie-Regular.ttf,Elsie,Latin,147,290,1.1496598639455782,1.152,1,False,False,True,False,False
"Literata-Italic[opsz,wght].ttf",Literata,Latin,492,1769,1.5934959349593496,1.485,2,False,False,True,True,False
"PathwayExtreme[opsz,wdth,wght].ttf",Pathway Extreme 8pt Thin,Latin,400,723,1.75,1.356,3,True,False,True,True,False
"PathwayExtreme-Italic[opsz,wdth,wght].ttf",Pathway Extreme 8pt Thin,Latin,400,725,1.75,1.356,3,True,False,True,True,False
BellotaText-LightItalic.ttf,Bellota Text,Latin,530,1308,5.918867924528302,1.258,2,False,False,True,True,False
"SourceSerif4[opsz,wght].ttf",Source Serif 4,Latin,414,1463,1.4492753623188406,1.371,2,False,False,True,True,False
BellotaText-Regular.ttf,Bellota Text,Latin,530,1308,5.918867924528302,1.258,2,False,False,True,True,False
BellotaText-Italic.ttf,Bellota Text,Latin,530,1308,5.918867924528302,1.258,2,False,False,True,True,False
Ojuju[wght].ttf,Ojuju ExtraLight,Latin,698,1022,1.2979942693409743,1.406,1,False,False,False,True,False
MergeOne-Regular.ttf,Merge One,Latin,240,343,1.0,1.177,0,False,False,False,False,False
Mooli-Regular.ttf,Mooli,Latin,263,459,1.44106463878327,1.2,2,False,False,True,True,False
"AnekLatin[wdth,wght].ttf",Anek Latin Medium,Latin,470,790,1.5957446808510638,1.1,2,False,False,True,True,False
Monofett-Regular.ttf,Monofett,Latin,299,435,1.137123745819398,1.130859375,1,False,False,False,True,False
NotoSansMeeteiMayek[wght].ttf,Noto Sans Meetei Mayek,Latin,231,428,1.2943722943722944,1.39,2,False,True,False,True,False
NovaRound.ttf,Nova Round,Latin,279,421,1.0,1.20703125,0,False,False,False,False,False
BellotaText-BoldItalic.ttf,Bellota Text,Latin,530,1308,5.918867924528302,1.258,2,False,False,True,True,False
BellotaText-Light.ttf,Bellota Text,Latin,530,1308,5.918867924528302,1.258,2,False,False,True,True,False
NotoSansMeroitic-Regular.ttf,Noto Sans Meroitic,Latin,227,460,1.449339207048458,1.343,0,False,False,False,False,False
NotoSansMiao-Regular.ttf,Noto Sans Miao,Latin,231,700,1.2943722943722944,1.492,1,False,False,False,True,False
Shojumaru-Regular.ttf,Shojumaru,Latin,256,373,1.1484375,1.32421875,1,False,False,True,False,False
NotoSansModi-Regular.ttf,Noto Sans Modi,Latin,229,542,2.039301310043668,1.354,3,True,True,False,True,False
Miniver-Regular.ttf,Miniver,Latin,127,229,1.0,1.4580078125,0,False,False,False,False,False
Lancelot-Regular.ttf,Lancelot,Latin,122,247,1.0,1.10498046875,0,False,False,False,False,False
RadioCanadaBig-Italic[wght].ttf,Radio Canada Big,Latin,288,476,1.5972222222222223,1.3,2,False,False,True,True,False
ContrailOne-Regular.ttf,Contrail One,Latin,139,239,1.0,1.251953125,0,False,False,False,False,False
Freeman-Regular.ttf,Freeman,Latin,724,1576,1.5966850828729282,1.33,2,False,False,True,True,False
PlaywriteTZGuides-Regular.ttf,Playwrite TZ Guides,Latin,365,1220,1.7397260273972603,1.932,2,True,False,False,True,False
BellotaText-Bold.ttf,Bellota Text,Latin,530,1308,5.918867924528302,1.258,2,False,False,True,True,False
Girassol-Regular.ttf,Girassol,Latin,250,436,1.444,1.194,2,True,False,True,False,False
Akatab-ExtraBold.ttf,Akatab ExtraBold,Latin,170,642,1.588235294117647,1.3701171875,4,True,False,True,True,True
Akatab-SemiBold.ttf,Akatab SemiBold,Latin,170,642,1.588235294117647,1.3701171875,4,True,False,True,True,True
RadioCanadaBig[wght].ttf,Radio Canada Big,Latin,287,477,1.5993031358885017,1.3,2,False,False,True,True,False
Akatab-Regular.ttf,Akatab,Latin,170,642,1.588235294117647,1.3701171875,4,True,False,True,True,True
Akatab-Black.ttf,Akatab Black,Latin,170,642,1.588235294117647,1.3701171875,4,True,False,True,True,True
Akatab-Medium.ttf,Akatab Medium,Latin,170,642,1.588235294117647,1.3701171875,4,True,False,True,True,True
Akatab-Bold.ttf,Akatab,Latin,170,642,1.588235294117647,1.3701171875,4,True,False,True,True,True
Moderustic[wght].ttf,Moderustic,Latin,315,1551,1.4476190476190476,1.25,2,False,False,True,True,False
Barlow-SemiBoldItalic.ttf,Barlow,Latin,355,694,3.388732394366197,1.2,2,False,False,True,True,False
Barlow-Light.ttf,Barlow,Latin,355,694,3.388732394366197,1.2,2,False,False,True,True,False
Barlow-BoldItalic.ttf,Barlow,Latin,355,694,3.388732394366197,1.2,2,False,False,True,True,False
Barlow-ExtraLight.ttf,Barlow,Latin,355,694,3.388732394366197,1.2,2,False,False,True,True,False
Barlow-ThinItalic.ttf,Barlow,Latin,355,694,3.388732394366197,1.2,2,False,False,True,True,False
Barlow-MediumItalic.ttf,Barlow,Latin,355,694,3.388732394366197,1.2,2,False,False,True,True,False
Barlow-ExtraLightItalic.ttf,Barlow,Latin,355,694,3.388732394366197,1.2,2,False,False,True,True,False
Average-Regular.ttf,Average,Latin,265,447,1.441509433962264,1.216,2,False,False,True,True,False
Barlow-Italic.ttf,Barlow,Latin,355,694,3.388732394366197,1.2,2,False,False,True,True,False
Barlow-ExtraBoldItalic.ttf,Barlow,Latin,355,694,3.388732394366197,1.2,2,False,False,True,True,False
Barlow-Thin.ttf,Barlow,Latin,355,694,3.388732394366197,1.2,2,False,False,True,True,False
Barlow-LightItalic.ttf,Barlow,Latin,355,694,3.388732394366197,1.2,2,False,False,True,True,False
Barlow-ExtraBold.ttf,Barlow,Latin,355,694,3.388732394366197,1.2,2,False,False,True,True,False
Barlow-Bold.ttf,Barlow,Latin,355,694,3.388732394366197,1.2,2,False,False,True,True,False
Barlow-Medium.ttf,Barlow,Latin,355,694,3.388732394366197,1.2,2,False,False,True,True,False
Barlow-BlackItalic.ttf,Barlow,Latin,355,694,3.388732394366197,1.2,2,False,False,True,True,False
Barlow-Regular.ttf,Barlow,Latin,355,694,3.388732394366197,1.2,2,False,False,True,True,False
Barlow-SemiBold.ttf,Barlow,Latin,355,694,3.388732394366197,1.2,2,False,False,True,True,False
Barlow-Black.ttf,Barlow,Latin,355,694,3.388732394366197,1.2,2,False,False,True,True,False
"NotoSansArmenian[wdth,wght].ttf",Noto Sans Armenian,Latin,227,436,1.5991189427312775,1.36,2,False,False,True,True,False
Lilex-Italic[wght].ttf,Lilex,Latin,379,1411,1.2955145118733509,1.3,2,True,False,False,True,False
NotoSansMandaic-Regular.ttf,Noto Sans Mandaic,Latin,219,455,1.8767123287671232,1.147,3,True,False,False,True,True
ExpletusSans[wght].ttf,Expletus Sans,Latin,125,251,1.144,1.339,1,False,False,False,True,False
ExpletusSans-Italic[wght].ttf,Expletus Sans,Latin,125,251,1.144,1.339,1,False,False,False,True,False
NotoSansSignWriting-Regular.ttf,Noto Sans SignWriting,Latin,229,38218,1.5938864628820961,1.002,2,True,False,False,True,False
Lilex[wght].ttf,Lilex,Latin,379,1410,1.2955145118733509,1.3,2,True,False,False,True,False
BigelowRules-Regular.ttf,Bigelow Rules,Latin,256,371,1.1484375,1.15869140625,1,False,False,True,False,False
Lexend[wght].ttf,Lexend,Latin,482,850,1.5975103734439835,1.25,2,False,False,True,True,False
PlaywriteNO[wght].ttf,Playwrite NO,Latin,365,1284,1.7397260273972603,1.864,2,True,False,False,True,False
Mate-Regular.ttf,Mate,Latin,263,432,1.4448669201520912,1.22,2,False,False,True,True,False
NotoSerifVithkuqi[wght].ttf,Noto Serif Vithkuqi,Latin,229,407,1.148471615720524,1.362,1,False,False,False,True,False
Mate-Italic.ttf,Mate,Latin,263,432,1.4448669201520912,1.22,2,False,False,True,True,False
PlusJakartaSans[wght].ttf,Plus Jakarta Sans,Latin,469,1188,1.5970149253731343,1.26,3,True,False,True,True,False
PlusJakartaSans-Italic[wght].ttf,Plus Jakarta Sans,Latin,469,1188,1.5970149253731343,1.26,3,True,False,True,True,False
Baskervville-Italic[wght].ttf,Baskervville,Latin,261,548,1.7471264367816093,1.293,3,True,False,True,True,False
Imprima-Regular.ttf,Imprima,Latin,263,435,1.4448669201520912,1.158,2,False,False,True,True,False
PT_Serif-Caption-Web-Italic.ttf,PT Serif Caption,Latin,233,720,2.7510729613733904,1.325,1,False,False,True,False,False
PT_Serif-Caption-Web-Regular.ttf,PT Serif Caption,Latin,233,719,2.7510729613733904,1.325,1,False,False,True,False,False
CutiveMono-Regular.ttf,Cutive Mono,Latin,308,452,1.448051948051948,1.10107421875,2,False,False,True,True,False
MavenProVFBeta.ttf,Maven Pro VF Beta,Latin,471,722,1.29723991507431,1.175,2,False,False,True,True,False
Antonio[wght].ttf,Antonio,Latin,302,440,1.2980132450331126,1.2939453125,2,False,False,True,True,False
Baskervville[wght].ttf,Baskervville,Latin,261,707,1.4482758620689655,1.293,2,False,False,True,True,False
Sofia-Regular.ttf,Sofia,Latin,126,232,1.0,1.576,0,False,False,False,False,False
Arvo-Regular.ttf,Arvo,Latin,124,224,1.0,1.04345703125,0,False,False,False,False,False
Arvo-Bold.ttf,Arvo,Latin,124,222,1.0,1.04345703125,0,False,False,False,False,False
Kreon[wght].ttf,Kreon Light,Latin,243,407,1.0,1.26,1,False,False,False,True,False
Arvo-BoldItalic.ttf,Arvo,Latin,124,224,1.0,1.04345703125,0,False,False,False,False,False
Arvo-Italic.ttf,Arvo,Latin,120,220,1.0,1.04345703125,0,False,False,False,False,False
EduNSWACTFoundation[wght].ttf,Edu NSW ACT Foundation,Latin,54,194,1.0,1.26,0,False,False,False,False,False
OleoScript-Bold.ttf,Oleo Script,Latin,140,246,1.0,1.383,0,False,False,False,False,False
NotoSansIndicSiyaqNumbers-Regular.ttf,Noto Sans Indic Siyaq Numbers,Latin,231,430,1.147186147186147,1.562,2,False,False,False,True,True
OleoScript-Regular.ttf,Oleo Script,Latin,140,245,1.0,1.383,0,False,False,False,False,False
NerkoOne-Regular.ttf,Nerko One,Latin,326,440,0.9969325153374233,1.211,0,False,False,False,False,False
StalinistOne-Regular.ttf,Stalinist One,Latin,143,337,1.0,1.476,0,False,False,False,False,False
PlaywriteUSTrad[wght].ttf,Playwrite US Trad,Latin,365,1276,1.7397260273972603,1.932,2,True,False,False,True,False
SyneTactile-Regular.ttf,Syne Tactile,Latin,232,499,1.4396551724137931,1.2,2,False,False,True,True,False
OriginalSurfer-Regular.ttf,Original Surfer,Latin,256,372,1.1484375,1.2509765625,1,False,False,True,False,False
Warnes-Regular.ttf,Warnes,Latin,263,473,1.4448669201520912,1.304,2,False,False,True,True,False
Besley-Italic[wght].ttf,Besley,Latin,264,458,1.2954545454545454,1.675,3,True,False,True,True,False
Besley[wght].ttf,Besley,Latin,264,457,1.2954545454545454,1.675,3,True,False,True,True,False
Jost[wght].ttf,Jost,Latin,264,535,1.0,1.445,0,False,False,False,False,False
PrincessSofia-Regular.ttf,Princess Sofia,Latin,126,230,1.0,1.546875,0,False,False,False,False,False
Jost-Italic[wght].ttf,Jost,Latin,264,535,1.0,1.445,0,False,False,False,False,False
SendFlowers-Regular.ttf,Send Flowers,Latin,414,617,1.4492753623188406,1.325,2,False,False,True,True,False
InriaSerif-Bold.ttf,Inria Serif,Latin,258,597,1.1472868217054264,1.199,1,False,False,True,False,False
GolosText[wght].ttf,Golos Text,Latin,230,643,1.2956521739130435,1.2,3,True,False,False,True,True
InriaSerif-LightItalic.ttf,Inria Serif Light,Latin,258,597,1.1472868217054264,1.199,1,False,False,True,False,False
PT_Sans-Narrow-Web-Regular.ttf,PT Sans Narrow,Latin,233,720,2.7510729613733904,1.294,1,False,False,True,False,False
InriaSerif-BoldItalic.ttf,Inria Serif,Latin,258,597,1.1472868217054264,1.199,1,False,False,True,False,False
InriaSerif-Light.ttf,Inria Serif Light,Latin,258,597,1.1472868217054264,1.199,1,False,False,True,False,False
SonsieOne-Regular.ttf,Sonsie One,Latin,270,426,1.0,1.2939453125,0,False,False,False,False,False
InriaSerif-Regular.ttf,Inria Serif,Latin,258,597,1.1472868217054264,1.199,1,False,False,True,False,False
NotoSansDeseret-Regular.ttf,Noto Sans Deseret,Latin,231,420,1.147186147186147,1.362,1,False,False,False,True,False
EduAUVICWANTArrows[wght].ttf,Edu AU VIC WA NT Arrows,Latin,52,65,1.0,1.7395,0,False,False,False,False,False
PT_Sans-Narrow-Web-Bold.ttf,PT Sans Narrow,Latin,233,720,2.7510729613733904,1.294,1,False,False,True,False,False
InriaSerif-Italic.ttf,Inria Serif,Latin,258,597,1.1472868217054264,1.199,1,False,False,True,False,False
"TiltPrism[XROT,YROT].ttf",Tilt Prism,Latin,469,654,1.1492537313432836,1.262,2,False,False,True,True,False
SwankyandMooMoo.ttf,Swanky and Moo Moo,Latin,237,344,1.0,1.466796875,0,False,False,False,False,False
Raleway-Italic[wght].ttf,Raleway Thin,Latin,465,1063,1.5935483870967742,1.174,2,False,False,True,True,False
Raleway[wght].ttf,Raleway Thin,Latin,475,1071,1.5978947368421053,1.174,2,False,False,True,True,False
Poly-Regular.ttf,Poly,Latin,230,585,1.1478260869565218,1.188,1,False,False,True,False,False
Poly-Italic.ttf,Poly,Latin,252,512,1.1468253968253967,1.188,1,False,False,True,False,False
LibertinusMono-Regular.ttf,Libertinus Mono,Latin,246,618,1.0,1.14,1,False,False,False,True,False
LibreBarcode128-Regular.ttf,Libre Barcode 128,Latin,65,221,1.1384615384615384,1.0,1,True,False,False,False,False
Whisper-Regular.ttf,Whisper,Latin,414,654,1.4492753623188406,1.28,2,False,False,True,True,False
Petemoss-Regular.ttf,Petemoss,Latin,414,632,1.429951690821256,1.1,2,False,False,True,True,False
NotoSansWancho-Regular.ttf,Noto Sans Wancho,Latin,231,415,1.147186147186147,1.257,1,False,False,False,True,False
BerkshireSwash-Regular.ttf,Berkshire Swash,Latin,257,379,1.1478599221789882,1.2421875,1,False,False,True,False,False
Sanchez-Italic.ttf,Sanchez,Latin,252,369,1.1468253968253967,1.278,1,False,False,True,False,False
Sanchez-Regular.ttf,Sanchez,Latin,253,369,1.1462450592885376,1.278,1,False,False,True,False,False
Milonga-Regular.ttf,Milonga,Latin,305,447,1.1475409836065573,1.25,1,False,False,True,False,False
SueEllenFrancisco-Regular.ttf,Sue Ellen Francisco,Latin,183,290,1.0,1.94921875,0,False,False,False,False,False
NotoSansTakri-Regular.ttf,Noto Sans Takri,Latin,227,426,1.8986784140969164,1.262,2,False,True,False,True,False
Caprasimo-Regular.ttf,Caprasimo,Latin,123,256,1.0,0.86474609375,0,False,False,False,False,False
Narnoor-ExtraBold.ttf,Narnoor ExtraBold,Latin,125,489,1.144,1.551,3,False,False,True,True,True
Narnoor-SemiBold.ttf,Narnoor SemiBold,Latin,125,489,1.144,1.551,3,False,False,True,True,True
Narnoor-Regular.ttf,Narnoor,Latin,125,489,1.144,1.551,3,False,False,True,True,True
Narnoor-Medium.ttf,Narnoor Medium,Latin,125,489,1.144,1.551,3,False,False,True,True,True
Narnoor-Bold.ttf,Narnoor,Latin,125,489,1.144,1.551,3,False,False,True,True,True
BonheurRoyale-Regular.ttf,Bonheur Royale,Latin,402,620,1.4477611940298507,1.16,2,False,False,True,True,False
Share-Bold.ttf,Share,Latin,127,256,1.1496062992125984,1.127,1,False,False,True,False,False
Share-Italic.ttf,Share,Latin,127,256,1.1496062992125984,1.127,1,False,False,True,False,False
Share-Regular.ttf,Share,Latin,127,256,1.1496062992125984,1.127,1,False,False,True,False,False
Iceland-Regular.ttf,Iceland,Latin,119,219,1.0,0.97,0,False,False,False,False,False
Share-BoldItalic.ttf,Share,Latin,127,256,1.1496062992125984,1.127,1,False,False,True,False,False
NotoSansKhojki-Regular.ttf,Noto Sans Khojki,Latin,227,511,1.8986784140969164,1.856,2,False,True,False,True,False
NotoSansCham[wght].ttf,Noto Sans Cham,Latin,219,438,1.8767123287671232,1.468,4,True,True,True,True,False
"BitcountSingleInk[CRSV,ELSH,ELXP,SZP1,SZP2,XPN1,XPN2,YPN1,YPN2,slnt,wght].ttf",Bitcount Single Ink,Latin,262,1754,1.297709923664122,1.2,3,True,False,True,True,False
SortsMillGoudy-Regular.ttf,Sorts Mill Goudy,Latin,247,626,1.2995951417004048,1.438,2,False,False,True,False,True
SortsMillGoudy-Italic.ttf,Sorts Mill Goudy,Latin,247,519,1.2995951417004048,1.438,2,False,False,True,False,True
PlaywriteNZ[wght].ttf,Playwrite NZ,Latin,365,1356,1.7397260273972603,1.65,2,True,False,False,True,False
Agbalumo-Regular.ttf,Agbalumo,Latin,712,1708,1.446629213483146,1.48,3,True,False,True,True,False
SpectralSC-LightItalic.ttf,Spectral SC Light,Latin,471,1480,1.4458598726114649,1.522,2,False,False,True,True,False
SpectralSC-Light.ttf,Spectral SC Light,Latin,471,1480,1.4458598726114649,1.522,2,False,False,True,True,False
SpectralSC-ExtraBold.ttf,Spectral SC ExtraBold,Latin,471,1480,1.4458598726114649,1.522,2,False,False,True,True,False
SpectralSC-Medium.ttf,Spectral SC Medium,Latin,471,1480,1.4458598726114649,1.522,2,False,False,True,True,False
SpectralSC-SemiBoldItalic.ttf,Spectral SC SemiBold,Latin,471,1480,1.4458598726114649,1.522,2,False,False,True,True,False
SpectralSC-Regular.ttf,Spectral SC,Latin,471,1480,1.4458598726114649,1.522,2,False,False,True,True,False
SpectralSC-MediumItalic.ttf,Spectral SC Medium,Latin,471,1480,1.4458598726114649,1.522,2,False,False,True,True,False
Bahiana-Regular.ttf,Bahiana,Latin,303,499,3.6732673267326734,1.15,3,True,False,True,True,False
SirinStencil-Regular.ttf,SirinStencil,Latin,119,224,1.0,1.45703125,0,False,False,False,False,False
SpectralSC-Bold.ttf,Spectral SC,Latin,471,1480,1.4458598726114649,1.522,2,False,False,True,True,False
SpectralSC-ExtraLightItalic.ttf,Spectral SC ExtraLight,Latin,471,1480,1.4458598726114649,1.522,2,False,False,True,True,False
NotoSansTaiTham[wght].ttf,Noto Sans Tai Tham,Latin,231,1158,1.4415584415584415,1.589,2,False,False,True,True,False
SpectralSC-Italic.ttf,Spectral SC,Latin,471,1480,1.4458598726114649,1.522,2,False,False,True,True,False
SpectralSC-ExtraLight.ttf,Spectral SC ExtraLight,Latin,471,1480,1.4458598726114649,1.522,2,False,False,True,True,False
InstrumentSerif-Regular.ttf,Instrument Serif,Latin,231,377,1.4415584415584415,1.3,2,False,False,True,True,False
NotoSansOldItalic-Regular.ttf,Noto Sans Old Italic,Latin,219,385,1.1461187214611872,1.362,0,False,False,False,False,False
SpectralSC-SemiBold.ttf,Spectral SC SemiBold,Latin,471,1480,1.4458598726114649,1.522,2,False,False,True,True,False
DonegalOne-Regular.ttf,Donegal One,Latin,271,437,1.0,1.25,0,False,False,False,False,False
Fascinate-Regular.ttf,Fascinate,Latin,257,377,1.1478599221789882,1.326171875,1,False,False,True,False,False
NotoSansBrahmi-Regular.ttf,Noto Sans Brahmi,Latin,227,600,1.449339207048458,1.375,1,False,False,False,True,False
NoticiaText-Regular.ttf,Noticia Text,Latin,437,696,1.0,1.36474609375,0,False,False,False,False,False
NoticiaText-BoldItalic.ttf,Noticia Text,Latin,437,696,1.0,1.36474609375,0,False,False,False,False,False
InstrumentSerif-Italic.ttf,Instrument Serif,Latin,231,377,1.4415584415584415,1.3,2,False,False,True,True,False
NoticiaText-Italic.ttf,Noticia Text,Latin,437,696,1.0,1.36474609375,0,False,False,False,False,False
NoticiaText-Bold.ttf,Noticia Text,Latin,437,696,1.0,1.36474609375,0,False,False,False,False,False
NotoSansYi-Regular.ttf,Noto Sans Yi,Latin,231,1591,1.147186147186147,1.362,1,False,False,False,True,False
UbuntuMono-BoldItalic.ttf,Ubuntu Mono,Latin,461,1301,1.0,0.907,0,False,False,False,False,False
SpectralSC-BoldItalic.ttf,Spectral SC,Latin,471,1480,1.4458598726114649,1.522,2,False,False,True,True,False
UbuntuMono-Bold.ttf,Ubuntu Mono,Latin,461,1296,1.0,0.907,0,False,False,False,False,False
UbuntuMono-Regular.ttf,Ubuntu Mono,Latin,461,1296,1.0,0.907,0,False,False,False,False,False
UbuntuMono-Italic.ttf,Ubuntu Mono,Latin,461,1301,1.0,0.907,0,False,False,False,False,False
Nunito-Regular.ttf,Nunito,Latin,471,779,4.26963906581741,1.364,2,False,False,True,True,False
SpectralSC-ExtraBoldItalic.ttf,Spectral SC ExtraBold,Latin,471,1480,1.4458598726114649,1.522,2,False,False,True,True,False
CarroisGothic-Regular.ttf,Carrois Gothic,Latin,140,264,1.0,1.192,0,False,False,False,False,False
UbuntuSansMono[wght].ttf,Ubuntu Sans Mono,Latin,469,1342,1.2985074626865671,1.2,1,False,False,False,True,False
UbuntuSansMono-Italic[wght].ttf,Ubuntu Sans Mono,Latin,467,1343,1.2997858672376874,1.2,1,False,False,False,True,False
Ubuntu-Medium.ttf,Ubuntu,Latin,461,1264,2.1973969631236443,1.017,1,False,False,True,False,False
Ubuntu-LightItalic.ttf,Ubuntu,Latin,461,1269,2.4967462039045554,1.017,1,False,False,True,False,False
UbuntuCondensed-Regular.ttf,Ubuntu Condensed,Latin,461,1263,2.1973969631236443,1.017,1,False,False,True,False,False
Ubuntu-Regular.ttf,Ubuntu,Latin,461,1264,2.1973969631236443,1.017,1,False,False,True,False,False
Ubuntu-Bold.ttf,Ubuntu,Latin,461,1264,2.1973969631236443,1.017,1,False,False,True,False,False
Ubuntu-MediumItalic.ttf,Ubuntu,Latin,461,1269,2.1973969631236443,1.017,1,False,False,True,False,False
Ubuntu-BoldItalic.ttf,Ubuntu,Latin,461,1269,2.1973969631236443,1.017,1,False,False,True,False,False
Redressed-Regular.ttf,Redressed,Latin,259,376,1.1467181467181466,1.17236328125,1,False,False,True,False,False
Rochester-Regular.ttf,Rochester,Latin,126,230,1.0,1.28759765625,0,False,False,False,False,False
jsMath-cmsy10.ttf,jsMath-cmsy10,Latin,82,132,1.0,1.0,0,False,False,False,False,False
Smokum-Regular.ttf,Smokum,Latin,257,372,1.0,1.2197265625,0,False,False,False,False,False
Calligraffitti-Regular.ttf,Calligraffitti,Latin,126,228,1.0,1.3193359375,0,False,False,False,False,False
Ubuntu-Italic.ttf,Ubuntu,Latin,461,1269,2.1973969631236443,1.017,1,False,False,True,False,False
Ultra-Regular.ttf,Ultra,Latin,257,374,1.0,1.28271484375,0,False,False,False,False,False
Syncopate-Bold.ttf,Syncopate,Latin,257,370,1.0,1.041015625,0,False,False,False,False,False
Chewy-Regular.ttf,Chewy,Latin,126,229,1.0,1.130859375,0,False,False,False,False,False
HomemadeApple-Regular.ttf,Homemade Apple,Latin,126,230,1.0,1.646484375,0,False,False,False,False,False
jsMath-cmr10.ttf,jsMath-cmr10,Latin,82,132,1.0,1.0,0,False,False,False,False,False
Syncopate-Regular.ttf,Syncopate,Latin,257,370,1.0,1.041015625,0,False,False,False,False,False
jsMath-cmti10.ttf,jsMath-cmti10,Latin,82,132,1.0,1.0,0,False,False,False,False,False
Unkempt-Bold.ttf,Unkempt,Latin,126,228,1.0,1.1943359375,0,False,False,False,False,False
Unkempt-Regular.ttf,Unkempt,Latin,126,228,1.0,0.953125,0,False,False,False,False,False
MaidenOrange-Regular.ttf,Maiden Orange,Latin,256,369,1.1484375,1.0,1,False,False,True,False,False
Montez-Regular.ttf,Montez,Latin,257,372,1.1478599221789882,1.30810546875,1,False,False,True,False,False
MountainsofChristmas-Regular.ttf,Mountains of Christmas,Latin,126,231,1.0,1.38671875,0,False,False,False,False,False
Ubuntu-Light.ttf,Ubuntu,Latin,461,1264,1.8980477223427332,1.017,1,False,False,True,False,False
MountainsofChristmas-Bold.ttf,Mountains of Christmas,Latin,126,233,1.0,1.38671875,0,False,False,False,False,False
Yellowtail-Regular.ttf,Yellowtail,Latin,257,373,1.0,1.08984375,0,False,False,False,False,False
SpecialElite-Regular.ttf,Special Elite,Latin,256,370,1.1484375,1.0,1,False,False,True,False,False
jsMath-cmbx10.ttf,jsMath-cmbx10,Latin,82,132,1.0,1.0,0,False,False,False,False,False
jsMath-cmmi10.ttf,jsMath-cmmi10,Latin,82,132,1.0,1.0,0,False,False,False,False,False
JustAnotherHand-Regular.ttf,Just Another Hand,Latin,256,369,1.1484375,1.0,1,False,False,True,False,False
Rancho-Regular.ttf,Rancho,Latin,126,227,1.0,0.96484375,0,False,False,False,False,False
LuckiestGuy-Regular.ttf,Luckiest Guy,Latin,256,369,1.1484375,1.0,1,False,False,True,False,False
Sunshiney-Regular.ttf,Sunshiney,Latin,126,229,1.0,0.8486328125,0,False,False,False,False,False
RobotoSlab[wght].ttf,Roboto Slab,Latin,364,1164,1.5934065934065933,1.31884765625,3,False,False,True,True,True
WalterTurncoat-Regular.ttf,Walter Turncoat,Latin,126,228,1.0,0.6494140625,0,False,False,False,False,False
PermanentMarker-Regular.ttf,Permanent Marker,Latin,126,230,1.0,0.7265625,0,False,False,False,False,False
jsMath-cmex10.ttf,jsMath-cmex10,Latin,82,132,1.0,1.0,0,False,False,False,False,False
CherryCreamSoda-Regular.ttf,Cherry Cream Soda,Latin,126,228,1.0,1.017578125,0,False,False,False,False,False
CreepsterCaps-Regular.ttf,Creepster Caps,Latin,126,230,1.0,1.1689453125,0,False,False,False,False,False
Satisfy-Regular.ttf,Satisfy,Latin,126,227,1.0,1.1943359375,0,False,False,False,False,False
IrishGrover-Regular.ttf,Irish Grover,Latin,126,228,1.0,0.990234375,0,False,False,False,False,False
CraftyGirls-Regular.ttf,Crafty Girls,Latin,126,230,1.0,1.1015625,0,False,False,False,False,False
RockSalt-Regular.ttf,Rock Salt,Latin,126,228,1.0,1.1005859375,0,False,False,False,False,False
Schoolbell-Regular.ttf,Schoolbell,Latin,126,228,1.0,1.140625,0,False,False,False,False,False
Aclonica-Regular.ttf,Aclonica,Latin,256,371,1.1484375,1.13330078125,1,False,False,True,False,False
Slackey-Regular.ttf,Slackey,Latin,126,229,1.0,0.876953125,0,False,False,False,False,False
ComingSoon-Regular.ttf,Coming Soon,Latin,126,230,1.0,1.248046875,0,False,False,False,False,False
FontdinerSwanky-Regular.ttf,Fontdiner Swanky,Latin,126,231,1.0,1.142578125,0,False,False,False,False,False
Kranky-Regular.ttf,Kranky,Latin,126,228,1.0,0.99609375,0,False,False,False,False,False
PlaywriteCLGuides-Regular.ttf,Playwrite CL Guides,Latin,365,1222,1.7397260273972603,2.232,2,True,False,False,True,False
"UbuntuSans-Italic[wdth,wght].ttf",Ubuntu Sans,Latin,469,1328,1.4477611940298507,1.2,2,False,False,True,True,False
Crushed-Regular.ttf,Crushed,Latin,256,370,1.0,0.77587890625,0,False,False,False,False,False
"UbuntuSans[wdth,wght].ttf",Ubuntu Sans,Latin,469,1856,1.4477611940298507,1.2,2,False,False,True,True,False
Kablammo[MORF].ttf,Kablammo,Latin,465,1106,0.7311827956989247,1.292,2,True,False,False,True,False
