font_name,supported_scripts,font_count
roboto,"[Arabic,Bengali,Cyrillic,Devanagari,Han,Katakana,Latin,Tamil,Telugu]",5280099
poppins,"[Arabic,Bengali,Cyrillic,Devanagari,Han,Katakana,Latin,Tamil,Telugu]",2886966
montserrat,"[Arabic,Bengali,Cyrillic,Devanagari,Han,Katakana,Latin,Tamil,Telugu]",1870148
lato,"[Arabic,Bengali,Cyrillic,Devanagari,Han,Katakana,Latin,Tamil,Telugu]",1635387
inter,"[Arabic,Bengali,Cyrillic,Devanagari,Han,Katakana,Latin,Tamil,Telugu]",1058916
open-sans,"[Arabic,Bengali,Cyrillic,Devanagari,Han,Katakana,Latin,Tamil,Telugu]",963633
raleway,"[Arabic,Bengali,Cyrillic,Devanagari,Han,Katakana,Latin,Tamil,Telugu]",531844
oswald,"[Arabic,Bengali,Cyrillic,Devanagari,Han,Katakana,Latin,Tamil,Telugu]",357861
ubuntu,"[Arabic,Bengali,Cyrillic,Devanagari,Han,Katakana,Latin,Tamil,Telugu]",289291
barlow,"[Arabic,Bengali,Cyrillic,Devanagari,Han,Katakana,Latin,Tamil,Telugu]",243140
nunito,"[Arabic,Bengali,Cyrillic,Devanagari,Han,Katakana,Latin,Tamil,Telugu]",228217
rubik,"[Arabic,Bengali,Cyrillic,Devanagari,Han,Katakana,Latin,Tamil,Telugu]",217262
lora,"[Arabic,Bengali,Cyrillic,Devanagari,Han,Katakana,Latin,Tamil,Telugu]",168506
manrope,"[Arabic,Bengali,Cyrillic,Devanagari,Katakana,Latin]",157859
merriweather,"[Arabic,Bengali,Cyrillic,Devanagari,Katakana,Latin,Tamil,Telugu]",157300
noto-sans-jp,"[Arabic,Bengali,Cyrillic,Devanagari,Han,Katakana,Latin,Tamil,Telugu]",153740
roboto-slab,"[Arabic,Bengali,Cyrillic,Devanagari,Katakana,Latin,Tamil,Telugu]",152654
quicksand,"[Arabic,Bengali,Cyrillic,Devanagari,Katakana,Latin,Tamil,Telugu]",132258
jost,"[Arabic,Bengali,Cyrillic,Devanagari,Han,Katakana,Latin,Tamil,Telugu]",128106
outfit,"[Cyrillic,Devanagari,Katakana,Latin]",121279
kanit,"[Arabic,Bengali,Cyrillic,Devanagari,Han,Latin,Tamil,Telugu]",108157
roboto-condensed,"[Arabic,Bengali,Cyrillic,Devanagari,Han,Katakana,Latin,Tamil,Telugu]",105922
playfair-display,"[Arabic,Bengali,Cyrillic,Devanagari,Han,Katakana,Latin,Tamil,Telugu]",102110
dm-sans,"[Arabic,Cyrillic,Devanagari,Han,Katakana,Latin]",92311
karla,"[Arabic,Bengali,Cyrillic,Devanagari,Katakana,Latin,Tamil,Telugu]",91076
mulish,"[Cyrillic,Devanagari,Katakana,Latin]",78731
prompt,"[Arabic,Cyrillic,Devanagari,Katakana,Latin]",75735
hind,"[Arabic,Bengali,Cyrillic,Devanagari,Katakana,Latin,Tamil,Telugu]",72184
arimo,"[Arabic,Bengali,Cyrillic,Devanagari,Katakana,Latin,Tamil,Telugu]",71839
heebo,"[Cyrillic,Devanagari,Katakana,Latin]",70944
archivo,"[Arabic,Bengali,Cyrillic,Devanagari,Han,Katakana,Latin,Tamil,Telugu]",70419
noto-sans,"[Arabic,Bengali,Cyrillic,Devanagari,Han,Katakana,Latin,Tamil,Telugu]",66236
cabin,"[Arabic,Cyrillic,Devanagari,Han,Katakana,Latin]",64327
nunito-sans,"[Arabic,Bengali,Cyrillic,Devanagari,Han,Katakana,Latin,Tamil,Telugu]",60601
work-sans,"[Arabic,Bengali,Cyrillic,Devanagari,Han,Katakana,Latin,Tamil,Telugu]",53314
figtree,"[Arabic,Cyrillic,Devanagari,Latin]",51543
dosis,"[Arabic,Bengali,Cyrillic,Devanagari,Katakana,Latin,Tamil,Telugu]",51438
material-symbols-outlined,"[Cyrillic,Latin]",49149
pt-sans,"[Arabic,Bengali,Cyrillic,Devanagari,Katakana,Latin,Tamil,Telugu]",48624
anton,"[Arabic,Bengali,Cyrillic,Devanagari,Han,Katakana,Latin,Tamil,Telugu]",48095
comfortaa,"[Arabic,Bengali,Cyrillic,Devanagari,Han,Katakana,Latin,Tamil,Telugu]",46670
rajdhani,"[Arabic,Bengali,Cyrillic,Devanagari,Katakana,Latin,Tamil,Telugu]",46567
bitter,"[Arabic,Bengali,Cyrillic,Devanagari,Katakana,Latin,Tamil,Telugu]",46361
schibsted-grotesk,"[Cyrillic,Latin]",46340
lexend,"[Bengali,Cyrillic,Devanagari,Han,Latin,Telugu]",44811
spectral,"[Arabic,Bengali,Cyrillic,Devanagari,Latin,Tamil,Telugu]",43301
assistant,"[Arabic,Bengali,Cyrillic,Devanagari,Latin,Tamil,Telugu]",43101
cairo,"[Arabic,Bengali,Cyrillic,Devanagari,Latin,Tamil,Telugu]",42282
sarabun,"[Cyrillic,Devanagari,Latin]",41695
cinzel,"[Arabic,Cyrillic,Devanagari,Han,Katakana,Latin,Tamil,Telugu]",40424
oxygen,"[Arabic,Bengali,Cyrillic,Devanagari,Latin,Tamil,Telugu]",40409
cormorant-garamond,"[Arabic,Bengali,Cyrillic,Devanagari,Han,Katakana,Latin,Tamil,Telugu]",38730
josefin-sans,"[Arabic,Bengali,Cyrillic,Devanagari,Han,Katakana,Latin,Tamil,Telugu]",37679
plus-jakarta-sans,"[Arabic,Cyrillic,Devanagari,Katakana,Latin]",37644
noto-sans-kr,"[Cyrillic,Devanagari,Han,Katakana,Latin]",36065
tajawal,"[Arabic,Cyrillic,Devanagari,Latin]",35914
sora,"[Cyrillic,Devanagari,Latin,Tamil]",34437
bebas-neue,"[Arabic,Bengali,Cyrillic,Devanagari,Katakana,Latin,Tamil,Telugu]",33501
caveat,"[Cyrillic,Katakana,Latin]",33201
titillium-web,"[Arabic,Bengali,Cyrillic,Devanagari,Han,Katakana,Latin,Tamil,Telugu]",32346
noto-serif-jp,"[Cyrillic,Han,Katakana,Latin]",30953
urbanist,"[Arabic,Cyrillic,Devanagari,Latin]",30918
exo,"[Arabic,Bengali,Cyrillic,Devanagari,Latin,Tamil,Telugu]",30692
abel,"[Arabic,Bengali,Cyrillic,Devanagari,Katakana,Latin,Tamil,Telugu]",30164
mukta,"[Arabic,Bengali,Cyrillic,Devanagari,Latin,Tamil,Telugu]",27419
cormorant,"[Arabic,Bengali,Cyrillic,Devanagari,Han,Katakana,Latin,Tamil,Telugu]",26536
libre-baskerville,"[Arabic,Bengali,Cyrillic,Devanagari,Katakana,Latin,Tamil,Telugu]",26133
questrial,"[Cyrillic,Devanagari,Latin]",26085
fira-sans,"[Arabic,Bengali,Cyrillic,Devanagari,Latin,Tamil,Telugu]",25876
arvo,"[Arabic,Bengali,Cyrillic,Devanagari,Katakana,Latin,Tamil,Telugu]",25212
almarai,"[Arabic,Cyrillic,Devanagari,Latin]",25172
pt-serif,"[Arabic,Bengali,Cyrillic,Devanagari,Han,Katakana,Latin,Tamil,Telugu]",24786
marcellus,"[Arabic,Cyrillic,Devanagari,Han,Katakana,Latin]",23802
google-sans,"[Bengali,Cyrillic,Devanagari,Latin,Tamil,Telugu]",23743
lobster,"[Arabic,Bengali,Cyrillic,Devanagari,Latin,Tamil,Telugu]",23710
pacifico,"[Arabic,Bengali,Cyrillic,Devanagari,Latin,Tamil,Telugu]",23615
noto-sans-tc,"[Arabic,Cyrillic,Devanagari,Han,Katakana,Latin,Telugu]",22805
eb-garamond,"[Arabic,Bengali,Cyrillic,Devanagari,Han,Katakana,Latin,Tamil,Telugu]",22731
fraunces,"[Arabic,Cyrillic,Devanagari,Latin]",22617
abeezee,"[Arabic,Bengali,Cyrillic,Devanagari,Katakana,Latin,Tamil,Telugu]",21945
overpass,"[Arabic,Bengali,Cyrillic,Devanagari,Han,Katakana,Latin,Tamil,Telugu]",21708
play,"[Arabic,Cyrillic,Devanagari,Katakana,Latin]",21457
barlow-condensed,"[Arabic,Bengali,Cyrillic,Devanagari,Katakana,Latin,Tamil,Telugu]",21431
asap,"[Arabic,Bengali,Cyrillic,Devanagari,Han,Katakana,Latin,Tamil,Telugu]",20853
ibm-plex-sans,"[Cyrillic,Devanagari,Han,Katakana,Latin]",20822
abril-fatface,"[Arabic,Cyrillic,Devanagari,Han,Latin]",20744
geist,"[Cyrillic,Latin]",20717
teko,"[Arabic,Bengali,Cyrillic,Devanagari,Katakana,Latin,Tamil,Telugu]",20487
dancing-script,"[Cyrillic,Devanagari,Katakana,Latin,Tamil]",20247
kosugi,"[Arabic,Bengali,Cyrillic,Devanagari,Katakana,Latin,Tamil,Telugu]",20205
catamaran,"[Arabic,Bengali,Cyrillic,Devanagari,Latin,Tamil,Telugu]",19047
cardo,"[Arabic,Cyrillic,Devanagari,Han,Katakana,Latin,Tamil]",18502
material-icons,"[Cyrillic,Katakana,Latin]",16792
inter-tight,"[Cyrillic,Devanagari,Katakana,Latin]",16504
nanum-myeongjo,"[Cyrillic,Devanagari,Latin]",16442
vollkorn,"[Arabic,Cyrillic,Devanagari,Katakana,Latin,Telugu]",16010
yantramanav,"[Arabic,Bengali,Cyrillic,Devanagari,Latin,Tamil,Telugu]",15856
prata,"[Arabic,Cyrillic,Devanagari,Katakana,Latin]",15206
syne,"[Cyrillic,Devanagari,Latin]",15204
noto-serif,"[Arabic,Bengali,Cyrillic,Devanagari,Han,Katakana,Latin,Tamil,Telugu]",14965
epilogue,"[Arabic,Cyrillic,Devanagari,Latin,Telugu]",14738
libre-franklin,"[Arabic,Bengali,Cyrillic,Devanagari,Katakana,Latin,Tamil,Telugu]",14644
nanum-gothic,"[Cyrillic,Devanagari,Han,Latin]",14540
onest,"[Cyrillic,Latin]",14443
orbitron,"[Cyrillic,Devanagari,Latin]",14252
crimson-text,"[Arabic,Cyrillic,Devanagari,Katakana,Latin,Telugu]",13973
inconsolata,"[Cyrillic,Han,Katakana,Latin]",13935
space-grotesk,"[Bengali,Cyrillic,Devanagari,Latin,Tamil,Telugu]",13931
roboto-mono,"[Cyrillic,Devanagari,Latin]",13877
exo-2,"[Arabic,Bengali,Cyrillic,Devanagari,Katakana,Latin,Tamil,Telugu]",13861
red-hat-display,"[Cyrillic,Devanagari,Latin]",13675
fjalla-one,"[Arabic,Bengali,Cyrillic,Devanagari,Han,Katakana,Latin,Tamil,Telugu]",13601
public-sans,"[Cyrillic,Devanagari,Latin,Tamil]",13594
amiri,"[Arabic,Bengali,Cyrillic,Devanagari,Katakana,Latin,Tamil,Telugu]",13429
alegreya,"[Cyrillic,Devanagari,Han,Katakana,Latin,Tamil]",13212
special-elite,"[Arabic,Bengali,Cyrillic,Devanagari,Latin,Tamil,Telugu]",13177
source-sans-3,"[Cyrillic,Devanagari,Han,Katakana,Latin]",13028
philosopher,"[Cyrillic,Devanagari,Katakana,Latin]",13004
alata,"[Arabic,Cyrillic,Devanagari,Katakana,Latin,Tamil]",12497
signika,"[Cyrillic,Devanagari,Latin]",12253
pt-sans-narrow,"[Arabic,Bengali,Cyrillic,Devanagari,Latin,Tamil,Telugu]",12018
satisfy,"[Bengali,Cyrillic,Devanagari,Katakana,Latin]",11448
domine,"[Arabic,Cyrillic,Devanagari,Latin]",11273
dm-serif-display,"[Arabic,Cyrillic,Devanagari,Latin]",10942
saira,"[Arabic,Bengali,Cyrillic,Devanagari,Latin,Tamil,Telugu]",10877
source-sans-pro,"[Arabic,Bengali,Cyrillic,Devanagari,Katakana,Latin,Tamil,Telugu]",10864
unbounded,"[Cyrillic,Devanagari,Latin]",10748
great-vibes,"[Arabic,Bengali,Cyrillic,Devanagari,Katakana,Latin,Tamil,Telugu]",10654
allura,"[Arabic,Bengali,Cyrillic,Devanagari,Katakana,Latin]",10453
material-symbols-rounded,[Latin],10254
varela-round,"[Arabic,Bengali,Cyrillic,Devanagari,Han,Katakana,Latin,Tamil,Telugu]",10234
maven-pro,"[Arabic,Cyrillic,Devanagari,Latin]",10149
instrument-serif,"[Cyrillic,Devanagari,Latin]",10107
newsreader,"[Cyrillic,Latin]",9968
m-plus-rounded-1c,"[Cyrillic,Devanagari,Katakana,Latin]",9824
tinos,"[Cyrillic,Latin,Telugu]",9348
alice,"[Arabic,Bengali,Cyrillic,Devanagari,Latin,Tamil,Telugu]",9251
courgette,"[Arabic,Bengali,Cyrillic,Devanagari,Han,Katakana,Latin,Tamil,Telugu]",9227
chivo,"[Cyrillic,Latin]",9112
quattrocento,"[Cyrillic,Devanagari,Katakana,Latin]",9067
baskervville,"[Bengali,Cyrillic,Devanagari,Latin,Tamil,Telugu]",8958
geologica,"[Cyrillic,Latin]",8938
archivo-black,"[Cyrillic,Devanagari,Katakana,Latin]",8621
albert-sans,"[Arabic,Cyrillic,Devanagari,Latin]",8476
mitr,"[Arabic,Latin]",8418
acme,"[Arabic,Bengali,Cyrillic,Devanagari,Katakana,Latin,Tamil,Telugu]",8381
khand,"[Cyrillic,Devanagari,Katakana,Latin]",8303
kalam,"[Cyrillic,Devanagari,Latin]",8181
krub,[Latin],8114
forum,"[Arabic,Bengali,Cyrillic,Devanagari,Katakana,Latin,Tamil,Telugu]",8096
amatic-sc,"[Arabic,Bengali,Cyrillic,Devanagari,Katakana,Latin,Tamil,Telugu]",8019
cuprum,"[Cyrillic,Devanagari,Han,Katakana,Latin]",7926
aleo,"[Arabic,Cyrillic,Devanagari,Latin]",7749
fredoka,"[Cyrillic,Devanagari,Katakana,Latin]",7714
sen,"[Cyrillic,Devanagari,Latin]",7622
zen-kaku-gothic-new,"[Cyrillic,Katakana,Latin]",7611
arsenal,"[Arabic,Bengali,Cyrillic,Devanagari,Han,Latin,Tamil,Telugu]",7564
dm-mono,"[Cyrillic,Latin]",7296
caudex,"[Arabic,Bengali,Cyrillic,Devanagari,Latin,Tamil,Telugu]",7081
barlow-semi-condensed,"[Cyrillic,Devanagari,Katakana,Latin,Telugu]",7080
bricolage-grotesque,"[Cyrillic,Devanagari,Latin]",7044
righteous,"[Arabic,Cyrillic,Devanagari,Latin]",6877
instrument-sans,"[Cyrillic,Devanagari,Latin]",6874
source-code-pro,"[Cyrillic,Devanagari,Han,Latin]",6872
antonio,"[Cyrillic,Devanagari,Latin]",6725
shadows-into-light,"[Arabic,Bengali,Cyrillic,Devanagari,Latin,Tamil,Telugu]",6642
gruppo,"[Arabic,Cyrillic,Devanagari,Latin]",6624
murecho,"[Cyrillic,Katakana,Latin]",6544
archivo-narrow,"[Arabic,Bengali,Cyrillic,Devanagari,Katakana,Latin,Tamil,Telugu]",6513
merriweather-sans,"[Arabic,Cyrillic,Devanagari,Latin,Telugu]",6484
alegreya-sans,"[Cyrillic,Devanagari,Latin]",6407
be-vietnam-pro,"[Cyrillic,Katakana,Latin]",6399
alef,"[Arabic,Bengali,Cyrillic,Devanagari,Latin,Tamil,Telugu]",6303
yanone-kaffeesatz,"[Arabic,Cyrillic,Devanagari,Latin]",6282
alexandria,"[Arabic,Cyrillic,Latin]",6205
amaranth,"[Cyrillic,Latin]",6163
literata,"[Cyrillic,Devanagari,Latin]",6107
ropa-sans,"[Arabic,Bengali,Cyrillic,Katakana,Latin]",6074
cookie,"[Cyrillic,Devanagari,Latin]",5994
league-spartan,"[Arabic,Cyrillic,Devanagari,Latin]",5992
ibm-plex-mono,"[Cyrillic,Devanagari,Latin]",5885
livvic,"[Cyrillic,Devanagari,Latin]",5864
varela,"[Arabic,Bengali,Cyrillic,Devanagari,Latin,Tamil,Telugu]",5860
commissioner,"[Arabic,Cyrillic,Devanagari,Katakana,Latin]",5832
hahmlet,"[Cyrillic,Latin]",5744
palanquin,"[Cyrillic,Devanagari,Katakana,Latin]",5743
roboto-flex,"[Cyrillic,Devanagari,Latin]",5732
volkhov,"[Cyrillic,Latin]",5692
jetbrains-mono,"[Cyrillic,Latin]",5579
k2d,"[Cyrillic,Katakana,Latin]",5495
kaushan-script,"[Arabic,Bengali,Cyrillic,Devanagari,Katakana,Latin,Tamil,Telugu]",5466
unna,"[Cyrillic,Devanagari,Latin]",5454
rokkitt,"[Cyrillic,Latin]",5433
tangerine,"[Cyrillic,Devanagari,Latin]",5413
bree-serif,"[Arabic,Bengali,Cyrillic,Devanagari,Latin,Tamil,Telugu]",5282
sacramento,"[Cyrillic,Devanagari,Katakana,Latin]",5261
jura,"[Cyrillic,Latin]",5165
martel,"[Cyrillic,Devanagari,Latin]",5160
cantarell,"[Cyrillic,Devanagari,Katakana,Latin]",5098
changa,"[Arabic,Cyrillic,Devanagari,Latin]",4977
lexend-deca,"[Cyrillic,Devanagari,Han,Latin]",4964
m-plus-1p,"[Cyrillic,Devanagari,Han,Katakana,Latin]",4904
biryani,"[Cyrillic,Devanagari,Latin]",4894
actor,"[Cyrillic,Devanagari,Latin]",4872
playball,"[Arabic,Bengali,Cyrillic,Devanagari,Katakana,Latin,Tamil,Telugu]",4846
belleza,"[Arabic,Bengali,Cyrillic,Devanagari,Latin,Tamil,Telugu]",4818
arapey,"[Arabic,Cyrillic,Devanagari,Latin,Telugu]",4788
noto-serif-tc,"[Arabic,Bengali,Cyrillic,Devanagari,Han,Katakana,Latin,Tamil,Telugu]",4786
didact-gothic,"[Arabic,Cyrillic,Devanagari,Han,Latin]",4778
bangers,"[Arabic,Bengali,Cyrillic,Devanagari,Katakana,Latin,Tamil,Telugu]",4755
adamina,"[Arabic,Cyrillic,Devanagari,Katakana,Latin]",4754
niramit,"[Cyrillic,Latin]",4748
neuton,"[Arabic,Bengali,Cyrillic,Devanagari,Katakana,Latin,Tamil,Telugu]",4699
zen-maru-gothic,"[Cyrillic,Katakana,Latin]",4671
pathway-gothic-one,"[Cyrillic,Devanagari,Latin]",4651
bodoni-moda,"[Cyrillic,Devanagari,Latin]",4609
playfair,"[Cyrillic,Devanagari,Latin]",4566
montserrat-alternates,"[Cyrillic,Latin,Telugu]",4499
aboreto,"[Cyrillic,Devanagari,Katakana,Latin]",4485
sanchez,"[Cyrillic,Devanagari,Latin]",4471
amiko,"[Cyrillic,Devanagari,Katakana,Latin]",4413
oxanium,"[Cyrillic,Devanagari,Latin,Tamil]",4390
ubuntu-condensed,"[Arabic,Bengali,Cyrillic,Devanagari,Katakana,Latin,Tamil,Telugu]",4373
shippori-mincho,"[Arabic,Cyrillic,Devanagari,Katakana,Latin]",4333
afacad,"[Cyrillic,Devanagari,Latin]",4276
alex-brush,"[Cyrillic,Devanagari,Katakana,Latin]",4273
audiowide,"[Cyrillic,Devanagari,Katakana,Latin]",4270
open-sans-condensed,"[Arabic,Bengali,Cyrillic,Devanagari,Katakana,Latin,Tamil,Telugu]",4268
staatliches,"[Cyrillic,Devanagari,Katakana,Latin]",4259
taviraj,"[Arabic,Cyrillic,Devanagari,Latin]",4242
monda,"[Cyrillic,Latin]",4225
noto-sans-sc,"[Cyrillic,Han,Katakana,Latin]",4211
kumbh-sans,"[Arabic,Cyrillic,Katakana,Latin]",4207
trirong,"[Cyrillic,Devanagari,Latin]",4170
gabarito,[Latin],4161
old-standard-tt,"[Arabic,Bengali,Cyrillic,Devanagari,Latin,Tamil,Telugu]",4109
noto-sans-thai,"[Cyrillic,Devanagari,Latin]",4075
vidaloka,"[Cyrillic,Latin]",4038
parisienne,"[Cyrillic,Devanagari,Katakana,Latin]",4031
sintony,"[Cyrillic,Devanagari,Latin]",4006
fahkwang,"[Cyrillic,Devanagari,Latin]",4001
architects-daughter,"[Arabic,Bengali,Cyrillic,Devanagari,Latin,Tamil,Telugu]",3981
rufina,"[Cyrillic,Devanagari,Latin]",3978
blinker,"[Cyrillic,Devanagari,Katakana,Latin]",3887
gudea,"[Cyrillic,Devanagari,Latin]",3870
muli,"[Arabic,Bengali,Cyrillic,Devanagari,Katakana,Latin,Tamil,Telugu]",3852
syncopate,"[Cyrillic,Devanagari,Latin]",3825
italiana,"[Cyrillic,Latin]",3814
hind-siliguri,"[Arabic,Bengali,Cyrillic,Devanagari,Latin]",3801
kosugi-maru,"[Cyrillic,Katakana,Latin]",3789
benchnine,"[Arabic,Cyrillic,Latin]",3783
handlee,"[Arabic,Cyrillic,Devanagari,Latin,Telugu]",3779
michroma,"[Cyrillic,Latin,Telugu]",3779
basic,"[Arabic,Bengali,Cyrillic,Devanagari,Latin,Tamil,Telugu]",3755
khula,"[Arabic,Cyrillic,Devanagari,Latin,Telugu]",3751
yellowtail,"[Cyrillic,Devanagari,Katakana,Latin]",3694
scada,"[Cyrillic,Devanagari,Latin]",3686
frank-ruhl-libre,"[Cyrillic,Devanagari,Han,Katakana,Latin]",3686
baloo-2,"[Cyrillic,Devanagari,Latin,Tamil]",3681
tenor-sans,"[Cyrillic,Devanagari,Latin]",3641
fira-sans-condensed,"[Arabic,Bengali,Cyrillic,Devanagari,Han,Latin,Telugu]",3596
abhaya-libre,"[Arabic,Cyrillic,Devanagari,Han,Katakana,Latin]",3552
athiti,[Latin],3504
sawarabi-mincho,"[Cyrillic,Katakana,Latin]",3500
alfa-slab-one,"[Cyrillic,Devanagari,Latin]",3484
pontano-sans,"[Arabic,Cyrillic,Devanagari,Latin,Telugu]",3472
crimson-pro,"[Cyrillic,Devanagari,Katakana,Latin]",3457
damion,"[Cyrillic,Devanagari,Katakana,Latin]",3429
space-mono,"[Cyrillic,Devanagari,Latin]",3419
permanent-marker,"[Cyrillic,Katakana,Latin]",3401
dotgothic16,"[Cyrillic,Katakana,Latin]",3388
concert-one,"[Cyrillic,Devanagari,Katakana,Latin]",3381
hanken-grotesk,"[Cyrillic,Latin]",3377
lobster-two,"[Cyrillic,Latin]",3347
amita,"[Cyrillic,Devanagari,Latin]",3343
bungee,"[Cyrillic,Devanagari,Katakana,Latin]",3331
gilda-display,"[Cyrillic,Devanagari,Katakana,Latin]",3277
charm,[Latin],3274
noto-serif-kr,"[Cyrillic,Han,Latin]",3271
bai-jamjuree,"[Cyrillic,Devanagari,Latin]",3255
gelasio,"[Cyrillic,Latin]",3248
pt-sans-caption,"[Arabic,Bengali,Cyrillic,Devanagari,Latin,Tamil,Telugu]",3223
sansita,"[Cyrillic,Devanagari,Latin]",3106
indie-flower,"[Cyrillic,Devanagari,Latin]",3087
source-serif-4,"[Cyrillic,Devanagari,Latin]",3060
russo-one,"[Arabic,Bengali,Cyrillic,Devanagari,Latin,Tamil,Telugu]",3043
playfair-display-sc,"[Arabic,Bengali,Cyrillic,Devanagari,Latin,Tamil,Telugu]",3031
gothic-a1,"[Cyrillic,Devanagari,Han,Latin]",3017
encode-sans,"[Arabic,Cyrillic,Devanagari,Latin]",3013
merienda,"[Cyrillic,Latin,Telugu]",2989
poiret-one,"[Arabic,Bengali,Cyrillic,Devanagari,Katakana,Latin,Tamil,Telugu]",2923
agdasima,"[Cyrillic,Latin]",2910
ruda,"[Arabic,Bengali,Cyrillic,Devanagari,Latin,Tamil,Telugu]",2901
josefin-slab,"[Arabic,Bengali,Cyrillic,Devanagari,Katakana,Latin,Tamil,Telugu]",2890
cousine,"[Cyrillic,Latin]",2855
italianno,"[Cyrillic,Devanagari,Latin]",2852
quattrocento-sans,"[Arabic,Bengali,Cyrillic,Devanagari,Latin,Tamil,Telugu]",2843
chewy,"[Cyrillic,Latin]",2831
bellefair,"[Cyrillic,Latin]",2818
ovo,"[Cyrillic,Devanagari,Latin]",2811
lusitana,"[Cyrillic,Devanagari,Katakana,Latin,Telugu]",2779
carlito,"[Cyrillic,Latin]",2747
viga,"[Cyrillic,Latin]",2719
advent-pro,"[Arabic,Bengali,Cyrillic,Devanagari,Katakana,Latin,Tamil,Telugu]",2712
chakra-petch,"[Cyrillic,Devanagari,Latin]",2711
overlock,"[Arabic,Cyrillic,Devanagari,Latin,Telugu]",2701
glegoo,"[Cyrillic,Devanagari,Latin]",2697
anuphan,[Latin],2696
ibm-plex-sans-condensed,"[Cyrillic,Latin]",2667
pridi,"[Cyrillic,Latin]",2638
inder,"[Cyrillic,Katakana,Latin]",2618
cormorant-infant,"[Cyrillic,Devanagari,Katakana,Latin,Tamil]",2617
calistoga,"[Cyrillic,Devanagari,Latin]",2584
istok-web,"[Cyrillic,Devanagari,Latin]",2568
ibm-plex-serif,"[Cyrillic,Devanagari,Latin]",2554
kreon,"[Arabic,Bengali,Cyrillic,Devanagari,Latin,Tamil,Telugu]",2535
aclonica,"[Cyrillic,Devanagari,Latin]",2528
league-gothic,"[Cyrillic,Devanagari,Latin]",2516
lustria,"[Arabic,Bengali,Cyrillic,Devanagari,Katakana,Latin,Tamil,Telugu]",2515
kameron,"[Cyrillic,Latin]",2512
zilla-slab,"[Arabic,Bengali,Cyrillic,Devanagari,Latin,Tamil,Telugu]",2459
golos-text,"[Cyrillic,Latin]",2450
patua-one,"[Cyrillic,Latin]",2426
dm-serif-text,"[Arabic,Bengali,Cyrillic,Devanagari,Latin,Tamil,Telugu]",2417
coda,"[Cyrillic,Devanagari,Han,Latin]",2412
courier-prime,"[Cyrillic,Devanagari,Katakana,Latin]",2409
economica,"[Cyrillic,Latin]",2400
bevan,"[Cyrillic,Devanagari,Latin,Telugu]",2396
fira-code,"[Cyrillic,Katakana,Latin]",2385
zen-old-mincho,"[Cyrillic,Devanagari,Katakana,Latin]",2369
oranienbaum,"[Cyrillic,Latin]",2358
homemade-apple,"[Cyrillic,Devanagari,Katakana,Latin]",2351
neucha,"[Arabic,Bengali,Cyrillic,Devanagari,Latin,Tamil,Telugu]",2340
metrophobic,"[Cyrillic,Latin]",2337
quantico,"[Cyrillic,Latin]",2333
karma,"[Cyrillic,Devanagari,Latin]",2328
libre-caslon-text,"[Cyrillic,Katakana,Latin]",2326
ibm-plex-sans-arabic,"[Arabic,Cyrillic,Latin]",2324
aldrich,"[Arabic,Bengali,Cyrillic,Devanagari,Katakana,Latin,Tamil,Telugu]",2303
rosario,"[Arabic,Bengali,Cyrillic,Devanagari,Latin,Tamil,Telugu]",2210
sawarabi-gothic,"[Cyrillic,Katakana,Latin]",2207
material-icons-outlined,[Latin],2201
readex-pro,"[Arabic,Cyrillic,Katakana,Latin]",2178
allerta,"[Cyrillic,Devanagari,Latin]",2166
akshar,"[Cyrillic,Devanagari,Latin]",2165
material-symbols-sharp,[Latin],2147
cinzel-decorative,"[Arabic,Cyrillic,Devanagari,Katakana,Latin,Telugu]",2119
pinyon-script,"[Cyrillic,Latin]",2106
armata,"[Arabic,Bengali,Cyrillic,Devanagari,Latin,Tamil,Telugu]",2084
product-sans,"[Cyrillic,Latin]",2031
mali,"[Cyrillic,Latin]",2027
biorhyme,"[Cyrillic,Latin]",2024
shrikhand,[Latin],2015
andika,"[Cyrillic,Devanagari,Latin]",1995
sarala,"[Arabic,Cyrillic,Devanagari,Latin]",1994
slabo-27px,"[Arabic,Cyrillic,Devanagari,Latin]",1965
judson,"[Cyrillic,Devanagari,Latin]",1964
yeseva-one,"[Cyrillic,Devanagari,Latin]",1945
alatsi,"[Cyrillic,Devanagari,Latin]",1942
nobile,"[Cyrillic,Latin]",1940
biz-udpgothic,"[Cyrillic,Katakana,Latin]",1938
koho,"[Cyrillic,Latin]",1924
gloock,"[Cyrillic,Katakana,Latin]",1910
news-cycle,"[Cyrillic,Latin]",1910
francois-one,"[Cyrillic,Devanagari,Katakana,Latin,Tamil]",1897
roboto-serif,"[Cyrillic,Latin]",1896
julius-sans-one,"[Cyrillic,Devanagari,Katakana,Latin]",1895
arizonia,"[Cyrillic,Devanagari,Katakana,Latin]",1883
yomogi,"[Cyrillic,Katakana,Latin]",1876
rock-salt,"[Cyrillic,Devanagari,Katakana,Latin]",1869
average,"[Cyrillic,Devanagari,Latin]",1862
kiwi-maru,"[Cyrillic,Katakana,Latin]",1831
share-tech-mono,"[Cyrillic,Latin]",1825
el-messiri,"[Arabic,Cyrillic,Latin]",1819
oleo-script,"[Arabic,Bengali,Cyrillic,Devanagari,Latin,Tamil,Telugu]",1806
sorts-mill-goudy,"[Cyrillic,Latin]",1800
yesteryear,"[Cyrillic,Devanagari,Latin]",1796
red-hat-text,"[Cyrillic,Latin]",1794
halant,"[Arabic,Cyrillic,Devanagari,Katakana,Latin,Tamil,Telugu]",1788
calligraffitti,"[Arabic,Bengali,Cyrillic,Devanagari,Latin,Tamil,Telugu]",1784
piazzolla,"[Cyrillic,Latin]",1783
faustina,"[Cyrillic,Devanagari,Latin]",1783
kristi,"[Cyrillic,Latin]",1779
luckiest-guy,"[Cyrillic,Devanagari,Latin]",1778
press-start-2p,"[Cyrillic,Latin]",1775
gochi-hand,"[Cyrillic,Katakana,Latin]",1772
niconne,"[Cyrillic,Latin]",1758
passion-one,"[Cyrillic,Devanagari,Latin]",1751
fredericka-the-great,"[Cyrillic,Devanagari,Katakana,Latin]",1728
monoton,"[Devanagari,Latin]",1717
jua,[Latin],1713
nothing-you-could-do,"[Cyrillic,Katakana,Latin]",1711
castoro,"[Cyrillic,Latin,Tamil]",1707
vt323,"[Cyrillic,Latin]",1707
gantari,[Latin],1684
crete-round,"[Arabic,Bengali,Cyrillic,Devanagari,Latin,Tamil,Telugu]",1660
maitree,"[Cyrillic,Katakana,Latin]",1653
georama,"[Cyrillic,Devanagari,Latin]",1647
noto-sans-arabic,"[Arabic,Latin]",1643
rambla,"[Cyrillic,Latin]",1637
tomorrow,"[Cyrillic,Latin]",1636
caladea,"[Cyrillic,Latin]",1635
cabin-condensed,"[Cyrillic,Katakana,Latin]",1635
gloria-hallelujah,"[Arabic,Bengali,Cyrillic,Devanagari,Latin,Tamil,Telugu]",1634
coustard,"[Cyrillic,Katakana,Latin]",1608
allison,"[Cyrillic,Latin]",1604
asul,"[Arabic,Cyrillic,Devanagari,Latin]",1602
rye,"[Cyrillic,Latin]",1600
paytone-one,"[Cyrillic,Latin]",1599
saira-condensed,"[Arabic,Cyrillic,Devanagari,Latin]",1593
cambay,"[Arabic,Bengali,Cyrillic,Devanagari,Latin,Tamil,Telugu]",1588
itim,"[Arabic,Bengali,Cyrillic,Devanagari,Han,Katakana,Latin,Tamil,Telugu]",1586
rethink-sans,"[Cyrillic,Latin]",1584
sriracha,"[Cyrillic,Devanagari,Latin]",1583
lilita-one,"[Cyrillic,Latin]",1577
boogaloo,"[Bengali,Cyrillic,Latin]",1573
alike,"[Cyrillic,Latin]",1571
averia-serif-libre,"[Cyrillic,Katakana,Latin]",1561
bad-script,"[Arabic,Bengali,Cyrillic,Devanagari,Katakana,Latin,Tamil,Telugu]",1554
ultra,"[Arabic,Bengali,Cyrillic,Devanagari,Latin,Tamil,Telugu]",1553
laila,"[Arabic,Cyrillic,Devanagari,Latin,Telugu]",1552
kodchasan,"[Cyrillic,Latin]",1542
capriola,"[Arabic,Cyrillic,Latin]",1531
alumni-sans,"[Cyrillic,Devanagari,Latin]",1522
marck-script,"[Cyrillic,Devanagari,Latin]",1501
alegreya-sans-sc,"[Arabic,Bengali,Cyrillic,Devanagari,Katakana,Latin,Tamil,Telugu]",1496
rochester,"[Cyrillic,Latin]",1492
noto-kufi-arabic,"[Arabic,Cyrillic,Devanagari,Latin]",1488
shippori-mincho-b1,"[Cyrillic,Katakana,Latin]",1485
darker-grotesque,"[Arabic,Cyrillic,Devanagari,Latin]",1469
pangolin,"[Cyrillic,Devanagari,Latin]",1461
asap-condensed,"[Arabic,Cyrillic,Devanagari,Katakana,Latin]",1459
spinnaker,"[Arabic,Bengali,Cyrillic,Devanagari,Latin,Tamil,Telugu]",1457
klee-one,"[Cyrillic,Katakana,Latin]",1448
unica-one,"[Cyrillic,Devanagari,Latin]",1446
dela-gothic-one,"[Cyrillic,Katakana,Latin]",1443
goldman,"[Cyrillic,Latin]",1439
sniglet,"[Arabic,Bengali,Cyrillic,Devanagari,Latin,Tamil,Telugu]",1439
manjari,"[Cyrillic,Latin]",1436
besley,"[Cyrillic,Devanagari,Latin]",1435
mada,"[Arabic,Cyrillic,Latin]",1428
petrona,"[Cyrillic,Latin]",1423
m-plus-1,"[Katakana,Latin]",1407
mrs-saint-delafield,"[Cyrillic,Latin]",1395
patrick-hand,"[Arabic,Bengali,Cyrillic,Devanagari,Latin,Tamil,Telugu]",1394
federo,"[Cyrillic,Latin]",1392
rowdies,"[Cyrillic,Devanagari,Latin]",1380
esteban,"[Arabic,Cyrillic,Latin]",1380
corben,"[Cyrillic,Latin]",1362
candal,"[Cyrillic,Devanagari,Latin]",1359
atkinson-hyperlegible,"[Cyrillic,Latin]",1351
ibm-plex-sans-jp,"[Cyrillic,Katakana,Latin]",1344
graduate,"[Cyrillic,Latin]",1343
mona-sans,"[Cyrillic,Latin]",1339
lalezar,"[Arabic,Katakana,Latin]",1334
sofia-sans,"[Cyrillic,Latin]",1326
huninn,"[Cyrillic,Han,Latin]",1326
jaldi,"[Devanagari,Katakana,Latin]",1325
fira-sans-extra-condensed,"[Arabic,Bengali,Cyrillic,Devanagari,Katakana,Latin,Tamil,Telugu]",1322
atma,"[Bengali,Latin]",1317
gfs-didot,"[Cyrillic,Devanagari,Katakana,Latin]",1317
eczar,"[Arabic,Bengali,Cyrillic,Devanagari,Latin,Tamil,Telugu]",1313
racing-sans-one,"[Arabic,Cyrillic,Devanagari,Katakana,Latin,Telugu]",1306
caveat-brush,"[Cyrillic,Latin]",1306
rancho,"[Cyrillic,Latin]",1301
marcellus-sc,"[Cyrillic,Devanagari,Latin]",1289
encode-sans-condensed,"[Arabic,Cyrillic,Devanagari,Latin,Telugu]",1285
cantata-one,"[Cyrillic,Devanagari,Latin]",1285
changa-one,"[Arabic,Cyrillic,Devanagari,Han,Katakana,Latin]",1284
aguafina-script,"[Cyrillic,Latin]",1284
hammersmith-one,"[Cyrillic,Latin]",1280
enriqueta,"[Arabic,Bengali,Cyrillic,Devanagari,Latin,Tamil,Telugu]",1279
gabriela,"[Cyrillic,Devanagari,Latin]",1275
limelight,"[Cyrillic,Devanagari,Latin]",1262
fugaz-one,"[Cyrillic,Latin]",1259
krona-one,"[Cyrillic,Devanagari,Latin]",1255
cedarville-cursive,[Latin],1250
cabin-sketch,"[Cyrillic,Devanagari,Katakana,Latin]",1244
funnel-sans,[Latin],1241
radley,"[Cyrillic,Latin]",1237
voltaire,"[Cyrillic,Latin]",1232
libre-bodoni,"[Cyrillic,Devanagari,Latin]",1229
bayon,"[Arabic,Bengali,Cyrillic,Devanagari,Latin,Tamil,Telugu]",1229
biz-udpmincho,"[Cyrillic,Katakana,Latin]",1218
anybody,"[Cyrillic,Devanagari,Latin]",1208
bentham,"[Cyrillic,Latin]",1187
parkinsans,"[Cyrillic,Devanagari,Latin]",1180
noto-serif-sc,"[Cyrillic,Han,Katakana,Latin]",1178
copse,"[Cyrillic,Katakana,Latin]",1173
chonburi,"[Cyrillic,Latin]",1170
noticia-text,"[Arabic,Cyrillic,Devanagari,Latin,Telugu]",1165
signika-negative,"[Cyrillic,Latin]",1162
anonymous-pro,"[Cyrillic,Devanagari,Latin]",1160
fustat,"[Arabic,Cyrillic,Devanagari,Latin]",1159
vazirmatn,"[Arabic,Latin]",1157
wix-madefor-display,"[Cyrillic,Latin]",1153
herr-von-muellerhoff,"[Cyrillic,Latin]",1139
alegreya-sc,"[Arabic,Cyrillic,Devanagari,Latin]",1131
lexend-exa,"[Cyrillic,Devanagari,Latin]",1130
corinthia,"[Cyrillic,Latin]",1129
podkova,"[Cyrillic,Latin]",1125
noto-serif-display,"[Cyrillic,Devanagari,Latin]",1125
berkshire-swash,"[Cyrillic,Devanagari,Latin]",1117
koulen,"[Cyrillic,Devanagari,Latin]",1117
comic-neue,"[Arabic,Cyrillic,Devanagari,Latin]",1098
pattaya,"[Cyrillic,Latin]",1094
hind-madurai,"[Cyrillic,Latin,Tamil]",1088
ibm-plex-sans-thai,"[Cyrillic,Devanagari,Latin]",1086
unifrakturmaguntia,"[Cyrillic,Latin]",1079
balthazar,"[Arabic,Cyrillic,Devanagari,Latin,Telugu]",1071
reenie-beanie,"[Arabic,Bengali,Cyrillic,Devanagari,Latin,Tamil,Telugu]",1068
do-hyeon,[Latin],1056
share,"[Cyrillic,Latin]",1056
host-grotesk,"[Cyrillic,Latin]",1052
carme,"[Arabic,Cyrillic,Devanagari,Katakana,Latin,Telugu]",1051
schoolbell,"[Cyrillic,Latin]",1047
secular-one,"[Cyrillic,Devanagari,Latin]",1037
elsie,"[Cyrillic,Latin]",1034
cormorant-sc,"[Cyrillic,Katakana,Latin]",1033
trocchi,"[Arabic,Cyrillic,Devanagari,Latin,Telugu]",1031
mate,[Latin],1030
marvel,[Latin],1027
sofia,"[Cyrillic,Latin]",1027
gurajada,"[Latin,Telugu]",1026
droid-serif,"[Arabic,Cyrillic,Devanagari,Katakana,Latin]",1016
telex,"[Cyrillic,Latin]",1015
lekton,"[Cyrillic,Katakana,Latin]",1013
magra,"[Arabic,Cyrillic,Latin]",1012
black-ops-one,"[Cyrillic,Devanagari,Han,Latin]",1008
arya,"[Cyrillic,Devanagari,Latin]",1008
droid-sans,"[Arabic,Cyrillic,Devanagari,Han,Katakana,Latin,Telugu]",1001
young-serif,[Latin],1000
rosarivo,"[Cyrillic,Latin]",1000
covered-by-your-grace,"[Cyrillic,Latin]",998
antic,"[Cyrillic,Devanagari,Latin,Telugu]",994
amethysta,"[Cyrillic,Devanagari,Latin]",993
poly,"[Cyrillic,Latin]",990
zen-kaku-gothic-antique,"[Cyrillic,Katakana,Latin]",984
museomoderno,[Latin],983
grandstander,[Latin],983
delius,"[Cyrillic,Latin]",981
yrsa,"[Arabic,Bengali,Cyrillic,Devanagari,Latin,Tamil,Telugu]",980
pt-mono,"[Cyrillic,Latin]",980
birthstone,"[Cyrillic,Latin]",978
dongle,[Latin],977
caprasimo,"[Cyrillic,Devanagari,Latin]",974
inria-serif,"[Cyrillic,Katakana,Latin]",972
gotu,"[Cyrillic,Devanagari,Latin]",969
black-han-sans,"[Cyrillic,Latin]",963
allerta-stencil,"[Cyrillic,Devanagari,Katakana,Latin]",962
nanum-brush-script,"[Cyrillic,Latin]",961
cutive,"[Arabic,Cyrillic,Devanagari,Latin]",959
battambang,"[Arabic,Bengali,Cyrillic,Devanagari,Latin,Tamil,Telugu]",958
montez,"[Cyrillic,Latin]",958
akatab,"[Cyrillic,Latin]",956
aladin,"[Arabic,Cyrillic,Devanagari,Latin,Tamil]",955
la-belle-aurore,"[Cyrillic,Katakana,Latin]",955
saira-semi-condensed,"[Cyrillic,Latin]",954
anaheim,"[Arabic,Cyrillic,Devanagari,Latin,Telugu]",949
arima,"[Cyrillic,Latin,Tamil]",949
buenard,"[Cyrillic,Latin]",937
ubuntu-mono,"[Arabic,Bengali,Cyrillic,Devanagari,Latin,Tamil,Telugu]",933
noto-sans-hk,"[Cyrillic,Devanagari,Han,Katakana,Latin]",933
oregano,"[Cyrillic,Latin]",932
noto-sans-devanagari,"[Devanagari,Latin]",926
allan,"[Cyrillic,Latin]",924
rasa,"[Cyrillic,Latin]",922
quando,"[Arabic,Bengali,Cyrillic,Devanagari,Latin,Tamil,Telugu]",917
noto-sans-bengali,"[Bengali,Latin]",909
geist-mono,"[Cyrillic,Latin]",906
anek-bangla,"[Bengali,Cyrillic,Latin]",905
norican,"[Arabic,Cyrillic,Katakana,Latin]",903
molengo,"[Cyrillic,Latin]",900
noto-sans-hebrew,[Latin],899
rem,[Latin],898
londrina-solid,"[Cyrillic,Devanagari,Latin]",896
brawler,"[Cyrillic,Latin]",890
fira-mono,"[Cyrillic,Devanagari,Katakana,Latin]",886
ledger,"[Cyrillic,Latin]",878
antic-didone,"[Cyrillic,Devanagari,Latin]",878
hanuman,"[Cyrillic,Latin]",877
hind-vadodara,"[Cyrillic,Latin]",877
lateef,"[Arabic,Cyrillic,Devanagari,Latin]",874
carter-one,"[Cyrillic,Latin]",871
google-sans-flex,"[Cyrillic,Latin]",866
shadows-into-light-two,"[Cyrillic,Devanagari,Latin]",864
familjen-grotesk,"[Cyrillic,Devanagari,Latin]",864
salsa,"[Cyrillic,Latin]",863
gaegu,[Latin],863
ephesis,"[Latin,Telugu]",860
thasadith,"[Cyrillic,Latin]",848
spline-sans,[Latin],844
amarante,"[Cyrillic,Devanagari,Latin]",841
material-icons-round,"[Cyrillic,Latin]",841
martel-sans,"[Cyrillic,Devanagari,Latin]",834
libre-caslon-display,"[Cyrillic,Devanagari,Latin]",834
kurale,"[Cyrillic,Devanagari,Latin]",829
squada-one,"[Cyrillic,Devanagari,Latin]",827
bellota,"[Cyrillic,Latin]",827
charmonman,[Latin],826
numans,"[Arabic,Bengali,Cyrillic,Devanagari,Latin,Tamil,Telugu]",824
zain,"[Arabic,Latin]",822
proza-libre,"[Cyrillic,Devanagari,Latin]",811
solway,[Latin],811
imprima,"[Cyrillic,Devanagari,Latin]",810
saira-extra-condensed,"[Cyrillic,Devanagari,Katakana,Latin]",809
grand-hotel,"[Cyrillic,Latin]",803
qwigley,[Latin],802
croissant-one,"[Cyrillic,Latin]",802
adlam-display,"[Cyrillic,Latin]",792
funnel-display,"[Cyrillic,Latin]",791
ramabhadra,"[Cyrillic,Devanagari,Latin,Telugu]",789
noto-sans-display,"[Cyrillic,Devanagari,Latin]",785
days-one,"[Cyrillic,Latin]",783
inknut-antiqua,"[Devanagari,Latin]",780
electrolize,"[Cyrillic,Latin]",774
knewave,"[Cyrillic,Latin]",773
kranky,"[Cyrillic,Latin]",766
belgrano,"[Cyrillic,Latin]",766
im-fell-english,"[Cyrillic,Devanagari,Latin]",754
biz-udgothic,"[Cyrillic,Katakana,Latin]",750
just-another-hand,"[Cyrillic,Latin]",746
kadwa,"[Devanagari,Latin]",745
hina-mincho,"[Cyrillic,Katakana,Latin]",743
bubblegum-sans,"[Cyrillic,Devanagari,Latin]",740
montaga,"[Cyrillic,Latin]",736
karantina,[Latin],727
sancreek,"[Cyrillic,Devanagari,Latin]",724
orienta,"[Cyrillic,Latin]",723
kufam,"[Arabic,Cyrillic,Latin]",716
cormorant-upright,"[Arabic,Cyrillic,Devanagari,Latin]",714
agbalumo,[Latin],711
belanosima,[Latin],705
mohave,"[Cyrillic,Devanagari,Latin]",704
petit-formal-script,"[Cyrillic,Latin]",704
coiny,"[Latin,Tamil]",700
geo,"[Cyrillic,Katakana,Latin]",700
lemonada,"[Arabic,Cyrillic,Latin]",697
antic-slab,"[Cyrillic,Latin]",693
arbutus-slab,"[Cyrillic,Devanagari,Katakana,Latin]",689
goudy-bookletter-1911,"[Cyrillic,Latin]",689
baumans,"[Cyrillic,Devanagari,Latin,Tamil]",689
sofia-sans-condensed,"[Cyrillic,Latin]",688
rozha-one,"[Cyrillic,Devanagari,Latin]",684
b612,"[Cyrillic,Latin]",682
nanum-pen-script,"[Cyrillic,Latin]",669
balsamiq-sans,"[Cyrillic,Katakana,Latin]",664
megrim,"[Cyrillic,Latin]",662
galada,"[Bengali,Devanagari,Latin]",661
reem-kufi,"[Arabic,Bengali,Cyrillic,Devanagari,Latin,Tamil,Telugu]",661
teachers,[Latin],658
mandali,"[Latin,Telugu]",658
suranna,"[Cyrillic,Latin,Telugu]",653
convergence,"[Cyrillic,Latin]",652
tektur,"[Cyrillic,Latin]",651
supermercado-one,[Latin],648
hepta-slab,"[Cyrillic,Katakana,Latin]",647
almendra,"[Cyrillic,Latin]",642
coming-soon,"[Cyrillic,Latin]",638
hurricane,[Latin],638
farro,"[Cyrillic,Latin]",635
sofia-sans-extra-condensed,"[Cyrillic,Devanagari,Latin]",634
marmelad,"[Cyrillic,Latin]",631
miniver,"[Cyrillic,Latin]",627
varta,"[Devanagari,Latin]",626
oooh-baby,"[Cyrillic,Latin]",621
irish-grover,"[Cyrillic,Latin]",620
dynalight,"[Katakana,Latin]",620
meddon,"[Cyrillic,Latin]",619
ar-one-sans,"[Cyrillic,Latin]",616
mclaren,[Latin],616
rocknroll-one,"[Cyrillic,Katakana,Latin]",615
sumana,"[Cyrillic,Devanagari,Latin]",615
puritan,"[Cyrillic,Latin]",615
pavanam,"[Cyrillic,Latin,Tamil]",613
ibarra-real-nova,"[Cyrillic,Devanagari,Latin]",607
ntr,"[Cyrillic,Devanagari,Latin,Telugu]",605
cutive-mono,"[Arabic,Bengali,Cyrillic,Devanagari,Latin,Tamil,Telugu]",600
average-sans,"[Arabic,Bengali,Cyrillic,Devanagari,Latin,Tamil,Telugu]",599
mako,"[Cyrillic,Devanagari,Latin]",598
stick,"[Cyrillic,Katakana,Latin]",595
m-plus-2,"[Katakana,Latin]",590
windsong,[Latin],589
pompiere,[Latin],584
mr-dafoe,"[Arabic,Cyrillic,Devanagari,Latin]",582
lumanosimo,[Latin],582
creepster,[Latin],581
cherry-cream-soda,"[Cyrillic,Devanagari,Latin]",580
afacad-flux,"[Cyrillic,Latin]",577
fanwood-text,"[Cyrillic,Devanagari,Latin]",572
crushed,"[Cyrillic,Latin]",572
mansalva,[Latin],569
artifika,"[Arabic,Cyrillic,Devanagari,Latin]",569
dynapuff,[Latin],568
style-script,[Latin],565
rammetto-one,"[Cyrillic,Latin]",561
cambo,"[Cyrillic,Latin]",560
stix-two-text,"[Cyrillic,Devanagari,Latin]",560
wix-madefor-text,"[Cyrillic,Latin]",559
titan-one,"[Cyrillic,Latin]",558
carattere,"[Cyrillic,Latin]",557
zeyada,"[Cyrillic,Devanagari,Latin]",556
cal-sans,[Latin],553
kaisei-opti,"[Cyrillic,Katakana,Latin]",552
palanquin-dark,"[Cyrillic,Devanagari,Latin]",552
encode-sans-expanded,"[Cyrillic,Latin]",543
tauri,[Latin],543
anta,[Latin],537
rakkas,"[Arabic,Latin]",536
anek-latin,"[Cyrillic,Latin]",535
alkatra,"[Bengali,Devanagari,Latin]",531
euphoria-script,"[Cyrillic,Latin]",529
shanti,"[Arabic,Bengali,Cyrillic,Devanagari,Latin,Tamil,Telugu]",529
reddit-sans,"[Cyrillic,Latin]",527
carrois-gothic,"[Cyrillic,Devanagari,Latin]",526
sansation,"[Cyrillic,Latin]",524
monsieur-la-doulaise,[Latin],515
hind-guntur,"[Devanagari,Latin,Telugu]",513
sail,"[Cyrillic,Latin]",513
glory,"[Cyrillic,Latin]",513
yuji-syuku,"[Cyrillic,Katakana,Latin]",512
bowlby-one,"[Cyrillic,Latin]",509
unkempt,"[Arabic,Cyrillic,Latin]",509
silkscreen,[Latin],509
love-ya-like-a-sister,"[Cyrillic,Latin]",505
mukta-vaani,"[Cyrillic,Latin]",504
pt-serif-caption,"[Cyrillic,Latin]",502
platypi,[Latin],498
jockey-one,"[Cyrillic,Latin]",498
bakbak-one,"[Cyrillic,Devanagari,Latin]",495
crafty-girls,"[Cyrillic,Latin]",493
kalnia,"[Cyrillic,Han,Latin]",492
leckerli-one,"[Cyrillic,Devanagari,Latin]",489
kaisei-decol,"[Cyrillic,Katakana,Latin]",488
fondamento,"[Cyrillic,Devanagari,Latin]",486
fauna-one,"[Cyrillic,Latin]",485
homenaje,"[Cyrillic,Latin]",483
bowlby-one-sc,"[Cyrillic,Devanagari,Latin]",483
nixie-one,"[Cyrillic,Latin]",481
inria-sans,[Latin],479
expletus-sans,"[Arabic,Bengali,Cyrillic,Devanagari,Latin,Tamil,Telugu]",478
mina,"[Bengali,Cyrillic,Devanagari,Latin]",477
truculenta,"[Cyrillic,Latin]",476
slackey,"[Cyrillic,Latin]",476
honk,[Latin],475
chelsea-market,"[Cyrillic,Latin]",475
habibi,"[Cyrillic,Latin]",475
lemon,"[Cyrillic,Latin]",474
recursive,"[Cyrillic,Latin]",473
paprika,[Latin],473
syne-mono,[Latin],472
libre-barcode-39-text,[Latin],470
angkor,"[Cyrillic,Latin]",469
overlock-sc,"[Cyrillic,Latin]",469
quintessential,"[Cyrillic,Latin]",462
metamorphous,"[Cyrillic,Devanagari,Latin]",462
pragati-narrow,"[Arabic,Bengali,Cyrillic,Devanagari,Latin,Tamil,Telugu]",461
im-fell-english-sc,"[Cyrillic,Latin]",461
sansita-swashed,[Latin],459
dawning-of-a-new-day,"[Cyrillic,Devanagari,Latin]",459
annie-use-your-telescope,"[Cyrillic,Devanagari,Katakana,Latin]",459
phudu,[Latin],458
suez-one,"[Cyrillic,Latin]",458
simonetta,[Latin],458
protest-revolution,[Latin],456
montecarlo,"[Cyrillic,Latin]",454
boldonse,[Latin],450
azeret-mono,[Latin],450
trade-winds,"[Cyrillic,Latin]",450
six-caps,"[Cyrillic,Katakana,Latin]",450
tienne,[Latin],449
ibm-plex-sans-devanagari,"[Cyrillic,Devanagari,Latin]",444
happy-monkey,"[Arabic,Cyrillic,Latin]",440
ysabeau,"[Cyrillic,Latin]",440
clicker-script,"[Cyrillic,Latin]",437
medievalsharp,"[Cyrillic,Latin]",437
stoke,"[Arabic,Cyrillic,Devanagari,Latin,Telugu]",436
voces,"[Arabic,Bengali,Cyrillic,Devanagari,Latin,Tamil,Telugu]",436
strait,"[Arabic,Bengali,Cyrillic,Latin]",435
ms-madi,[Latin],433
brygada-1918,"[Arabic,Cyrillic,Latin]",433
licorice,[Latin],433
manuale,"[Cyrillic,Han,Latin]",432
rouge-script,"[Cyrillic,Devanagari,Latin]",429
mallanna,"[Arabic,Bengali,Cyrillic,Devanagari,Latin,Tamil,Telugu]",427
baloo-bhaijaan-2,"[Arabic,Cyrillic,Latin]",424
sarpanch,"[Cyrillic,Devanagari,Latin]",423
freehand,"[Cyrillic,Latin]",421
chango,[Latin],420
gowun-batang,"[Cyrillic,Latin]",419
spirax,[Latin],416
engagement,"[Cyrillic,Latin]",416
cagliostro,"[Arabic,Bengali,Cyrillic,Devanagari,Latin,Tamil,Telugu]",416
mr-de-haviland,"[Cyrillic,Latin]",414
rubik-mono-one,"[Cyrillic,Latin]",411
cormorant-unicase,"[Cyrillic,Devanagari,Katakana,Latin]",410
mirza,"[Arabic,Latin]",408
nanum-gothic-coding,[Latin],408
bellota-text,"[Cyrillic,Latin]",407
baloo-da-2,"[Bengali,Cyrillic,Devanagari,Latin]",407
barrio,[Latin],406
pixelify-sans,"[Cyrillic,Latin]",402
flow-circular,"[Cyrillic,Latin]",397
codystar,[Latin],396
fuggles,[Latin],396
gugi,[Latin],396
averia-sans-libre,"[Cyrillic,Han,Katakana,Latin]",395
contrail-one,"[Cyrillic,Katakana,Latin]",393
iansui,"[Han,Latin]",392
junge,[Latin],392
noto-serif-bengali,"[Bengali,Cyrillic,Latin]",392
bungee-inline,"[Cyrillic,Latin]",392
gayathri,"[Cyrillic,Devanagari,Latin]",391
noto-naskh-arabic,"[Arabic,Latin]",391
averia-libre,"[Cyrillic,Latin]",390
smokum,[Latin],389
sarina,"[Cyrillic,Latin]",388
ibm-plex-sans-kr,[Latin],388
big-shoulders-stencil,[Latin],387
spectral-sc,"[Cyrillic,Latin]",386
smooch,[Latin],384
baloo-tamma-2,"[Latin,Telugu]",384
prociono,"[Arabic,Bengali,Cyrillic,Devanagari,Latin,Tamil,Telugu]",380
jomolhari,"[Cyrillic,Katakana,Latin]",379
moul,"[Cyrillic,Latin]",372
red-rose,"[Cyrillic,Latin]",370
zen-dots,"[Cyrillic,Devanagari,Latin]",368
ruluko,"[Cyrillic,Latin]",368
bilbo-swash-caps,"[Cyrillic,Latin]",367
redressed,"[Cyrillic,Devanagari,Latin]",367
skranji,"[Cyrillic,Han,Latin]",365
stint-ultra-condensed,"[Cyrillic,Latin]",365
tiro-bangla,"[Bengali,Latin]",361
square-peg,[Latin],361
sigmar-one,"[Cyrillic,Latin]",360
kavoon,[Latin],360
playwrite-is,[Latin],359
andada-pro,"[Cyrillic,Latin]",355
montagu-slab,"[Arabic,Cyrillic,Latin]",352
waterfall,[Latin],349
stalemate,"[Cyrillic,Latin]",348
oleo-script-swash-caps,"[Cyrillic,Latin]",347
stardos-stencil,"[Cyrillic,Latin]",346
flamenco,[Latin],344
della-respira,[Latin],342
suse,[Latin],342
mouse-memoirs,"[Cyrillic,Katakana,Latin]",339
fenix,"[Cyrillic,Latin]",339
bhutuka-expanded-one,[Latin],336
hedvig-letters-serif,[Latin],336
noto-nastaliq-urdu,"[Arabic,Latin]",334
miriam-libre,[Latin],334
fasthand,[Latin],334
qwitcher-grypen,[Latin],333
baloo-chettan-2,"[Cyrillic,Latin]",332
nokora,"[Cyrillic,Latin]",332
lily-script-one,"[Cyrillic,Latin]",331
abyssinica-sil,"[Cyrillic,Devanagari,Latin]",330
buda,"[Cyrillic,Latin]",329
gupter,"[Cyrillic,Latin]",329
sura,"[Arabic,Bengali,Cyrillic,Devanagari,Latin,Tamil,Telugu]",329
iceland,[Latin],328
atkinson-hyperlegible-next,[Latin],327
bilbo,"[Cyrillic,Latin]",327
srisakdi,[Latin],326
imbue,[Latin],326
benne,"[Cyrillic,Latin]",326
mochiy-pop-one,"[Katakana,Latin]",326
mukta-mahee,"[Devanagari,Latin]",326
gafata,"[Arabic,Cyrillic,Devanagari,Latin,Telugu]",322
whisper,"[Cyrillic,Latin]",322
im-fell-dw-pica,"[Cyrillic,Latin]",321
noto-sans-mono,"[Cyrillic,Devanagari,Latin]",320
handjet,"[Arabic,Cyrillic,Latin]",320
noto-sans-georgian,[Latin],318
macondo,[Latin],315
kantumruy-pro,[Latin],314
genos,"[Cyrillic,Devanagari,Latin]",313
bona-nova,"[Cyrillic,Devanagari,Latin]",313
pathway-extreme,[Latin],312
overpass-mono,"[Cyrillic,Latin]",311
encode-sans-semi-condensed,"[Arabic,Bengali,Cyrillic,Devanagari,Latin,Tamil,Telugu]",311
material-icons-sharp,[Latin],311
kaisei-tokumin,"[Cyrillic,Katakana,Latin]",310
nova-square,"[Cyrillic,Latin]",309
condiment,[Latin],309
inika,[Latin],308
timmana,"[Cyrillic,Latin,Telugu]",306
baloo-bhai-2,"[Cyrillic,Devanagari,Latin]",304
wallpoet,"[Cyrillic,Latin]",303
aoboshi-one,"[Katakana,Latin]",302
redacted,[Latin],301
prosto-one,"[Cyrillic,Devanagari,Latin]",300
yusei-magic,"[Cyrillic,Katakana,Latin]",300
inclusive-sans,"[Cyrillic,Latin]",299
borel,[Latin],299
harmattan,"[Arabic,Cyrillic,Latin]",298
ranchers,[Latin],298
rampart-one,"[Cyrillic,Katakana,Latin]",296
share-tech,"[Cyrillic,Latin]",296
zen-kurenaido,"[Cyrillic,Katakana,Latin]",295
aref-ruqaa,"[Arabic,Latin]",295
big-shoulders,"[Cyrillic,Latin]",292
padauk,"[Cyrillic,Latin]",292
radio-canada,"[Cyrillic,Devanagari,Latin]",288
ubuntu-sans,"[Cyrillic,Latin]",288
dekko,"[Devanagari,Latin]",287
freeman,"[Cyrillic,Devanagari,Latin]",282
doppio-one,"[Cyrillic,Latin]",282
modak,"[Devanagari,Latin]",279
frijole,"[Cyrillic,Latin]",278
grenze,[Latin],277
markazi-text,"[Arabic,Cyrillic,Latin]",277
gravitas-one,[Latin],276
medula-one,"[Cyrillic,Latin]",276
mooli,[Latin],275
chivo-mono,[Latin],275
gluten,[Latin],274
anton-sc,"[Cyrillic,Latin]",273
sue-ellen-francisco,"[Cyrillic,Latin]",271
tillana,"[Devanagari,Latin]",271
flavors,"[Cyrillic,Latin]",271
comme,[Latin],270
tiro-devanagari-hindi,"[Devanagari,Latin]",269
zen-antique,"[Cyrillic,Katakana,Latin]",268
yaldevi,"[Cyrillic,Latin]",267
nosifer,"[Cyrillic,Latin]",266
vast-shadow,"[Arabic,Cyrillic,Latin]",265
baloo-thambi-2,"[Cyrillic,Latin,Tamil]",264
autour-one,"[Cyrillic,Devanagari,Latin]",263
duru-sans,"[Arabic,Bengali,Cyrillic,Devanagari,Latin,Tamil,Telugu]",262
tilt-warp,"[Cyrillic,Latin]",262
trykker,"[Cyrillic,Latin]",262
vibur,"[Cyrillic,Latin]",261
girassol,"[Cyrillic,Devanagari,Latin]",260
ibm-plex-sans-hebrew,[Latin],260
comforter,"[Cyrillic,Latin]",259
asar,"[Cyrillic,Devanagari,Latin]",257
birthstone-bounce,[Latin],256
sahitya,"[Devanagari,Latin]",253
ysabeau-office,"[Cyrillic,Latin]",253
fragment-mono,[Latin],248
solitreo,[Latin],248
scope-one,"[Devanagari,Latin]",248
tiktok-sans,"[Cyrillic,Latin]",247
ma-shan-zheng,"[Han,Latin]",247
mountains-of-christmas,"[Cyrillic,Latin]",246
patrick-hand-sc,"[Cyrillic,Latin]",246
walter-turncoat,"[Cyrillic,Latin]",246
bungee-shade,"[Cyrillic,Latin]",245
katibeh,"[Arabic,Cyrillic,Latin]",245
mogra,"[Devanagari,Latin]",244
emilys-candy,"[Cyrillic,Latin]",243
source-serif-pro,"[Arabic,Cyrillic,Devanagari,Katakana,Latin,Telugu]",242
libre-barcode-128,[Latin],241
chicle,"[Cyrillic,Latin]",241
lancelot,"[Cyrillic,Latin]",241
mate-sc,"[Cyrillic,Latin]",240
zcool-xiaowei,"[Han,Katakana,Latin]",240
encode-sans-semi-expanded,"[Cyrillic,Latin]",239
wellfleet,"[Cyrillic,Latin]",238
slabo-13px,"[Cyrillic,Latin]",238
margarine,[Latin],238
sulphur-point,[Latin],237
seaweed-script,"[Cyrillic,Latin]",237
lunasima,"[Cyrillic,Latin]",237
felipa,"[Cyrillic,Latin]",237
ek-mukta,"[Cyrillic,Devanagari,Latin]",237
englebert,[Latin],236
doto,[Latin],236
anek-devanagari,"[Cyrillic,Devanagari,Latin]",236
sofia-sans-semi-condensed,"[Cyrillic,Latin]",235
risque,"[Cyrillic,Latin]",234
fresca,"[Cyrillic,Latin]",234
unifrakturcook,"[Cyrillic,Latin]",234
headland-one,[Latin],233
gowun-dodum,[Latin],231
libre-barcode-39,[Latin],229
finger-paint,[Latin],229
ballet,[Latin],229
mukta-malar,"[Latin,Tamil]",227
galdeano,"[Cyrillic,Katakana,Latin]",227
milonga,[Latin],225
modern-antiqua,"[Arabic,Cyrillic,Devanagari,Latin,Telugu]",225
gemunu-libre,[Latin],224
ysabeau-infant,"[Cyrillic,Latin]",223
akronim,"[Cyrillic,Latin]",223
wire-one,"[Cyrillic,Latin]",221
alkalami,"[Arabic,Cyrillic,Devanagari,Latin]",221
julee,"[Arabic,Bengali,Cyrillic,Devanagari,Latin,Tamil,Telugu]",220
david-libre,"[Arabic,Devanagari,Latin]",219
delicious-handrawn,"[Arabic,Latin]",218
meow-script,[Latin],216
radio-canada-big,[Latin],216
pirata-one,"[Cyrillic,Latin]",216
line-seed-jp,"[Cyrillic,Katakana,Latin]",215
chau-philomene-one,"[Arabic,Bengali,Cyrillic,Devanagari,Latin,Tamil,Telugu]",214
rationale,"[Arabic,Bengali,Cyrillic,Devanagari,Latin,Tamil,Telugu]",214
holtwood-one-sc,"[Cyrillic,Latin]",214
suwannaphum,"[Cyrillic,Latin]",213
fontdiner-swanky,"[Cyrillic,Devanagari,Katakana,Latin]",213
dorsa,"[Cyrillic,Devanagari,Latin]",212
playpen-sans,"[Cyrillic,Latin]",212
beth-ellen,"[Cyrillic,Latin]",212
offside,"[Arabic,Bengali,Cyrillic,Devanagari,Latin,Tamil,Telugu]",211
poetsen-one,[Latin],211
default,"[Cyrillic,Latin]",211
sigmar,[Latin],209
train-one,"[Cyrillic,Katakana,Latin]",209
short-stack,"[Cyrillic,Latin]",208
east-sea-dokdo,"[Cyrillic,Latin]",208
bagel-fat-one,[Latin],207
diphylleia,[Latin],207
galindo,"[Cyrillic,Devanagari,Latin]",207
rubik-dirt,"[Cyrillic,Latin]",207
poller-one,[Latin],207
shojumaru,"[Cyrillic,Latin]",207
farsan,[Latin],207
germania-one,"[Cyrillic,Devanagari,Latin]",206
hedvig-letters-sans,[Latin],204
mynerve,[Latin],204
grape-nuts,[Latin],204
over-the-rainbow,"[Cyrillic,Devanagari,Latin]",204
ramaraja,"[Latin,Telugu]",204
texturina,[Latin],203
lexend-zetta,"[Cyrillic,Latin]",203
major-mono-display,[Latin],202
baloo-paaji-2,[Latin],202
oldenburg,"[Cyrillic,Latin]",202
just-me-again-down-here,"[Cyrillic,Latin]",201
grenze-gotisch,[Latin],200
lexend-giga,"[Cyrillic,Latin]",199
zen-antique-soft,"[Cyrillic,Katakana,Latin]",199
arial,"[Arabic,Bengali,Cyrillic,Devanagari,Latin,Tamil,Telugu]",199
notable,[Latin],199
chilanka,[Latin],199
joan,[Latin],198
libre-barcode-39-extended-text,[Latin],197
give-you-glory,"[Cyrillic,Latin]",197
lovers-quarrel,"[Cyrillic,Latin]",197
nova-mono,"[Cyrillic,Latin]",196
sedgwick-ave,[Latin],195
carrois-gothic-sc,"[Cyrillic,Latin]",195
vina-sans,[Latin],194
kavivanar,"[Cyrillic,Latin,Tamil]",194
peralta,[Latin],193
orbit,[Latin],193
potta-one,"[Cyrillic,Katakana,Latin]",193
shippori-antique,"[Katakana,Latin]",192
zcool-qingke-huangyou,"[Han,Latin]",191
mochiy-pop-p-one,"[Katakana,Latin]",191
biz-udmincho,"[Cyrillic,Katakana,Latin]",191
fredoka-one,"[Cyrillic,Devanagari,Katakana,Latin]",191
scheherazade-new,"[Arabic,Cyrillic,Latin]",190
oxygen-mono,"[Cyrillic,Latin]",190
faculty-glyphic,[Latin],189
kaisei-harunoumi,"[Cyrillic,Katakana,Latin]",188
life-savers,"[Cyrillic,Latin]",187
ranga,"[Cyrillic,Devanagari,Latin]",187
goblin-one,[Latin],187
trispace,[Latin],186
raleway-dots,"[Cyrillic,Latin]",186
braah-one,[Latin],186
romanesco,[Latin],185
m-plus-1-code,"[Katakana,Latin]",185
moderustic,"[Cyrillic,Latin]",185
liter,"[Cyrillic,Latin]",184
waiting-for-the-sunrise,"[Cyrillic,Latin]",184
ribeye,[Latin],184
metal,"[Cyrillic,Latin]",183
noto-serif-georgian,"[Cyrillic,Latin]",182
kulim-park,"[Cyrillic,Latin]",182
gentium-plus,"[Cyrillic,Latin]",182
akaya-kanadaka,"[Cyrillic,Devanagari,Latin]",182
akaya-telivigala,"[Cyrillic,Devanagari,Latin,Telugu]",180
ibm-plex-sans-thai-looped,[Latin],180
delius-swash-caps,"[Cyrillic,Latin]",180
anek-telugu,"[Cyrillic,Latin,Telugu]",180
noto-serif-hk,"[Cyrillic,Han,Latin]",179
stick-no-bills,[Latin],178
cherry-bomb-one,"[Katakana,Latin]",177
preahvihear,"[Cyrillic,Latin]",176
ruthie,"[Cyrillic,Latin]",176
alan-sans,[Latin],175
kotta-one,[Latin],174
bonheur-royale,"[Katakana,Latin]",174
bahiana,[Latin],174
martian-mono,"[Cyrillic,Latin]",174
dhurjati,"[Latin,Telugu]",173
alike-angular,"[Cyrillic,Latin]",173
shantell-sans,"[Cyrillic,Latin]",173
fuzzy-bubbles,[Latin],173
beau-rivage,[Latin],173
gulzar,"[Arabic,Latin]",172
loved-by-the-king,[Latin],172
gwendolyn,[Latin],171
barriecito,[Latin],170
material-icons-two-tone,[Latin],170
jomhuria,[Latin],169
kelly-slab,"[Cyrillic,Devanagari,Latin]",169
bigshot-one,"[Cyrillic,Latin]",167
protest-strike,[Latin],166
anek-malayalam,[Latin],165
im-fell-double-pica,"[Cyrillic,Latin]",164
league-script,"[Cyrillic,Latin]",164
hubballi,[Latin],164
vesper-libre,"[Arabic,Bengali,Cyrillic,Devanagari,Latin,Tamil,Telugu]",163
nova-round,"[Cyrillic,Latin]",163
gentium-book-plus,"[Cyrillic,Latin]",163
dangrek,"[Cyrillic,Latin]",162
anek-gurmukhi,"[Cyrillic,Latin]",161
im-fell-great-primer,"[Cyrillic,Latin]",161
ojuju,[Latin],160
b612-mono,"[Arabic,Cyrillic,Latin]",159
tiny5,"[Cyrillic,Latin]",158
imperial-script,[Latin],158
praise,[Latin],158
baloo-bhaina-2,"[Cyrillic,Devanagari,Latin]",158
iceberg,"[Cyrillic,Latin]",157
climate-crisis,"[Cyrillic,Latin]",157
noto-sans-malayalam,[Latin],156
cantora-one,[Latin],156
rum-raisin,"[Cyrillic,Latin]",154
road-rage,"[Cyrillic,Latin]",153
tourney,[Latin],152
anek-tamil,"[Cyrillic,Latin,Tamil]",151
hachi-maru-pop,"[Cyrillic,Katakana,Latin]",151
gorditas,"[Cyrillic,Latin]",150
baloo-tammudu-2,"[Devanagari,Latin,Telugu]",150
metal-mania,[Latin],150
smooch-sans,[Latin],149
fascinate,[Latin],149
special-gothic-expanded-one,[Latin],148
noto-sans-tamil,"[Latin,Tamil]",146
smythe,"[Cyrillic,Latin]",145
sunshiney,"[Cyrillic,Latin]",145
red-hat-mono,[Latin],144
eagle-lake,"[Arabic,Cyrillic,Devanagari,Latin,Telugu]",144
castoro-titling,[Latin],144
updock,[Latin],143
im-fell-french-canon,"[Cyrillic,Katakana,Latin]",143
bokor,"[Cyrillic,Latin]",143
yatra-one,"[Devanagari,Latin]",143
beiruti,"[Arabic,Latin]",142
zilla-slab-highlight,"[Cyrillic,Latin]",142
stint-ultra-expanded,"[Cyrillic,Latin]",142
vujahday-script,[Latin],141
the-nautigal,"[Cyrillic,Devanagari,Latin]",141
noto-sans-tangsa,[Latin],140
faster-one,"[Cyrillic,Latin]",140
dokdo,[Latin],140
bruno-ace,"[Cyrillic,Latin]",139
lexend-mega,"[Cyrillic,Latin,Telugu]",139
kite-one,"[Cyrillic,Latin]",138
im-fell-dw-pica-sc,"[Cyrillic,Latin]",138
wendy-one,[Latin],138
mystery-quest,"[Cyrillic,Devanagari,Latin]",138
zalando-sans,[Latin],136
asset,"[Cyrillic,Latin]",136
arima-madurai,"[Arabic,Bengali,Cyrillic,Devanagari,Latin,Tamil,Telugu]",136
google-sans-code,[Latin],136
noto-sans-armenian,[Latin],136
nerko-one,"[Cyrillic,Devanagari,Latin]",135
londrina-outline,"[Cyrillic,Latin]",135
gamja-flower,[Latin],135
marhey,"[Arabic,Cyrillic,Latin]",134
special-gothic-condensed-one,[Latin],134
amiri-quran,"[Arabic,Latin]",133
nova-flat,"[Cyrillic,Latin]",131
plaster,[Latin],130
shizuru,"[Katakana,Latin]",130
elsie-swash-caps,"[Cyrillic,Latin]",130
charis-sil,"[Cyrillic,Latin]",130
orelega-one,"[Cyrillic,Latin]",129
spicy-rice,[Latin],129
marko-one,"[Cyrillic,Latin]",128
henny-penny,[Latin],127
meie-script,[Latin],127
noto-sans-thai-looped,[Latin],127
caramel,[Latin],127
protest-riot,"[Cyrillic,Latin]",127
geom,[Latin],126
ruslan-display,"[Cyrillic,Latin]",126
sometype-mono,[Latin],126
the-girl-next-door,"[Cyrillic,Latin]",125
noto-sans-linear-a,[Latin],125
bonbon,[Latin],125
bungee-outline,[Latin],124
noto-sans-sinhala,[Latin],124
donegal-one,[Latin],124
vollkorn-sc,"[Cyrillic,Latin]",123
sedan,[Latin],122
miltonian,"[Cyrillic,Latin]",122
wittgenstein,[Latin],122
chiron-goround-tc,"[Cyrillic,Han,Latin]",121
bubbler-one,"[Katakana,Latin]",121
moulpali,"[Arabic,Bengali,Cyrillic,Devanagari,Latin,Tamil,Telugu]",121
zalando-sans-expanded,[Latin],121
chathura,"[Cyrillic,Latin,Telugu]",121
port-lligat-sans,[Latin],120
linden-hill,"[Arabic,Cyrillic,Devanagari,Katakana,Latin,Telugu]",120
arbutus,"[Cyrillic,Latin]",119
noto-sans-pahawh-hmong,[Latin],118
text-me-one,"[Cyrillic,Devanagari,Latin]",118
anek-odia,"[Bengali,Cyrillic,Latin]",118
new-amsterdam,[Latin],118
revalia,"[Cyrillic,Latin]",117
sonsie-one,"[Cyrillic,Devanagari,Latin]",117
snippet,[Latin],116
playwrite-in,[Latin],116
maiden-orange,"[Cyrillic,Latin]",115
black-and-white-picture,[Latin],115
denk-one,"[Cyrillic,Latin]",115
jacques-francois,"[Arabic,Cyrillic,Devanagari,Latin,Telugu]",115
comic-relief,"[Cyrillic,Latin]",115
bacasime-antique,[Latin],115
darumadrop-one,"[Katakana,Latin]",114
tilt-neon,[Latin],113
sono,[Latin],112
delius-unicase,[Latin],112
chocolate-classical-sans,"[Cyrillic,Han,Latin]",111
odor-mean-chey,"[Cyrillic,Latin]",111
bungee-spice,"[Cyrillic,Latin]",111
vampiro-one,[Latin],110
lexend-peta,"[Cyrillic,Latin]",110
cherry-swash,"[Katakana,Latin]",110
poltawski-nowy,[Latin],110
inspiration,[Latin],110
babylonica,"[Cyrillic,Latin]",110
trochut,[Latin],109
reggae-one,"[Cyrillic,Katakana,Latin]",109
shippori-antique-b1,"[Katakana,Latin]",109
piedra,[Latin],109
luxurious-script,[Latin],108
swanky-and-moo-moo,"[Cyrillic,Latin]",108
zen-tokyo-zoo,"[Cyrillic,Devanagari,Latin]",108
noto-serif-thai,"[Cyrillic,Latin]",107
port-lligat-slab,"[Cyrillic,Latin]",107
mea-culpa,"[Cyrillic,Latin]",107
astloch,"[Cyrillic,Devanagari,Latin]",107
material-symbols,[Latin],105
anek-gujarati,"[Cyrillic,Latin]",105
odibee-sans,"[Cyrillic,Latin]",105
lavishly-yours,[Latin],105
bona-nova-sc,"[Cyrillic,Latin]",104
comforter-brush,"[Cyrillic,Latin]",104
averia-gruesa-libre,[Latin],104
underdog,"[Cyrillic,Latin]",104
hubot-sans,[Latin],103
lxgw-wenkai-tc,"[Cyrillic,Han,Latin]",103
diplomata,[Latin],102
viaoda-libre,"[Cyrillic,Latin]",101
lacquer,[Latin],101
caesar-dressing,[Latin],101
bruno-ace-sc,[Latin],100
monofett,"[Cyrillic,Latin]",100
sour-gummy,[Latin],99
molle,"[Cyrillic,Latin]",99
gentium-basic,"[Cyrillic,Katakana,Latin]",99
suravaram,"[Cyrillic,Latin,Telugu]",99
uncial-antiqua,"[Cyrillic,Latin]",98
alumni-sans-pinstripe,"[Cyrillic,Latin]",98
cute-font,[Latin],97
rhodium-libre,"[Devanagari,Latin]",97
kenia,"[Cyrillic,Latin]",97
anek-kannada,[Latin],97
fjord-one,"[Arabic,Bengali,Cyrillic,Devanagari,Latin,Tamil,Telugu]",97
im-fell-great-primer-sc,"[Cyrillic,Latin]",96
new-tegomin,"[Katakana,Latin]",96
peddana,"[Latin,Telugu]",96
labrada,[Latin],95
kode-mono,[Latin],95
amarna,[Latin],95
gfs-neohellenic,"[Arabic,Bengali,Cyrillic,Devanagari,Latin,Tamil,Telugu]",94
noto-sans-myanmar,"[Cyrillic,Latin]",94
nova-slim,"[Cyrillic,Latin]",94
ewert,"[Cyrillic,Latin]",94
turret-road,[Latin],93
reddit-sans-condensed,"[Cyrillic,Latin]",93
noto-serif-devanagari,"[Devanagari,Latin]",92
edu-vic-wa-nt-beginner,[Latin],91
cactus-classical-serif,"[Cyrillic,Han,Latin]",91
poor-story,"[Cyrillic,Latin]",91
nata-sans,"[Cyrillic,Latin]",91
new-rocker,"[Cyrillic,Latin]",90
taprom,"[Cyrillic,Latin]",90
spartan,"[Cyrillic,Katakana,Latin]",89
zalando-sans-semiexpanded,[Latin],88
gasoek-one,[Latin],88
original-surfer,[Latin],88
im-fell-french-canon-sc,"[Cyrillic,Latin]",88
combo,[Latin],88
im-fell-double-pica-sc,"[Cyrillic,Latin]",87
encode-sans-sc,"[Cyrillic,Latin]",87
glass-antiqua,[Latin],87
stack-sans-headline,[Latin],87
kdam-thmor-pro,[Latin],86
griffy,[Latin],86
jaro,[Latin],86
devonshire,[Latin],85
spline-sans-mono,[Latin],85
splash,[Latin],84
erica-one,[Latin],84
noto-sans-khmer,[Latin],84
explora,[Latin],83
libre-barcode-128-text,"[Cyrillic,Latin]",83
konkhmer-sleokchher,[Latin],83
aubrey,[Latin],81
freckle-face,[Latin],81
bigelow-rules,[Latin],80
seymour-one,"[Cyrillic,Latin]",80
arsenal-sc,"[Cyrillic,Latin]",80
eater,[Latin],79
londrina-shadow,"[Cyrillic,Latin]",79
stack-sans-text,[Latin],79
gideon-roman,"[Cyrillic,Latin]",79
hi-melody,[Latin],79
noto-sans-telugu,"[Latin,Telugu]",79
fleur-de-leah,"[Cyrillic,Latin]",78
rubik-doodle-shadow,"[Cyrillic,Latin]",78
jersey-10,[Latin],78
bodoni-moda-sc,[Latin],77
island-moments,[Latin],77
ribeye-marrow,[Latin],76
almendra-sc,"[Cyrillic,Latin]",76
yuji-boku,"[Cyrillic,Katakana,Latin]",75
zcool-kuaile,"[Han,Latin]",75
tenali-ramakrishna,"[Latin,Telugu]",75
ruwudu,"[Arabic,Latin]",73
libre-barcode-39-extended,[Latin],73
oi,"[Arabic,Cyrillic,Latin,Tamil]",73
madimi-one,[Latin],72
tulpen-one,[Latin],71
cairo-play,"[Arabic,Cyrillic,Latin]",71
gidugu,"[Latin,Telugu]",70
noto-sans-symbols-2,[Latin],70
cascadia-code,"[Arabic,Cyrillic,Latin]",70
asta-sans,[Latin],69
noto-sans-lao,[Latin],69
nova-cut,"[Cyrillic,Latin]",69
momo-trust-display,[Latin],69
federant,[Latin],68
yeon-sung,[Latin],68
cherish,[Latin],67
unlock,[Latin],67
noto-sans-anatolian-hieroglyphs,"[Cyrillic,Latin]",67
sree-krushnadevaraya,"[Latin,Telugu]",67
miltonian-tattoo,"[Cyrillic,Latin]",66
joti-one,[Latin],66
lexend-tera,"[Cyrillic,Latin]",66
uoqmunthenkhung,"[Cyrillic,Han,Latin]",66
koh-santepheap,[Latin],66
emblema-one,[Latin],65
moon-dance,[Latin],65
diplomata-sc,"[Cyrillic,Devanagari,Latin]",65
noto-sans-symbols,[Latin],65
neonderthaw,[Latin],65
ancizar-sans,[Latin],65
lugrasimo,[Latin],64
yuji-mai,"[Cyrillic,Katakana,Latin]",64
noto-sans-javanese,"[Cyrillic,Latin]",64
special-gothic,[Latin],64
gidole,"[Cyrillic,Latin]",64
jacques-francois-shadow,[Latin],63
londrina-sketch,[Latin],63
reem-kufi-fun,"[Arabic,Latin]",63
lxgw-wenkai-mono-tc,"[Cyrillic,Han,Latin]",62
atkinson-hyperlegible-mono,[Latin],62
langar,[Latin],62
fruktur,"[Cyrillic,Latin]",62
helvetica,"[Arabic,Cyrillic,Devanagari,Latin,Telugu]",61
sevillana,"[Cyrillic,Latin]",61
sixtyfour,[Latin],60
vend-sans,[Latin],60
noto-sans-gujarati,"[Devanagari,Latin]",59
water-brush,[Latin],59
princess-sofia,[Latin],59
nova-oval,"[Cyrillic,Latin]",59
noto-sans-sora-sompeng,[Latin],59
monomakh,"[Cyrillic,Latin]",59
baskervville-sc,[Latin],59
national-park,[Latin],58
elms-sans,[Latin],58
edu-nsw-act-cursive,[Latin],58
long-cang,"[Han,Latin]",58
noto-sans-adlam,[Latin],58
gentium-book-basic,"[Cyrillic,Latin]",58
playwrite-us-trad,[Latin],57
reddit-mono,[Latin],57
festive,[Latin],56
liu-jian-mao-cao,"[Han,Latin]",56
big-shoulders-display,"[Cyrillic,Devanagari,Katakana,Latin]",56
estonia,[Latin],56
noto-music,"[Cyrillic,Katakana,Latin]",55
noto-sans-gothic,"[Devanagari,Latin]",55
texgyreadventorregular,[Latin],55
baloo,"[Devanagari,Katakana,Latin]",55
nuosu-sil,"[Cyrillic,Latin]",55
noto-sans-kannada,[Latin],55
sedgwick-ave-display,[Latin],54
shalimar,[Latin],54
playwrite-de-grund,"[Katakana,Latin]",54
ancizar-serif,[Latin],54
namdhinggo,[Latin],53
luxurious-roman,[Latin],53
atomic-age,"[Arabic,Cyrillic,Latin]",53
tai-heritage-pro,[Latin],53
ysabeau-sc,"[Cyrillic,Latin]",53
nova-script,"[Cyrillic,Latin]",53
1,"[Arabic,Bengali,Cyrillic,Devanagari,Latin,Tamil,Telugu]",52
alumni-sans-inline-one,[Latin],52
tasa-orbiter,[Latin],52
libertinus-sans,"[Cyrillic,Latin]",52
playwrite-cu,[Latin],51
libertinus-serif,"[Cyrillic,Latin]",50
bahianita,[Latin],50
rubik-glitch,"[Cyrillic,Latin]",50
noto-sans-carian,[Latin],49
miss-fajardose,[Latin],49
be-vietnam,[Latin],49
aref-ruqaa-ink,"[Arabic,Latin]",49
biorhyme-expanded,[Latin],48
kumar-one,[Latin],48
uchen,[Latin],48
meera-inimai,"[Latin,Tamil]",48
butcherman,[Latin],47
petemoss,[Latin],47
nabla,[Latin],47
purple-purse,[Latin],47
jim-nightshade,[Latin],47
edu-tas-beginner,[Latin],47
rubik-bubbles,"[Cyrillic,Latin]",46
chela-one,[Latin],46
victor-mono,"[Cyrillic,Latin]",45
mrs-sheppards,"[Cyrillic,Latin]",45
noto-sans-gurmukhi,[Latin],45
zhi-mang-xing,"[Han,Latin]",45
xanh-mono,[Latin],45
rubik-distressed,"[Cyrillic,Latin]",44
macondo-swash-caps,"[Cyrillic,Latin]",44
monomaniac-one,"[Cyrillic,Katakana,Latin]",44
jolly-lodger,"[Cyrillic,Latin]",44
noto-serif-hebrew,[Latin],44
noto-serif-ethiopic,[Latin],44
kablammo,"[Cyrillic,Latin]",44
noto-rashi-hebrew,[Latin],44
edu-nsw-act-foundation,[Latin],44
tiro-devanagari-sanskrit,"[Cyrillic,Devanagari,Latin]",43
rubik-wet-paint,"[Cyrillic,Latin]",43
dr-sugiyama,[Latin],43
mozilla-headline,[Latin],43
winky-sans,[Latin],43
edu-sa-beginner,[Latin],43
passions-conflict,[Latin],43
noto-serif-sinhala,[Latin],42
noto-sans-ethiopic,[Latin],41
tsukimi-rounded,"[Katakana,Latin]",39
mr-bedfort,"[Cyrillic,Devanagari,Latin]",39
tiro-devanagari-marathi,"[Devanagari,Latin]",39
noto-serif-telugu,"[Latin,Telugu]",39
sn-pro,"[Cyrillic,Latin]",38
noto-serif-malayalam,"[Cyrillic,Latin]",38
narnoor,[Latin],38
sofadi-one,[Latin],38
edu-au-vic-wa-nt-hand,[Latin],38
kolker-brush,[Latin],38
playwrite-gb-s,[Latin],38
jersey-25,"[Cyrillic,Latin]",37
kings,[Latin],37
story-script,[Latin],37
kapakana,"[Katakana,Latin]",37
fascinate-inline,[Latin],36
chiron-hei-hk,"[Cyrillic,Han,Latin]",36
tapestry,[Latin],36
annapurna-sil,"[Devanagari,Latin]",36
sirin-stencil,[Latin],36
playwrite-au-sa,[Latin],36
asimovian,[Latin],36
mingzat,[Latin],36
reem-kufi-ink,"[Arabic,Latin]",35
alumni-sans-collegiate-one,"[Cyrillic,Latin]",35
grechen-fuemen,[Latin],35
butterfly-kids,[Latin],35
opensans,"[Cyrillic,Latin]",35
playpen-sans-arabic,"[Arabic,Latin]",35
ofl-sorts-mill-goudy-tt,"[Cyrillic,Latin]",35
noto-serif-ahom,[Latin],34
ravi-prakash,"[Latin,Telugu]",34
noto-serif-lao,[Latin],34
bungee-hairline,[Latin],34
ceviche-one,[Latin],34
jersey-15,[Latin],33
mozilla-text,[Latin],33
verdana,"[Arabic,Bengali,Cyrillic,Devanagari,Latin,Tamil,Telugu]",33
noto-serif-khmer,[Latin],33
noto-sans-math,[Latin],33
passero-one,[Latin],32
zen-loop,[Latin],32
keania-one,[Latin],32
calibri,"[Cyrillic,Latin]",32
dai-banna-sil,[Latin],32
stack-sans-notch,[Latin],31
momo-signature,[Latin],31
andada,"[Cyrillic,Devanagari,Latin]",31
edu-au-vic-wa-nt-pre,[Latin],31
stalinist-one,"[Cyrillic,Latin]",31
momo-trust-sans,[Latin],30
kirang-haerang,[Latin],30
noto-sans-hanunoo,"[Cyrillic,Latin]",30
montserrat-subrayada,"[Arabic,Bengali,Cyrillic,Devanagari,Latin,Tamil,Telugu]",30
sedan-sc,"[Cyrillic,Latin]",30
geostar,[Latin],30
rubik-80s-fade,"[Cyrillic,Latin]",30
noto-serif-tamil,"[Latin,Tamil]",29
workbench,[Latin],29
tilt-prism,[Latin],29
almendra-display,"[Cyrillic,Latin]",28
vibes,"[Arabic,Latin]",28
blaka,"[Arabic,Latin]",28
noto-sans-meetei-mayek,[Latin],28
lakki-reddy,"[Latin,Telugu]",28
big-shoulders-text,"[Arabic,Bengali,Cyrillic,Devanagari,Latin,Tamil,Telugu]",28
tiro-tamil,"[Latin,Tamil]",28
maname,[Latin],27
alumni-sans-sc,"[Cyrillic,Latin]",27
bbh-hegarty,[Latin],27
droid-arabic-kufi,[Latin],27
noto-sans-oriya,[Latin],27
noto-sans-avestan,[Latin],26
kedebideri,[Latin],26
foldit,[Latin],26
edu-qld-beginner,[Latin],26
hanalei-fill,[Latin],26
sassy-frass,[Latin],26
stix-two-math,[Latin],26
protest-guerrilla,[Latin],26
noto-sans-canadian-aboriginal,[Latin],26
chiron-sung-hk,"[Cyrillic,Han,Latin]",26
rock-3d,"[Katakana,Latin]",25
send-flowers,[Latin],25
science-gothic,"[Cyrillic,Latin]",25
bbh-bogle,[Latin],25
alyamama,"[Arabic,Latin]",25
playwrite-dk-loopet,[Latin],25
noto-serif-kannada,[Latin],24
tiro-telugu,"[Cyrillic,Latin,Telugu]",24
bbh-bartle,[Latin],24
noto-serif-oriya,[Latin],24
lisu-bosa,[Latin],24
tiro-gurmukhi,[Latin],24
rubik-moonrocks,"[Cyrillic,Latin]",24
noto-serif-tangut,[Latin],24
warnes,[Latin],23
tahoma,"[Arabic,Bengali,Cyrillic,Devanagari,Latin,Tamil,Telugu]",23
danfo,[Latin],23
jersey-20,[Latin],23
twinkle-star,[Latin],23
cause,[Latin],23
my-soul,[Latin],22
noto-serif-armenian,[Latin],22
menbere,[Latin],22
noto-serif-gujarati,[Latin],22
grandiflora-one,[Latin],22
sans-serif,"[Cyrillic,Latin]",22
cascadia-mono,"[Arabic,Cyrillic,Latin]",22
noto-sans-tagalog,"[Cyrillic,Latin]",22
hanalei,[Latin],21
wdxl-lubrifont-jp-n,"[Cyrillic,Katakana,Latin]",21
tuffy,"[Cyrillic,Latin]",21
qahiri,"[Arabic,Latin]",21
wdxl-lubrifont-tc,"[Cyrillic,Han,Latin]",21
merienda-one,"[Cyrillic,Latin]",21
chokokutai,"[Katakana,Latin]",20
jaini,"[Devanagari,Latin]",20
snowburst-one,[Latin],19
flow-block,"[Cyrillic,Latin]",19
tagesschrift,[Latin],19
manufacturing-consent,[Latin],19
micro-5,[Latin],19
noto-sans-thaana,[Latin],19
are-you-serious,[Latin],19
noto-sans-lao-looped,[Latin],19
playwrite-us-modern,[Latin],19
m-plus-code-latin,[Latin],19
playwrite-ca,[Latin],19
georgia,"[Cyrillic,Latin]",19
scheherazade,"[Arabic,Latin]",19
grey-qo,[Latin],18
slackside-one,"[Katakana,Latin]",18
noto-sans-samaritan,[Latin],18
libre-barcode-ean13-text,[Latin],18
noto-sans-mongolian,[Latin],18
playwrite-nz,[Latin],18
winky-rough,[Latin],18
palette-mosaic,"[Katakana,Latin]",18
love-light,[Latin],18
content,"[Cyrillic,Latin]",18
agu-display,[Latin],18
rubik-vinyl,"[Cyrillic,Latin]",18
ubuntu-sans-mono,"[Cyrillic,Latin]",18
tasa-explorer,[Latin],18
aria,[Latin],17
playwrite-sk,[Latin],17
montserrat-underline,"[Cyrillic,Latin]",17
allkin,[Latin],17
noto-sans-old-italic,[Latin],17
geostar-fill,[Latin],16
jacquarda-bastarda-9,[Latin],16
ingrid-darling,[Latin],16
epunda-slab,[Latin],16
noto-serif-toto,[Latin],16
rubik-one,"[Cyrillic,Latin]",16
playwrite-au-qld,[Latin],16
playwrite-za,[Latin],16
tiro-kannada,[Latin],16
sansita-one,"[Cyrillic,Latin]",16
playwrite-au-tas,[Latin],16
noto-sans-lisu,[Latin],16
noto-serif-balinese,[Latin],16
matemasie,[Latin],16
noto-sans-batak,"[Cyrillic,Devanagari,Latin]",16
playwrite-au-nsw,[Latin],15
parastoo,"[Arabic,Latin]",15
noto-serif-tibetan,[Latin],15
noto-sans-adlam-unjoined,[Latin],15
cossette-texte,[Latin],15
noto-sans-egyptian-hieroglyphs,[Latin],15
syne-tactile,[Latin],15
kumar-one-outline,[Latin],15
bungee-tint,[Latin],15
noto-sans-imperial-aramaic,[Latin],15
noto-sans-coptic,[Latin],15
noto-sans-old-hungarian,[Latin],15
playwrite-it-moderna,[Latin],15
estedad,"[Arabic,Latin]",15
suse-mono,[Latin],14
bitcount,[Latin],14
libertinus-math,[Latin],14
intel-one-mono,[Latin],14
noto-sans-glagolitic,[Latin],14
rubik-beastly,"[Cyrillic,Latin]",14
rubik-marker-hatch,"[Cyrillic,Latin]",14
redacted-script,[Latin],14
lilex,"[Cyrillic,Latin]",14
edu-au-vic-wa-nt-guides,[Latin],14
noto-sans-balinese,[Latin],14
libertinus-serif-display,"[Cyrillic,Latin]",14
noto-sans-medefaidrin,[Latin],14
rubik-burned,"[Cyrillic,Latin]",14
rubik-spray-paint,"[Cyrillic,Latin]",14
noto-sans-cham,[Latin],13
ruge-boogie,[Latin],13
noto-serif-gurmukhi,[Latin],13
noto-sans-gunjala-gondi,[Latin],13
tirra,[Latin],13
playwrite-ar,[Latin],13
noto-sans-warang-citi,[Latin],13
ole,[Latin],13
noto-traditional-nushu,[Latin],13
playwrite-no,[Latin],13
noto-sans-nandinagari,[Latin],13
jacquard-12,[Latin],13
bitcount-grid-single,[Latin],13
noto-sans-cypro-minoan,[Latin],13
savate,[Latin],13
avenir,"[Cyrillic,Latin]",13
jacquard-24,[Latin],13
noto-sans-syriac,[Latin],12
noto-sans-cherokee,[Latin],12
coral-pixels,[Latin],12
datatype,[Latin],12
noto-sans-tai-viet,[Latin],12
sekuya,[Latin],12
rubik-scribble,"[Cyrillic,Latin]",12
bitcount-prop-single,[Latin],12
jaini-purva,"[Devanagari,Latin]",12
kanchenjunga,[Latin],12
edu-au-vic-wa-nt-arrows,[Latin],12
cossette-titre,[Latin],12
bitcount-grid-double,[Latin],11
noto-serif-np-hmong,[Latin],11
0,[Latin],11
akt,"[Cyrillic,Latin]",11
playwrite-ie,[Latin],11
noto-serif-khojki,[Latin],11
epunda-sans,[Latin],11
playwrite-hu,[Latin],11
rubik-maps,"[Cyrillic,Latin]",11
rockwell,"[Cyrillic,Latin]",11
noto-sans-marchen,[Latin],11
noto-sans-yi,"[Cyrillic,Latin]",11
noto-sans-multani,[Latin],11
noto-sans-bamum,[Latin],11
matangi,"[Devanagari,Latin]",11
rubik-maze,"[Cyrillic,Latin]",11
noto-sans-osage,[Latin],11
noto-serif-khitan-small-script,[Latin],10
flow-rounded,"[Cyrillic,Latin]",10
miranda-sans,[Latin],10
droid-sans-mono,"[Cyrillic,Latin]",10
shafarik,"[Cyrillic,Latin]",10
noto-serif-yezidi,[Latin],10
edu-sa-hand,[Latin],10
noto-sans-khojki,[Latin],10
gajraj-one,"[Devanagari,Latin]",10
playwrite-fr-moderne,[Latin],10
saira-stencil-one,"[Cyrillic,Latin]",10
noto-sans-sundanese,[Latin],10
playpen-sans-deva,"[Devanagari,Latin]",10
bpmf-huninn,"[Han,Latin]",10
noto-serif-ottoman-siyaq,[Latin],10
kay-pho-du,[Latin],10
ponomar,"[Cyrillic,Latin]",10
linefont,[Latin],10
noto-serif-vithkuqi,[Latin],10
noto-sans-syriac-eastern,[Latin],10
libertinus-mono,[Latin],9
bitcount-single,[Latin],9
big-shoulders-inline,[Latin],9
playwrite-hr,[Latin],9
noto-sans-buhid,[Latin],9
rubik-broken-fax,"[Cyrillic,Latin]",9
noto-sans-tai-le,[Latin],9
noto-sans-cypriot,[Latin],9
yuji-hentaigana-akari,"[Katakana,Latin]",9
khmer,"[Cyrillic,Latin]",9
noto-sans-palmyrene,[Latin],9
noto-sans-sogdian,[Latin],9
cambria,"[Cyrillic,Latin]",9
inherit,"[Cyrillic,Latin]",9
kalnia-glaze,[Latin],9
noto-serif-makasar,[Latin],9
slabo27px,[Latin],9
playwrite-de-la,[Latin],9
rubik-microbe,"[Cyrillic,Latin]",9
triodion,"[Cyrillic,Latin]",9
playwrite-dk-uloopet,[Latin],9
noto-sans-phoenician,[Latin],8
rubik-lines,"[Cyrillic,Latin]",8
bytesized,[Latin],8
proxima-nova,"[Cyrillic,Latin]",8
baloo-thambi,"[Arabic,Bengali,Cyrillic,Devanagari,Latin,Tamil,Telugu]",8
playwrite-de-sas,[Latin],8
helvetica-neue,"[Cyrillic,Latin]",8
chenla,"[Cyrillic,Latin]",8
century-gothic,"[Cyrillic,Latin]",8
segoe-ui,"[Cyrillic,Latin]",8
coda-caption,"[Cyrillic,Latin]",8
puppies-play,"[Cyrillic,Latin]",8
rubik-glitch-pop,"[Cyrillic,Latin]",8
noto-sans-buginese,[Latin],8
noto-sans-meroitic,[Latin],8
rubik-pixels,"[Cyrillic,Latin]",8
noto-sans-elymaic,[Latin],8
noto-sans-lepcha,[Latin],8
noto-sans-vithkuqi,[Latin],8
noto-sans-modi,[Latin],8
noto-sans-mende-kikakui,[Latin],8
noto-sans-tifinagh,[Latin],8
noto-sans-syloti-nagri,[Latin],8
ga-maamli,[Latin],8
noto-sans-miao,[Latin],8
playwrite-be-vlg,[Latin],8
noto-sans-linear-b,[Latin],8
noto-sans-runic,[Latin],8
noto-sans-saurashtra,[Latin],8
rubik-gemstones,"[Cyrillic,Latin]",8
noto-sans-mandaic,[Latin],8
noto-sans-inscriptional-pahlavi,[Latin],8
noto-sans-nag-mundari,[Latin],8
playwrite-mx,[Latin],8
exile,[Latin],8
playpen-sans-hebrew,[Latin],8
noto-sans-mayan-numerals,[Latin],7
noto-sans-new-tai-lue,[Latin],7
times-new-roman,"[Cyrillic,Latin]",7
noto-serif-grantha,[Latin],7
noto-sans-elbasan,[Latin],7
noto-sans-old-south-arabian,[Latin],7
rubik-iso,"[Cyrillic,Latin]",7
noto-znamenny-musical-notation,[Latin],7
noto-sans-bhaiksuki,[Latin],7
noto-sans-nko,[Latin],7
sixtyfour-convergence,[Latin],7
hind-mysuru,[Latin],7
playwrite-es-deco,[Latin],7
playpen-sans-thai,[Latin],7
ramsina,[Latin],7
playwrite-nl,[Latin],7
moirai-one,[Latin],7
noto-sans-kaithi,"[Cyrillic,Devanagari,Latin]",7
noto-sans-duployan,"[Cyrillic,Latin]",7
noto-sans-cuneiform,[Latin],7
noto-sans-nabataean,[Latin],6
noto-sans-mro,[Latin],6
noto-sans-bassa-vah,[Latin],6
noto-sans-vai,[Latin],6
noto-sans-khudawadi,[Latin],6
noto-serif-old-uyghur,[Latin],6
blinkmacsystemfont,[Cyrillic],6
off,[Latin],6
siemreap,"[Cyrillic,Latin]",6
montserrat-bold,"[Cyrillic,Latin]",6
noto-sans-osmanya,"[Cyrillic,Latin]",6
playwrite-nz-basic,[Latin],6
playwrite-es,[Latin],6
noto-sans-kharoshthi,[Latin],6
noto-serif-dives-akuru,[Latin],6
open-sans-bold,[Latin],6
edu-qld-hand,[Latin],6
noto-sans-kawi,[Latin],6
wdxl-lubrifont-sc,"[Cyrillic,Han,Latin]",6
sirivennela,"[Latin,Telugu]",6
rubik-puddles,"[Cyrillic,Latin]",6
cs-chatthai-ui,"[Arabic,Cyrillic,Devanagari,Latin,Telugu]",6
nimbus-sans,"[Cyrillic,Latin]",6
latoweb,"[Cyrillic,Latin]",6
latoweblight,"[Cyrillic,Latin]",6
badeen-display,"[Arabic,Latin]",6
karla-tamil-inclined,[Tamil],6
noto-sans-old-north-arabian,[Latin],6
noto-serif-dogra,[Latin],6
noto-sans-siddham,[Latin],6
noto-sans-nushu,[Latin],6
noto-sans-chakma,[Latin],6
noto-sans-tamil-supplement,[Latin],6
noto-sans-old-turkic,[Latin],6
serif,[Latin],6
jacquard-12-charted,[Latin],6
lxgw-marker-gothic,"[Cyrillic,Han,Latin]",6
edu-nsw-act-hand-pre,[Latin],6
blaka-hollow,"[Arabic,Latin]",6
playwrite-co,[Latin],6
saira-stencil,[Latin],6
latowebbold,"[Cyrillic,Latin]",6
noto-sans-psalter-pahlavi,[Latin],6
tac-one,[Latin],5
noto-sans-inscriptional-parthian,[Latin],5
noto-sans-masaram-gondi,[Latin],5
racing,"[Cyrillic,Devanagari,Latin]",5
moo-lah-lah,[Latin],5
noto-sans-old-sogdian,[Latin],5
playwrite-cz,[Latin],5
noto-sans-nko-unjoined,[Latin],5
noto-sans-shavian,[Latin],5
playwrite-au-vic,[Latin],5
noto-sans-tagbanwa,[Latin],5
jersey-10-charted,[Latin],5
noto-sans-old-permic,[Latin],5
playwrite-cl,[Latin],5
wavefont,[Latin],5
system,"[Cyrillic,Latin]",5
noto-sans-wancho,[Latin],5
noto-sans-soyombo,[Latin],5
noto-sans-brahmi,[Latin],5
noto-sans-takri,[Latin],5
sunflower,"[Cyrillic,Devanagari,Latin]",5
noto-sans-newa,[Latin],5
noto-sans-tirhuta,[Latin],5
noto-sans-mahajani,[Latin],5
playwrite-hr-lijeva,[Latin],5
playwrite-pl,[Latin],5
playwrite-pe,[Latin],5
playwrite-be-wal,[Latin],5
blaka-ink,"[Arabic,Latin]",5
impact,[Latin],5
noto-sans-sharada,[Latin],5
finlandica,"[Cyrillic,Latin]",5
playwrite-gb-j,[Latin],5
noto-sans-ogham,[Latin],5
-apple-system,"[Cyrillic,Latin]",5
42dot-sans,[Latin],5
rubik-storm,"[Cyrillic,Latin]",5
monospace,"[Cyrillic,Latin]",5
noto-sans-zanabazar-square,[Latin],5
trebuchet-ms,"[Cyrillic,Latin]",4
song-myung,[Latin],4
baloo-chettan,"[Katakana,Latin]",4
noto-sans-rejang,[Latin],4
forufont,[Cyrillic],4
news-gothic-mt,[Latin],4
iosevka-charon-mono,"[Cyrillic,Latin]",4
playwrite-ng-modern,[Latin],4
ponnala,"[Latin,Telugu]",4
noto-sans-caucasian-albanian,[Latin],4
noto-serif-hentaigana,[Latin],4
noto-sans-sunuwar,[Latin],4
noto-sans-ol-chiki,[Latin],4
geometria,"[Cyrillic,Latin]",4
consolas,[Cyrillic],4
baloo-bhai,[Latin],4
noto-sans-deseret,[Latin],4
idiqlat,[Latin],4
dm-sans-regular,[Latin],4
noto-sans-kayah-li,[Latin],4
micro-5-charted,[Latin],4
josefin-sans-std-light,[Latin],4
playwrite-ro,[Latin],4
gotham,"[Cyrillic,Latin]",4
playwrite-vn,[Latin],4
geometria-extrabold,"[Cyrillic,Latin]",4
noto-sans-lydian,[Latin],4
scadawebbold,"[Cyrillic,Latin]",4
bjcree,[Latin],4
m-plus-u,"[Katakana,Latin]",4
noto-sans-manichaean,[Latin],4
blogger-sans,[Latin],4
playwrite-tz,[Latin],4
robotowebbold,"[Cyrillic,Latin]",4
bitcount-grid-single-ink,[Latin],4
noto-serif-todhri,[Latin],4
padyakke-expanded-one,[Latin],4
robotoweblight,"[Cyrillic,Latin]",4
baloo-bhaina,"[Arabic,Bengali,Cyrillic,Devanagari,Latin,Tamil,Telugu]",4
bitcount-prop-double,[Latin],4
monserrat,[Latin],4
terminal-dosis-light,"[Cyrillic,Latin]",4
robotowebregular,"[Cyrillic,Latin]",4
edu-au-vic-wa-nt-dots,[Latin],4
noto-sans-chorasmian,"[Cyrillic,Latin]",4
scadawebregular,"[Cyrillic,Latin]",4
noto-sans-tai-tham,[Latin],4
robotodraft,"[Cyrillic,Latin]",3
edu-vic-wa-nt-hand-pre,[Latin],3
roboto-sans,"[Cyrillic,Latin]",3
myriad-pro,"[Cyrillic,Latin]",3
fjallaone,"[Cyrillic,Devanagari,Latin]",3
arial-black,"[Cyrillic,Latin]",3
gotham-light,[Latin],3
kantumruy,"[Cyrillic,Latin]",3
gilroy,"[Cyrillic,Latin]",3
avenir-next,"[Cyrillic,Latin]",3
futura-pt,[Latin],3
candara,[Latin],3
jersey-15-charted,[Latin],3
yarndings-20-charted,[Latin],3
futura-pt-condensed,[Latin],3
noto-sans-signwriting,[Latin],3
noto-sans-hatran,[Latin],3
menlo,[Cyrillic],3
playwrite-pt,[Latin],3
cursive,"[Cyrillic,Latin]",3
monaco,[Cyrillic],3
pochaevsk,"[Cyrillic,Latin]",3
jersey-25-charted,[Latin],3
brandon,"[Cyrillic,Latin]",3
abeezee-abel-abril-fatface-aclonica-acme-actor-adamina-advent-pro-aguafina-script-akronim-aladin-aldrich-alegreya-alegreya-sc-alex-brush-alfa-slab-one-alice-alike-alike-angular-allan-allerta-allerta-stencil-allura-almendra-almendra-display-almendra-sc-amarante-amaranth-amatic-sc-amethysta-anaheim-andada-andika-angkor-annie-use-your-telescope-anonymous-pro-antic-antic-didone-antic-slab-anton-arapey-arbutus-arbutus-slab-architects-daughter-archivo-black-archivo-narrow-arimo-arizonia-armata-artifika-arvo-asap-asset-astloch-asul-atomic-age-aubrey-audiowide-autour-one-average-average-sans-averia-gruesa-libre-averia-libre-averia-sans-libre-averia-serif-libre-bad-script-balthazar-bangers-basic-battambang-baumans-bayon-belgrano-belleza-benchnine-bentham-berkshire-swash-bevan-bigelow-rules-bigshot-one-bilbo-bilbo-swash-caps-bitter-black-ops-one-bokor-bonbon-boogaloo-bowlby-one-bowlby-one-sc-brawler-bree-serif-bubblegum-sans-bubbler-one-buda-buenard-butcherman-butterfly-kids-cabin-cabin-condensed-cabin-sketch-caesar-dressing-cagliostro-calligraffitti-cambo-candal-cantarell-cantata-one-cantora-one-capriola-cardo-carme-carrois-gothic-carrois-gothic-sc-carter-one-caudex-cedarville-cursive-ceviche-one-changa-one-chango-chau-philomene-one-chela-one-chelsea-market-chenla-cherry-cream-soda-cherry-swash-chewy-chicle-chivo-cinzel-cinzel-decorative-clicker-script-coda-coda-caption-codystar-combo-comfortaa-coming-soon-concert-one-condiment-content-contrail-one-convergence-cookie-copse-corben-courgette-cousine-coustard-covered-by-your-grace-crafty-girls-creepster-crete-round-crimson-text-croissant-one-crushed-cuprum-cutive-cutive-mono-damion-dancing-script-dangrek-dawning-of-a-new-day-days-one-delius-delius-swash-caps-delius-unicase-della-respira-devonshire-didact-gothic-diplomata-diplomata-sc-doppio-one-dorsa-dosis-dr-sugiyama-droid-sans-droid-sans-mono-droid-serif-duru-sans-dynalight-eb-garamond-eagle-lake-eater-economica-electrolize-emblema-one-emilys-candy-engagement-englebert-enriqueta-erica-one-esteban-euphoria-script-ewert-exo-expletus-sans-fanwood-text-fascinate-fascinate-inline-faster-one-fasthand-federant-federo-felipa-fenix-finger-paint-fjord-one-flamenco-flavors-fondamento-fontdiner-swanky-forum-francois-one-freckle-face-fredericka-the-great-fredoka-one-freehand-fresca-frijole-fugaz-one-gfs-didot-gfs-neohellenic-gafata-galdeano-galindo-gentium-basic-gentium-book-basic-geo-geostar-geostar-fill-germania-one-gilda-display-give-you-glory-glass-antiqua-glegoo-gloria-hallelujah-goblin-one-gochi-hand-gorditas-goudy-bookletter-1911-graduate-gravitas-one-great-vibes-griffy-gruppo-gudea-habibi-hammersmith-one-hanalei-hanalei-fill-handlee-hanuman-happy-monkey-headland-one-henny-penny-herr-von-muellerhoff-holtwood-one-sc-homemade-apple-homenaje-im-fell-dw-pica-im-fell-dw-pica-sc-im-fell-double-pica-im-fell-double-pica-sc-im-fell-english-im-fell-english-sc-im-fell-french-canon-im-fell-french-canon-sc-im-fell-great-primer-im-fell-great-primer-sc-iceberg-iceland-imprima-inconsolata-inder-indie-flower-inika-irish-grover-istok-web-italiana-italianno-jacques-francois-jacques-francois-shadow-jim-nightshade-jockey-one-jolly-lodger-josefin-sans-josefin-slab-joti-one-judson-julee-julius-sans-one-junge-jura-just-another-hand-just-me-again-down-here-kameron-karla-kaushan-script-keania-one-kelly-slab-kenia-khmer-kite-one-knewave-kotta-one-koulen-kranky-kreon-kristi-krona-one-la-belle-aurore-lancelot-lato-league-script-leckerli-one-ledger-lekton-lemon-life-savers-lilita-one-limelight-linden-hill-lobster-lobster-two-londrina-outline-londrina-shadow-londrina-sketch-londrina-solid-lora-love-ya-like-a-sister-loved-by-the-king-lovers-quarrel-luckiest-guy-lusitana-lustria-macondo-macondo-swash-caps-magra-maiden-orange-mako-marcellus-marcellus-sc-marck-script-margarine-marko-one-marmelad-marvel-mate-mate-sc-maven-pro-mclaren-meddon-medievalsharp-medula-one-megrim-meie-script-merienda-merienda-one-merriweather-metal-metal-mania-metamorphous-metrophobic-michroma-miltonian-miltonian-tattoo-miniver-miss-fajardose-modern-antiqua-molengo-molle-monofett-monoton-monsieur-la-doulaise-montaga-montez-montserrat-montserrat-alternates-montserrat-subrayada-moul-moulpali-mountains-of-christmas-mouse-memoirs-mr-bedfort-mr-dafoe-mr-de-haviland-mrs-saint-delafield-mrs-sheppards-muli-mystery-quest-neucha-neuton-news-cycle-niconne-nixie-one-nobile-nokora-norican-nosifer-nothing-you-could-do-noticia-text-nova-cut-nova-flat-nova-mono-nova-oval-nova-round-nova-script-nova-slim-nova-square-numans-nunito-odor-mean-chey-offside-old-standard-tt-oldenburg-oleo-script-oleo-script-swash-caps-open-sans-open-sans-condensed-oranienbaum-orbitron-oregano-orienta-original-surfer-oswald-over-the-rainbow-overlock-overlock-sc-ovo-oxygen-oxygen-mono-pt-mono-pt-sans-pt-sans-caption-pt-sans-narrow-pt-serif-pt-serif-caption-pacifico-paprika-parisienne-passero-one-passion-one-patrick-hand-patua-one-paytone-one-peralta-permanent-marker-petit-formal-script-petrona-philosopher-piedra-pinyon-script-pirata-one-plaster-play-playball-playfair-display-playfair-display-sc-podkova-poiret-one-poller-one-poly-pompiere-pontano-sans-port-lligat-sans-port-lligat-slab-prata-preahvihear-press-start-2p-princess-sofia-prociono-prosto-one-puritan-purple-purse-quando-quantico-quattrocento-quattrocento-sans-questrial-quicksand-quintessential-qwigley-racing-sans-one-radley-raleway-raleway-dots-rambla-rammetto-one-ranchers-rancho-rationale-redressed-reenie-beanie-revalia-ribeye-ribeye-marrow-righteous-risque-rochester-rock-salt-rokkitt-romanesco-ropa-sans-rosario-rosarivo-rouge-script-ruda-rufina-ruge-boogie-ruluko-rum-raisin-ruslan-display-russo-one-ruthie-rye-sacramento-sail-salsa-sanchez-sancreek-sansita-one-sarina-satisfy-scada-schoolbell-seaweed-script-sevillana-seymour-one-shadows-into-light-shadows-into-light-two-shanti-share-share-tech-share-tech-mono-shojumaru-short-stack-siemreap-sigmar-one-signika-signika-negative-simonetta-sirin-stencil-six-caps-skranji-slackey-smokum-smythe-sniglet-snippet-snowburst-one-sofadi-one-sofia-sonsie-one-sorts-mill-goudy-source-code-pro-source-sans-pro-special-elite-spicy-rice-spinnaker-spirax-squada-one-stalemate-stalinist-one-stardos-stencil-stint-ultra-condensed-stint-ultra-expanded-stoke-strait-sue-ellen-francisco-sunshiney-supermercado-one-suwannaphum-swanky-and-moo-moo-syncopate-tangerine-taprom-telex-tenor-sans-text-me-one-the-girl-next-door-tienne-tinos-titan-one-titillium-web-trade-winds-trocchi-trochut-trykker-tulpen-one-ubuntu-ubuntu-condensed-ubuntu-mono-ultra-uncial-antiqua-underdog-unica-one-unifrakturcook-unifrakturmaguntia-unkempt-unlock-unna-vt323-vampiro-one-varela-varela-round-vast-shadow-vibur-vidaloka-viga-voces-volkhov-vollkorn-voltaire-waiting-for-the-sunrise-wallpoet-walter-turncoat-warnes-wellfleet-wire-one-yanone-kaffeesatz-yellowtail-yeseva-one-yesteryear-zeyada,[Latin],3
noto-sans-pau-cin-hau,[Latin],3
baloo-paaji,[Latin],3
noto-emoji,[Latin],3
noto-sans-ugaritic,[Latin],3
metropolis,[Latin],3
yarndings-20,[Latin],3
noto-sans-limbu,[Latin],3
bitcount-grid-double-ink,[Latin],3
noto-sans-hanifi-rohingya,[Latin],3
din-next,"[Cyrillic,Latin]",3
andika-new-basic,[Latin],3
montserrat-ultralight,[Latin],3
noto-sans-grantha,[Latin],3
dm-sans-bold,[Latin],3
jacquarda-bastarda-9-charted,[Latin],3
bb-editor-font,"[Cyrillic,Latin]",3
playwrite-es-deco-guides,[Latin],3
bitcount-prop-single-ink,[Latin],3
optima,"[Cyrillic,Latin]",3
jacquard-24-charted,[Latin],3
sf-pro,[Cyrillic],3
playwrite-at,[Latin],3
dm-serif-regular,[Latin],3
edu-vic-wa-nt-hand,[Latin],3
customfont,[Latin],3
noto-sans-indic-siyaq-numbers,[Latin],3
noto-sans-old-persian,[Latin],3
playwrite-de-va,[Latin],2
segoe-print-bold,[Latin],2
yuji-hentaigana-akebono,"[Katakana,Latin]",2
sf-ui-display,[Cyrillic],2
euromade-bold,[Latin],2
optimabold,[Latin],2
optimanormal,[Latin],2
circularstd-book,[Latin],2
playwrite-vn-guides,[Latin],2
arial-narrow,"[Cyrillic,Latin]",2
iosevka-charon,"[Cyrillic,Latin]",2
lata,[Latin],2
bkmnos,[Latin],2
jersey-20-charted,[Latin],2
futura-condensed-extra-bold,[Latin],2
playwrite-fr-trad,[Latin],2
strichpunkt-sans,[Latin],2
bitcount-prop-double-ink,[Latin],2
hansief-rought,[Latin],2
abeezeeabelabril-fatfaceaclonicaacmeactoradaminaadvent-proaguafina-scriptakronimaladinaldrichalegreyaalegreya-scalex-brushalfa-slab-onealicealikealike-angularallanallertaallerta-stencilalluraalmendraalmendra-displayalmendra-scamaranteamaranthamatic-scamethystaanaheimandadaandikaangkorannie-use-your-telescopeanonymous-proanticantic-didoneantic-slabantonarapeyarbutusarbutus-slabarchitects-daughterarchivo-blackarchivo-narrowarimoarizoniaarmataartifikaarvoasapassetastlochasulatomic-ageaubreyaudiowideautour-oneaverageaverage-sansaveria-gruesa-libreaveria-libreaveria-sans-libreaveria-serif-librebad-scriptbalthazarbangersbasicbattambangbaumansbayonbelgranobellezabenchninebenthamberkshire-swashbevanbigelow-rulesbigshot-onebilbobilbo-swash-capsbitterblack-ops-onebokorbonbonboogaloobowlby-onebowlby-one-scbrawlerbree-serifbubblegum-sansbubbler-onebudabuenardbutchermanbutterfly-kidscabincabin-condensedcabin-sketchcaesar-dressingcagliostrocalligraffitticambocandalcantarellcantata-onecantora-onecapriolacardocarmecarrois-gothiccarrois-gothic-sccarter-onecaudexcedarville-cursiveceviche-onechanga-onechangochau-philomene-onechela-onechelsea-marketchenlacherry-cream-sodacherry-swashchewychiclechivocinzelcinzel-decorativeclicker-scriptcodacoda-captioncodystarcombocomfortaacoming-soonconcert-onecondimentcontentcontrail-oneconvergencecookiecopsecorbencourgettecousinecoustardcovered-by-your-gracecrafty-girlscreepstercrete-roundcrimson-textcroissant-onecrushedcuprumcutivecutive-monodamiondancing-scriptdangrekdawning-of-a-new-daydays-onedeliusdelius-swash-capsdelius-unicasedella-respiradevonshiredidact-gothicdiplomatadiplomata-scdoppio-onedorsadosisdr-sugiyamadroid-sansdroid-sans-monodroid-serifduru-sansdynalighteb-garamondeagle-lakeeatereconomicaelectrolizeemblema-oneemilys-candyengagementenglebertenriquetaerica-oneestebaneuphoria-scriptewertexoexpletus-sansfanwood-textfascinatefascinate-inlinefaster-onefasthandfederantfederofelipafenixfinger-paintfjord-oneflamencoflavorsfondamentofontdiner-swankyforumfrancois-onefreckle-facefredericka-the-greatfredoka-onefreehandfrescafrijolefugaz-onegfs-didotgfs-neohellenicgafatagaldeanogalindogentium-basicgentium-book-basicgeogeostargeostar-fillgermania-onegilda-displaygive-you-gloryglass-antiquaglegoogloria-hallelujahgoblin-onegochi-handgorditasgoudy-bookletter-1911graduategravitas-onegreat-vibesgriffygruppogudeahabibihammersmith-onehanaleihanalei-fillhandleehanumanhappy-monkeyheadland-onehenny-pennyherr-von-muellerhoffholtwood-one-schomemade-applehomenajeim-fell-dw-picaim-fell-dw-pica-scim-fell-double-picaim-fell-double-pica-scim-fell-englishim-fell-english-scim-fell-french-canonim-fell-french-canon-scim-fell-great-primerim-fell-great-primer-scicebergicelandimprimainconsolatainderindie-flowerinikairish-groveristok-webitalianaitaliannojacques-francoisjacques-francois-shadowjim-nightshadejockey-onejolly-lodgerjosefin-sansjosefin-slabjoti-onejudsonjuleejulius-sans-onejungejurajust-another-handjust-me-again-down-herekameronkarlakaushan-scriptkeania-onekelly-slabkeniakhmerkite-oneknewavekotta-onekoulenkrankykreonkristikrona-onela-belle-aurorelancelotlatoleague-scriptleckerli-oneledgerlektonlemonlife-saverslilita-onelimelightlinden-hilllobsterlobster-twolondrina-outlinelondrina-shadowlondrina-sketchlondrina-solidloralove-ya-like-a-sisterloved-by-the-kinglovers-quarrelluckiest-guylusitanalustriamacondomacondo-swash-capsmagramaiden-orangemakomarcellusmarcellus-scmarck-scriptmargarinemarko-onemarmeladmarvelmatemate-scmaven-promclarenmeddonmedievalsharpmedula-onemegrimmeie-scriptmeriendamerienda-onemerriweathermetalmetal-maniametamorphousmetrophobicmichromamiltonianmiltonian-tattoominivermiss-fajardosemodern-antiquamolengomollemonofettmonotonmonsieur-la-doulaisemontagamontezmontserratmontserrat-alternatesmontserrat-subrayadamoulmoulpalimountains-of-christmasmouse-memoirsmr-bedfortmr-dafoemr-de-havilandmrs-saint-delafieldmrs-sheppardsmulimystery-questneuchaneutonnews-cycleniconnenixie-onenobilenokoranoricannosifernothing-you-could-donoticia-textnova-cutnova-flatnova-mononova-ovalnova-roundnova-scriptnova-slimnova-squarenumansnunitoodor-mean-cheyoffsideold-standard-ttoldenburgoleo-scriptoleo-script-swash-capsopen-sansopen-sans-condensedoranienbaumorbitronoreganoorientaoriginal-surferoswaldover-the-rainbowoverlockoverlock-scovooxygenoxygen-monopt-monopt-sanspt-sans-captionpt-sans-narrowpt-serifpt-serif-captionpacificopaprikaparisiennepassero-onepassion-onepatrick-handpatua-onepaytone-oneperaltapermanent-markerpetit-formal-scriptpetronaphilosopherpiedrapinyon-scriptpirata-oneplasterplayplayballplayfair-displayplayfair-display-scpodkovapoiret-onepoller-onepolypompierepontano-sansport-lligat-sansport-lligat-slabpratapreahvihearpress-start-2pprincess-sofiaprocionoprosto-onepuritanpurple-pursequandoquanticoquattrocentoquattrocento-sansquestrialquicksandquintessentialqwigleyracing-sans-oneradleyralewayraleway-dotsramblarammetto-oneranchersranchorationaleredressedreenie-beanierevaliaribeyeribeye-marrowrighteousrisquerochesterrock-saltrokkittromanescoropa-sansrosariorosarivorouge-scriptrudarufinaruge-boogierulukorum-raisinruslan-displayrusso-oneruthieryesacramentosailsalsasanchezsancreeksansita-onesarinasatisfyscadaschoolbellseaweed-scriptsevillanaseymour-oneshadows-into-lightshadows-into-light-twoshantishareshare-techshare-tech-monoshojumarushort-stacksiemreapsigmar-onesignikasignika-negativesimonettasirin-stencilsix-capsskranjislackeysmokumsmythesnigletsnippetsnowburst-onesofadi-onesofiasonsie-onesorts-mill-goudysource-code-prosource-sans-prospecial-elitespicy-ricespinnakerspiraxsquada-onestalematestalinist-onestardos-stencilstint-ultra-condensedstint-ultra-expandedstokestraitsue-ellen-franciscosunshineysupermercado-onesuwannaphumswanky-and-moo-moosyncopatetangerinetapromtelextenor-sanstext-me-onethe-girl-next-doortiennetinostitan-onetitillium-webtrade-windstrocchitrochuttrykkertulpen-oneubuntuubuntu-condensedubuntu-monoultrauncial-antiquaunderdogunica-oneunifrakturcookunifrakturmaguntiaunkemptunlockunnavt323vampiro-onevarelavarela-roundvast-shadowviburvidalokavigavocesvolkhovvollkornvoltairewaiting-for-the-sunrisewallpoetwalter-turncoatwarneswellfleetwire-oneyanone-kaffeesatzyellowtailyeseva-oneyesteryearzeyada,[Latin],2
ys-text,"[Cyrillic,Latin]",2
playwrite-nz-guides,[Latin],2
gotham-book,[Latin],2
latto,[Cyrillic],2
tinymce,[Cyrillic],2
flexslider-icon,"[Cyrillic,Latin]",2
baloo-tammudu,[Latin],2
open-sans-semibold,[Cyrillic],2
null,[Cyrillic],2
rubik-doodle-triangles,"[Cyrillic,Latin]",2
yarndings-12,[Latin],2
futura,[Latin],2
yarndings-12-charted,[Latin],2
maison-neue-mono,[Latin],2
corps-de-texte-vg,[Latin],2
morderat,"[Cyrillic,Latin]",2
lucida-sans-unicode,[Latin],2
finlandica-text,"[Cyrillic,Latin]",2
bitcount-single-ink,[Latin],2
palatino-linotype,"[Cyrillic,Latin]",2
greed-semibold,[Latin],2
playwrite-ar-guides,[Latin],2
geogrotesque,"[Cyrillic,Latin]",2
playwrite-au-vic-guides,[Latin],2
halyard-display,[Latin],2
futura-medium,[Latin],2
athelas,"[Cyrillic,Latin]",2
baloo-tamma,[Latin],2
gilroy-regular,[Latin],2
open-sans-pro,[Latin],2
gotham-medium,[Latin],2
segoe-print,[Latin],2
terminal-dosis,"[Cyrillic,Latin]",2
futura-bold,"[Cyrillic,Latin]",2
baskerville,[Latin],2
bookmania,[Latin],2
ivy-regular,[Latin],2
josefin,[Latin],2
baloo-da,"[Bengali,Devanagari]",2
jost-variable,[Latin],2
gill-sans-nova,[Latin],2
avenirnext-demibold,[Latin],2
roboto-regular,"[Cyrillic,Latin]",2
droid,"[Cyrillic,Devanagari,Latin]",2
sans,"[Cyrillic,Latin]",2
noto-sans-japanese,[Latin],2
system-ui,"[Cyrillic,Latin]",2
din,[Latin],2
big-shoulders-stencil-text,[Latin],2
bell-mt,"[Cyrillic,Latin]",2
opensans-regular,"[Cyrillic,Latin]",2
relaway,"[Cyrillic,Latin]",2
stylish,[Latin],2
futura-light,[Latin],2
frutiger,[Latin],2
myriad-pro-regular,[Latin],2
amatica-sc,"[Cyrillic,Devanagari,Latin]",2
noto-sans-syriac-western,[Latin],2
tg-condensed,[Latin],1
forma-djr-display,[Latin],1
gveret-levin,[Latin],1
gotham-pro-bold,[Latin],1
tt-ramillas,[Latin],1
18px,[Latin],1
oceanic-text,[Latin],1
dosis32px,[Latin],1
pridi-regular,"[Cyrillic,Latin]",1
akrobat,"[Cyrillic,Latin]",1
mulish3,"[Cyrillic,Latin]",1
comfortaa-condensed,[Cyrillic],1
betania-patmos-in-gdl,[Latin],1
proxima-nova-regular,[Latin],1
galatea,[Latin],1
arial-regular,[Latin],1
neue-haas-display,[Latin],1
interstate,"[Cyrillic,Latin]",1
museo,[Latin],1
circular-book,[Latin],1
arial-rounded-mt,"[Cyrillic,Latin]",1
matter,[Latin],1
select-freight-display,[Latin],1
rakesly,[Latin],1
neuemontrealbook,[Latin],1
lg,[Latin],1
albra-light,[Latin],1
sodo-bold,[Latin],1
pretendard,[Latin],1
cummins-innova-display--semi-bold,[Latin],1
helvetica-bold,"[Cyrillic,Latin]",1
rubik-light,[Cyrillic],1
protest-guerilla,[Latin],1
recoleta-semibold,[Latin],1
roel-diepstraten-bold,[Latin],1
spade-regular,[Latin],1
engraversgothicbt-regular,[Latin],1
w-n-t-l--text--web--regular,[Latin],1
museo-sans-300,[Latin],1
span,[Latin],1
proximanova-regular,"[Cyrillic,Latin]",1
source-sans,[Latin],1
vito,[Latin],1
bbh-sans-bartle,[Latin],1
yu-mincho,[Katakana],1
helvetica--neue--cond--bold,[Latin],1
ar,"[Cyrillic,Latin]",1
open-sans-condensed-light,[Latin],1
dreamboat,[Latin],1
bernardo-moda-semibold,[Latin],1
gill-sans-book,[Latin],1
noto-serif-japanese,[Latin],1
f37bergman-regular,[Latin],1
futura-pt-book,[Latin],1
47px,[Latin],1
gt-walsheim,[Latin],1
pen-sans,[Latin],1
adero,[Latin],1
gentysans-regular,[Latin],1
38px,[Latin],1
ttnorms-regular,[Latin],1
clarice-medium,[Latin],1
times,[Latin],1
monamour,"[Cyrillic,Latin]",1
aleo-regular,[Latin],1
-1,[Latin],1
helveticab,[Latin],1
helveticaneuecond,[Latin],1
galyon,[Latin],1
century-gothic-regular,[Latin],1
allegrya,[Latin],1
dinpro,[Latin],1
garamond-italic,[Latin],1
brevier-medium,[Latin],1
forma-djr-banner,[Latin],1
museosans,[Latin],1
gotham-bold,[Latin],1
cera-gr,[Latin],1
nocturneseriftest-medium,[Latin],1
telex-condensed,[Cyrillic],1
roboto2,[Latin],1
playwrite-br,[Latin],1
exo2,[Cyrillic],1
finlandica-headline,"[Cyrillic,Latin]",1
yana,[Latin],1
jenna-sue-pro,[Latin],1
eras-light,[Latin],1
-----safe-fonts-----,"[Cyrillic,Latin]",1
sofiapro,[Latin],1
brave,[Cyrillic],1
museo-sans,"[Cyrillic,Latin]",1
lato-sans,[Latin],1
aeonik-regular,[Latin],1
16px,[Latin],1
awconquerorprodidots-bold,[Latin],1
noto-sans-phagspa,[Latin],1
31px,[Latin],1
itc-sportbet,"[Cyrillic,Latin]",1
kasse,"[Cyrillic,Latin]",1
roboto-bold,"[Cyrillic,Latin]",1
helvetica-neu,"[Cyrillic,Latin]",1
allison-regular,[Latin],1
averta-black-italic,[Latin],1
playwrite-in-guides,[Latin],1
carelia-upright,[Latin],1
westonia,[Latin],1
pt---sans,[Cyrillic],1
oxford,"[Cyrillic,Latin]",1
mulish-700,"[Cyrillic,Latin]",1
vag-rounded-bold,[Latin],1
baloo-bhaijaan,"[Arabic,Latin]",1
remark,[Latin],1
cabinet-grotesk,[Latin],1
libertinus-keyboard,[Latin],1
abril-fat-face,[Latin],1
fraunces-light,[Latin],1
inter-bold,[Latin],1
ttcorals-extraboldff416c0df7fcca1680b9554ae12ba8a16b31ffae882efba8179d7df21c8f160e3aregular,[Latin],1
copperplate,[Latin],1
bookerly,[Latin],1
din-next-slab-black,[Latin],1
oswaldregular,[Latin],1
san-francisco,"[Cyrillic,Latin]",1
poppins18px,[Latin],1
circular-std,[Latin],1
swis,[Latin],1
franchise-free-bold,[Latin],1
brockman,[Latin],1
josephin-sans,[Latin],1
papyrus,[Latin],1
mrs-eaves-roman-lining,[Latin],1
madani,"[Cyrillic,Latin]",1
skodanext,[Latin],1
lucida-sans,[Latin],1
comfortaa-bl,[Latin],1
neutra,[Latin],1
avenirroman,[Latin],1
franklin-gothic-medium-cond,"[Cyrillic,Latin]",1
josefinsans-regular,[Latin],1
krone-one,[Latin],1
n27bold,[Latin],1
comfortaa-fast-regular,"[Cyrillic,Latin]",1
playwrite-cu-guides,[Latin],1
boilerplate-stencil,[Latin],1
507a5ecf8135ddd0cd97fee992ec704b,[Latin],1
century-schoolbook,[Latin],1
work-sans-700,[Latin],1
charlotte,[Latin],1
monstserrat,[Latin],1
cavolini-bold,[Latin],1
rens-font,[Latin],1
firasans,[Cyrillic],1
0px,[Latin],1
transducer-condensed,[Latin],1
noah,[Latin],1
phosphor,[Latin],1
commuters-sans,[Latin],1
caslon,[Latin],1
chalet--london-nineteen-sixty,[Latin],1
avant-garde,"[Cyrillic,Latin]",1
pfsynchpro,[Latin],1
vtfredzone-classic,[Latin],1
blackmango-medium,[Latin],1
work-bold,[Latin],1
adventpro,[Latin],1
alethia-next-medium,[Latin],1
darkline,[Latin],1
400,[Latin],1
proximanova-bold,[Latin],1
joane-bold,[Latin],1
forevs-bold,[Latin],1
graphik,[Latin],1
geneva,"[Cyrillic,Latin]",1
selfmodern,[Latin],1
felixtowe,[Latin],1
aileron-regular,[Latin],1
plus-jakarta-sansweight,[Latin],1
theseasons-bd,[Latin],1
not-sans,[Latin],1
cora-sans-c-bold,[Latin],1
basicsans-regular,"[Cyrillic,Latin]",1
youtube-sans,"[Cyrillic,Devanagari]",1
nato-sans-hk,[Latin],1
ubuntu-regular,[Latin],1
chronicle-display,[Latin],1
muli-light,[Latin],1
mazzard,"[Cyrillic,Latin]",1
source-serif,[Latin],1
nexa-regular,[Latin],1
mazurquina-vf,[Latin],1
janna-lt-regular,[Latin],1
raleway-condensed,[Cyrillic],1
condensed,[Cyrillic],1
joane-boldest,[Latin],1
arada,"[Cyrillic,Latin]",1
light-300,"[Cyrillic,Latin]",1
spacegrotesk,[Latin],1
noto-sans-display-semicondensed,"[Arabic,Bengali,Cyrillic,Devanagari,Latin,Tamil,Telugu]",1
keystone,[Latin],1
quote-cjk-patch,[Cyrillic],1
din-bold,[Latin],1
magnetik,[Latin],1
sharp-sans,[Latin],1
sequelsansblackheadline,[Latin],1
bogue-semibold,[Latin],1
fort-medium,[Latin],1
bhoma,[Latin],1
ivymode,[Latin],1
sofia-pro,[Latin],1
bw-modelica,[Latin],1
jacksmaggot,[Latin],1
bevietnampro,"[Cyrillic,Latin]",1
rubik-regular,"[Cyrillic,Latin]",1
unna-bold,[Latin],1
loossans,[Latin],1
fort-book,[Latin],1
montserrat-medium,[Cyrillic],1
gt-haptik-medium,[Latin],1
cabritodidone-conbol,[Latin],1
calibri-bold,[Latin],1
6cfdd8b80dbe988f03960341c52b9437,"[Cyrillic,Latin]",1
brasserie,[Latin],1
bitcount-ink,[Latin],1
ptsans-regular,"[Cyrillic,Latin]",1
playwrite-us-trad-guides,[Latin],1
helvetica-neus,[Latin],1
al-mateen,[Latin],1
whyte,[Latin],1
garbata,[Latin],1
montserrat-sans-serif,"[Cyrillic,Latin]",1
playwrite-au-nsw-guides,[Latin],1
public,[Latin],1
gistesy,[Latin],1
updatethistext,[Latin],1
constantia-italic,[Latin],1
visbyroundcf-medium,"[Cyrillic,Latin]",1
maratype,"[Cyrillic,Latin]",1
gotham-pro-light,[Latin],1
bodoni,[Latin],1
proximanova,[Cyrillic],1
betania-patmos-in,[Latin],1
bpmf-zihi-kai-std,"[Han,Latin]",1
lat,[Latin],1
qanelas,[Latin],1
baskerville-old-face,[Latin],1
brandon-text,[Latin],1
neue-haas-black,[Latin],1
dosis-500,[Latin],1
notosans,[Latin],1
pt-sans600,[Latin],1
latolight,"[Cyrillic,Latin]",1
mrkazi-text,[Arabic],1
roboto---condensed,[Latin],1
ogg-mediumitalic,[Latin],1
waree,[Latin],1
segoe-script,"[Cyrillic,Latin]",1
copperplate-gothic-bold,[Latin],1
oswald-web,[Latin],1
stolzl,[Latin],1
amumonumentgrotesk-bold,[Latin],1
forza-font,[Latin],1
basier-bold,[Latin],1
maple-bold,[Latin],1
porter-light,[Latin],1
berskhire-swash,[Latin],1
vanitas-bold,[Latin],1
capellina-cap,[Latin],1
robot,[Latin],1
roboto-light,[Latin],1
outfit-display,[Latin],1
gamgote,[Latin],1
dodis,[Latin],1
arial-1,[Latin],1
objectivity,[Latin],1
nunitosans,[Latin],1
hellasfun-condensed,[Latin],1
kghappysolid,[Latin],1
vitabase,[Latin],1
slabo,[Latin],1
stara,[Latin],1
lucida-grande,"[Cyrillic,Latin]",1
gilgoy,[Latin],1
cyclone-background,[Latin],1
r41etoile-regular,[Latin],1
notosans-regular,[Latin],1
pf-serif,[Latin],1
bold,[Latin],1
bahnschrift,[Latin],1
circular,[Latin],1
arada-bold,[Latin],1
poppinspp,[Latin],1
syne-bold,[Latin],1
clarice-bold,[Latin],1
arada-light,[Latin],1
pt-sans-condensed,[Cyrillic],1
ff-meta-serif-web-pro,[Latin],1
klm-noa-demi,[Latin],1
inter-variable,[Cyrillic],1
cartamaran,[Latin],1
ogg-medium,[Latin],1
bbh-sans-hegarty,[Latin],1
neuzeit,[Latin],1
cardo-bold,[Latin],1
notoserif,[Latin],1
poppinsbebas-neue,"[Cyrillic,Latin]",1
aileronregular,[Latin],1
28px,[Latin],1
italic,[Latin],1
canada-type-gibson,[Latin],1
fino,[Latin],1
katibehc,[Arabic],1
amithen,[Latin],1
cabritodidone-condem,[Latin],1
futura-cond-ext-bold,[Latin],1
noto,[Latin],1
sodo-light,[Latin],1
playwrite-id,[Latin],1
dirtybleed,[Latin],1
big-shoulders-inline-display,"[Cyrillic,Devanagari]",1
tenso,[Latin],1
playwrite-gb-s-guides,[Latin],1
lil-stuart-alt,[Latin],1
impress,[Latin],1
bebasnn,"[Cyrillic,Latin]",1
google-sans-display,[Latin],1
40px,[Latin],1
zanzabar,[Latin],1
sansation-italic,[Latin],1
andika-anonymous-pro-cuprum-didact-gothic-eb-garamond-istok-web-jura-forum-kelly-slab-lobster-neucha-open-sans-open-sans-condensed-philosopher-play-pt-sans-pt-sans-caption-pt-sans-narrow-pt-serif-pt-serif-caption-ruslan-display-tenor-sans-ubuntu,[Cyrillic],1
proxima-nova-lt,[Latin],1
burbank-big-condensed,[Latin],1
avenir-medium,[Latin],1
dincondensed,[Latin],1
trebuchet,[Latin],1
airbnb-cereal-medium,[Latin],1
rift,[Latin],1
clother,[Latin],1
neutra-text-tf,[Latin],1
cooper-hewitt,[Latin],1
dizolicol,[Latin],1
porter-bold,[Latin],1
avenir-next-lt,[Latin],1
trebuchetms,[Latin],1
26px,[Latin],1
optima-nova-lt-pro,[Latin],1
redhatdisplay,"[Cyrillic,Latin]",1
soleil,[Latin],1
shinka,[Latin],1
gothampro,[Cyrillic],1
matiz,[Latin],1
geometos,[Latin],1
adobe-garamond-pro,[Latin],1
author,[Latin],1
eudora,[Latin],1
nexa,[Latin],1
averta-regular,[Latin],1
font-f,[Latin],1
playwrite-de-grund-guides,[Latin],1
favela,[Latin],1
akkurat,[Latin],1
alethia-next-light,[Latin],1
futura-hv-bt-heavy,[Latin],1
dinpro-bold,"[Cyrillic,Latin]",1
montserrat-v26-latin-300,[Latin],1
google-web-font,[Latin],1
amble,[Latin],1
firago,[Latin],1
satoshi,"[Cyrillic,Latin]",1
mansory,[Latin],1
capitoliumnews2,[Latin],1
nexa-book,[Latin],1
baskerville-regular,"[Cyrillic,Latin]",1
25px,[Latin],1
manuscrit,[Latin],1
komikatext,"[Cyrillic,Latin]",1
made-mirage,[Latin],1
robots,"[Cyrillic,Latin]",1
abeezee-abel-abril-fatface-aclonica-acme-actor-adamina-advent-pro-aguafina-script-akronim-aladin-aldrich-alegreya-alegreya-sc-alex-brush-alfa-slab-one-alice-alike-alike-angular-allan-allerta-allerta-stencil-allura-almendra-almendra-display-almendra-sc-amarante-amaranth-amatic-sc-amethysta-anaheim-andada-andika-angkor-annie-use-your-telescope-anonymous-pro-antic-antic-didone-antic-slab-anton-arapey-arbutus-arbutus-slab-architects-daughter-archivo-black-archivo-narrow-arimo-arizonia-armata-artifika-arvo-asap-asset-astloch-asul-atomic-age-aubrey-audiowide-autour-one-average-average-sans-averia-gruesa-libre-averia-libre-averia-sans-libre-averia-serif-libre-bad-script-balthazar-bangers-basic-battambang-baumans-bayon-belgrano-belleza-benchnine-bentham-berkshire-swash-bevan-bigelow-rules-bigshot-one-bilbo-bilbo-swash-caps-bitter-black-ops-one-bokor-bonbon-boogaloo-bowlby-one-bowlby-one-sc-brawler-bree-serif-bubblegum-sans-bubbler-one-buda-buenard-butcherman-butterfly-kids-cabin-cabin-condensed-cabin-sketch-caesar-dressing-cagliostro-calligraffitti-cambo-candal-cantarell-cantata-one-cantora-one-capriola-cardo-carme-carrois-gothic-carrois-gothic-sc-carter-one-caudex-cedarville-cursive-ceviche-one-changa-one-chango-chau-philomene-one-chela-one-chelsea-market-chenla-cherry-cream-soda-cherry-swash-chewy-chicle-chivo-cinzel-cinzel-decorative-clicker-script-coda-coda-caption-codystar-combo-comfortaa-coming-soon-concert-one-condiment-content-contrail-one-convergence-cookie-copse-corben-courgette-cousine-coustard-covered-by-your-grace-crafty-girls-creepster-crete-round-crimson-text-croissant-one-crushed-cuprum-cutive-cutive-mono-damion-dancing-script-dangrek-dawning-of-a-new-day-days-one-delius-delius-swash-caps-delius-unicase-della-respira-devonshire-didact-gothic-diplomata-diplomata-sc-doppio-one-dorsa-dosis-dr-sugiyama-droid-sans-droid-sans-mono-droid-serif-duru-sans-dynalight-eb-garamond-eagle-lake-eater-economica-electrolize-emblema-one-emilys-candy-engagement-englebert-enriqueta-erica-one-esteban-euphoria-script-ewert-exo-expletus-sans-fanwood-text-fascinate-fascinate-inline-faster-one-fasthand-federant-federo-felipa-fenix-finger-paint-fjord-one-flamenco-flavors-fondamento-fontdiner-swanky-forum-francois-one-freckle-face-fredericka-the-great-fredoka-one-freehand-fresca-frijole-fugaz-one-gfs-didot-gfs-neohellenic-gafata-galdeano-galindo-gentium-basic-gentium-book-basic-geo-geostar-geostar-fill-germania-one-gilda-display-give-you-glory-glass-antiqua-glegoo-gloria-hallelujah-goblin-one-gochi-hand-gorditas-goudy-bookletter-1911-graduate-gravitas-one-great-vibes-griffy-gruppo-gudea-habibi-hammersmith-one-hanalei-hanalei-fill-handlee-hanuman-happy-monkey-headland-one-henny-penny-herr-von-muellerhoff-holtwood-one-sc-homemade-apple-homenaje-im-fell-dw-pica-im-fell-dw-pica-sc-im-fell-double-pica-im-fell-double-pica-sc-im-fell-english-im-fell-english-sc-im-fell-french-canon-im-fell-french-canon-sc-im-fell-great-primer-im-fell-great-primer-sc-iceberg-iceland-imprima-inconsolata-inder-indie-flower-inika-irish-grover-istok-web-italiana-italianno-jacques-francois-jacques-francois-shadow-jim-nightshade-jockey-one-jolly-lodger-josefin-sans-josefin-slab-joti-one-judson-julee-julius-sans-one-junge-jura-just-another-hand-just-me-again-down-here-kameron-karla-kaushan-script-keania-one-kelly-slab-kenia-khmer-kite-one-knewave-kotta-one-koulen-kranky-kreon-kristi-krona-one-la-belle-aurore-lancelot-lato-league-script-leckerli-one-ledger-lekton-lemon-life-savers-lilita-one-limelight-linden-hill-lobster-lobster-two-londrina-outline-londrina-shadow-londrina-sketch-londrina-solid-lora-love-ya-like-a-sister-loved-by-the-king-lovers-quarrel-luckiest-guy-lusitana-lustria-macondo-macondo-swash-caps-magra-maiden-orange-mako-marcellus-marcellus-sc-marck-script-margarine-marko-one-marmelad-marvel-mate-mate-sc-maven-pro-mclaren-meddon-medievalsharp-medula-one-megrim-meie-script-merienda-merienda-one-merriweather-metal-metal-mania-metamorphous-metrophobic-michroma-miltonian-miltonian-tattoo-miniver-miss-fajardose-modern-antiqua-molengo-molle-monofett-monoton-monsieur-la-doulaise-montaga-montez-montserrat-montserrat-alternates-montserrat-subrayada-moul-moulpali-mountains-of-christmas-mouse-memoirs-mr-bedfort-mr-dafoe-mr-de-haviland-mrs-saint-delafield-mrs-sheppards-muli-mystery-quest-neucha-neuton-news-cycle-niconne-nixie-one-nobile-nokora-norican-nosifer-nothing-you-could-do-noticia-text-nova-cut-nova-flat-nova-mono-nova-oval-nova-round-nova-script-nova-slim-nova-square-numans-nunito-odor-mean-chey-offside-old-standard-tt-oldenburg-oleo-script-oleo-script-swash-caps-open-sans-open-sans-condensed-oranienbaum-orbitron-oregano-orienta-original-surfer-oswald-over-the-rainbow-overlock-overlock-sc-ovo-oxygen-oxygen-mono-pt-mono-pt-sans-pt-sans-caption-pt-sans-narrow-pt-serif-pt-serif-caption-pacifico-paprika-parisienne-passero-one-passion-one-patrick-hand-patua-one-paytone-one-peralta-permanent-marker-petit-formal-script-petrona-philosopher-piedra-pinyon-script-pirata-one-plaster-play-playball-playfair-display-playfair-display-sc-podkova-poiret-one-poller-one-poly-pompiere-pontano-sans-port-lligat-sans-port-lligat-slab-prata-preahvihear-press-start-2p-princess-sofia-prociono-prosto-one-puritan-purple-purse-quando-quantico-quattrocento-quattrocento-sans-questrial-quicksand-quintessential-qwigley-racing-sans-one-radley-raleway-raleway-dots-rambla-rammetto-one-ranchers-rancho-rationale-redressed-reenie-beanie-revalia-ribeye-ribeye-marrow-righteous-risque-rochester-rock-salt-rokkitt-romanesco-ropa-sans-rosario-rosarivo-rouge-script-ruda-rufina-ruge-boogie-ruluko-rum-raisin-ruslan-display-russo-one-ruthie-rye-sacramento-sail-salsa-sanchez-sancreek-sansita-one-sarina-satisfy-scada-schoolbell-seaweed-script-sevillana-seymour-one-shadows-into-light-shadows-into-light-two-shanti-share-share-tech-share-tech-mono-shojumaru-short-stack-siemreap-sigmar-one-signika-signika-negative-simonetta-sirin-stencil-six-caps-skranji-slackey-smokum-smythe-sniglet-snippet-snowburst-one-sofadi-one-sofia-sonsie-one-sorts-mill-goudy-source-code-pro-source-sans-pro-special-elite-spicy-rice-spinnaker-spirax-squada-one-stalemate-stalinist-one-stardos-stencil-stint-ultra-condensed-stint-ultra-expanded-stoke-strait-sue-ellen-francisco-sunshiney-supermercado-one-suwannaphum-swanky-and-moo-moo-syncopate-tangerine-taprom-telex-tenor-sans-text-me-one-the-girl-next-door-tienne-tinos-titan-one-titillium-web-trade-winds-trocchi-trochut-trykker-tulpen-one-ubuntu-ubuntu-condensed-ubuntu-mono-ultra-uncial-antiqua-underdog-unica-one-unifrakturcook-unifrakturmaguntia-unkempt-unlock-unna-vt323-vampiro-one-varela-varela-round-vast-shadow-vibur-vidaloka-voces-volkhov-vollkorn-voltaire-waiting-for-the-sunrise-wallpoet-walter-turncoat-warnes-wellfleet-wire-one-yanone-kaffeesatz-yellowtail-yeseva-one-yesteryear-zeyada,[Latin],1
35px,[Latin],1
aachen-regular,[Latin],1
sequelsansbookheadline,[Latin],1
zumme-rough,[Latin],1
circular-bold,[Latin],1
revicons,"[Cyrillic,Latin]",1
amsipro,[Latin],1
cairo-font,[Latin],1
bembo-book,[Latin],1
ui-sans,[Latin],1
butler,[Latin],1
alt-normal,[Latin],1
pt-sans-bold,"[Cyrillic,Latin]",1
highvoltage-rough,[Latin],1
calibri-light,[Cyrillic],1
gravity,[Latin],1
microsoft-sans-serif,"[Cyrillic,Latin]",1
14px,[Latin],1
town-display,[Latin],1
roboto-condensed-bold,"[Cyrillic,Latin]",1
exodus,[Latin],1
wtfnouveau-semibold,[Latin],1
futura-lt,[Cyrillic],1
broadsheet-ldo,[Latin],1
gotham-black,[Latin],1
aptos,[Latin],1
present,[Latin],1
frizquadrata,[Cyrillic],1
dancingscript,[Latin],1
futura-book,[Latin],1
segoe-ui-symbol,[Latin],1
lato-a1,[Latin],1
cubano,[Latin],1
playwrite-fr-moderne-guides,[Latin],1
blair,[Latin],1
tajawal-regular,[Latin],1
panton,[Latin],1
playwrite-br-guides,"[Cyrillic,Latin]",1
joyfulwakayama-handwritting-font,[Latin],1
bauerbodoniblackbt,[Latin],1
anton-regular,[Latin],1
12px,[Latin],1
agne,[Latin],1
bmw,[Latin],1
ramo,[Latin],1
intermedium,[Latin],1
monotipe-corsiva,[Latin],1
big-shoulders-inline-text,[Latin],1
recoleta-alt,[Latin],1
robotof6ff37093344aac5d880ae551060e90b9f906fe6281fa4b96141bc9a92c9218a3a100f6ff37093344aac5d880ae551060e90b9f906fe6281fa4b96141bc9a92c9218a2c100italicf6ff37093344aac5d880ae551060e90b9f906fe6281fa4b96141bc9a92c9218a2c300f6ff37093344aac5d880ae551060e90b9f906fe6281fa4b96141bc9a92c9218a2c300italicf6ff37093344aac5d880ae551060e90b9f906fe6281fa4b96141bc9a92c9218a2cregularf6ff37093344aac5d880ae551060e90b9f906fe6281fa4b96141bc9a92c9218a2citalicf6ff37093344aac5d880ae551060e90b9f906fe6281fa4b96141bc9a92c9218a2c500f6ff37093344aac5d880ae551060e90b9f906fe6281fa4b96141bc9a92c9218a2c500italicf6ff37093344aac5d880ae551060e90b9f906fe6281fa4b96141bc9a92c9218a2c700f6ff37093344aac5d880ae551060e90b9f906fe6281fa4b96141bc9a92c9218a2c700italicf6ff37093344aac5d880ae551060e90b9f906fe6281fa4b96141bc9a92c9218a2c900f6ff37093344aac5d880ae551060e90b9f906fe6281fa4b96141bc9a92c9218a2c900italic,[Latin],1
futurabt-light,[Latin],1
playlist,[Latin],1
bernina-sans,[Latin],1
30px,[Latin],1
bpmf-iansui,"[Han,Latin]",1
avenir-roman,[Latin],1
pliant,"[Cyrillic,Latin]",1
aboreto-regular,[Latin],1
playwrite-gb-j-guides,[Latin],1
initial,[Latin],1
nexa-bold,[Latin],1
itc-avant-garde-gothic-pro,[Latin],1
tiempos-fine-light,[Latin],1
capitolium-2,[Latin],1
swistblnk-monthoers,[Latin],1
ebgaramond-medium,[Latin],1
framd,[Latin],1
helvetica-monospaced,"[Cyrillic,Latin]",1
clarice-book,[Latin],1
normal,[Latin],1
firago-medium,[Latin],1
lato-regular,[Latin],1
runda,[Latin],1
circular-boldest,[Latin],1
rosamundo,[Cyrillic],1
pt-sans-caption-caption,[Latin],1
bebasneue,[Latin],1
fertigo,[Latin],1
articulat-cf-regular,[Latin],1
sc-spectral,[Latin],1
http,[Latin],1
alien-block,[Latin],1
36px,[Latin],1
theseasons-reg,[Latin],1
pippetton,[Latin],1
manjari-bold,[Latin],1
noto--jp,[Katakana],1
tex-gyre-termes,[Latin],1
intro-regular-caps,[Latin],1
nissan-brand,[Latin],1
lexend-semibold,[Latin],1
22px,[Latin],1
centaur-mt,[Latin],1
bodonimt,[Latin],1
montserat,[Latin],1
titilium-web,[Latin],1
calibri-regular,"[Cyrillic,Latin]",1
play-fair-display,[Latin],1
altone-vf,[Latin],1
playwrite-it-trad,[Latin],1
neris,[Latin],1
litterbox,[Latin],1
titillium,[Latin],1
brandon-grotesque,[Latin],1
cabin-regular,"[Cyrillic,Latin]",1
trajan-pro,[Latin],1
llyafy-regular,[Latin],1
cfastystd-light,[Latin],1
comex,"[Cyrillic,Latin]",1
interstate-condensed--bold,[Latin],1
alexbrush,[Latin],1
opensans-bold,"[Cyrillic,Latin]",1
roihu-w04-extrablack,[Latin],1
avenir-next-bl,[Latin],1
albra-sans-regular,[Latin],1
