k,silhouette,inertia
2,0.4096242485663118,13.715011409996531
3,0.3552242908845206,8.519351480395212
4,0.3618256223020032,3.7196245234915883
5,0.2599085851594875,2.6274211035765864
