script,diversity_index,mean_cosine_distance,fonts_analyzed
Tamil,0.0,0.07706402242183685,32
Devanagari,0.30509080934298516,0.13111001253128052,99
Bengali,0.3875312296304496,0.14571410417556763,22
Arabic,0.4688647492557504,0.1601221114397049,91
Telugu,0.5226968470869603,0.16965831816196442,37
Han,0.6683394530132487,0.19545850157737732,97
Cyrillic,0.6719424529420013,0.1960967630147934,100
Katakana,1.0,0.2542112469673157,100
