font_file,font_family,script,codepoint_coverage,total_glyphs,expansion_ratio,vertical_footprint,friction_score,friction_contextual_joining,friction_indic_shaping,friction_ligature_heavy,friction_mark_positioning,friction_rtl_layout
Ubuntu-Bold.ttf,Ubuntu,Latin,324,1264,2.175925925925926,1.017,1,False,False,True,False,False
Ubuntu-Bold.ttf,Ubuntu,Cyrillic,214,1264,2.196261682242991,1.017,1,False,False,True,False,False
Ubuntu-BoldItalic.ttf,Ubuntu,Latin,324,1269,2.175925925925926,1.017,1,False,False,True,False,False
Ubuntu-BoldItalic.ttf,Ubuntu,Cyrillic,214,1269,2.196261682242991,1.017,1,False,False,True,False,False
Ubuntu-Italic.ttf,Ubuntu,Latin,324,1269,2.175925925925926,1.017,1,False,False,True,False,False
Ubuntu-Italic.ttf,Ubuntu,Cyrillic,214,1269,2.196261682242991,1.017,1,False,False,True,False,False
Ubuntu-Light.ttf,Ubuntu,Latin,324,1264,1.8796296296296295,1.017,1,False,False,True,False,False
Ubuntu-Light.ttf,Ubuntu,Cyrillic,214,1264,1.897196261682243,1.017,1,False,False,True,False,False
Ubuntu-LightItalic.ttf,Ubuntu,Latin,324,1269,2.4722222222222223,1.017,1,False,False,True,False,False
Ubuntu-LightItalic.ttf,Ubuntu,Cyrillic,214,1269,2.4953271028037385,1.017,1,False,False,True,False,False
Ubuntu-Medium.ttf,Ubuntu,Latin,324,1264,2.175925925925926,1.017,1,False,False,True,False,False
Ubuntu-Medium.ttf,Ubuntu,Cyrillic,214,1264,2.196261682242991,1.017,1,False,False,True,False,False
Ubuntu-MediumItalic.ttf,Ubuntu,Latin,324,1269,2.175925925925926,1.017,1,False,False,True,False,False
Ubuntu-MediumItalic.ttf,Ubuntu,Cyrillic,214,1269,2.196261682242991,1.017,1,False,False,True,False,False
Ubuntu-Regular.ttf,Ubuntu,Latin,324,1264,2.175925925925926,1.017,1,False,False,True,False,False
Ubuntu-Regular.ttf,Ubuntu,Cyrillic,214,1264,2.196261682242991,1.017,1,False,False,True,False,False
UbuntuCondensed-Regular.ttf,Ubuntu Condensed,Latin,324,1263,2.175925925925926,1.017,1,False,False,True,False,False
UbuntuCondensed-Regular.ttf,Ubuntu Condensed,Cyrillic,214,1263,2.196261682242991,1.017,1,False,False,True,False,False
UbuntuMono-Bold.ttf,Ubuntu Mono,Latin,324,1296,0.9907407407407407,0.907,0,False,False,False,False,False
UbuntuMono-Bold.ttf,Ubuntu Mono,Cyrillic,214,1296,1.0,0.907,0,False,False,False,False,False
UbuntuMono-BoldItalic.ttf,Ubuntu Mono,Latin,324,1301,0.9907407407407407,0.907,0,False,False,False,False,False
UbuntuMono-BoldItalic.ttf,Ubuntu Mono,Cyrillic,214,1301,1.0,0.907,0,False,False,False,False,False
UbuntuMono-Italic.ttf,Ubuntu Mono,Latin,324,1301,0.9907407407407407,0.907,0,False,False,False,False,False
UbuntuMono-Italic.ttf,Ubuntu Mono,Cyrillic,214,1301,1.0,0.907,0,False,False,False,False,False
UbuntuMono-Regular.ttf,Ubuntu Mono,Latin,324,1296,0.9907407407407407,0.907,0,False,False,False,False,False
UbuntuMono-Regular.ttf,Ubuntu Mono,Cyrillic,214,1296,1.0,0.907,0,False,False,False,False,False
"UbuntuSans-Italic[wdth,wght].ttf",Ubuntu Sans,Latin,319,1328,1.4420062695924765,1.2,2,False,False,True,True,False
"UbuntuSans-Italic[wdth,wght].ttf",Ubuntu Sans,Cyrillic,214,1328,1.4485981308411215,1.2,2,False,False,True,True,False
"UbuntuSans[wdth,wght].ttf",Ubuntu Sans,Latin,319,1856,1.4420062695924765,1.2,2,False,False,True,True,False
"UbuntuSans[wdth,wght].ttf",Ubuntu Sans,Cyrillic,214,1856,1.4485981308411215,1.2,2,False,False,True,True,False
UbuntuSansMono-Italic[wght].ttf,Ubuntu Sans Mono,Latin,319,1343,1.2946708463949843,1.2,1,False,False,False,True,False
UbuntuSansMono-Italic[wght].ttf,Ubuntu Sans Mono,Cyrillic,214,1343,1.2990654205607477,1.2,1,False,False,False,True,False
UbuntuSansMono[wght].ttf,Ubuntu Sans Mono,Latin,320,1342,1.3,1.2,1,False,False,False,True,False
UbuntuSansMono[wght].ttf,Ubuntu Sans Mono,Cyrillic,214,1342,1.2990654205607477,1.2,1,False,False,False,True,False
42dotSans[wght].ttf,42dot Sans Light,Latin,120,12211,1.4166666666666667,1.193,3,True,False,True,True,False
ABeeZee-Italic.ttf,ABeeZee,Latin,216,268,1.1435185185185186,1.182,1,False,False,False,True,False
ABeeZee-Regular.ttf,ABeeZee,Latin,216,268,1.1435185185185186,1.182,1,False,False,False,True,False
Abel-Regular.ttf,Abel,Latin,218,259,1.0,1.2744140625,0,False,False,False,False,False
AbhayaLibre-Bold.ttf,Abhaya Libre,Latin,276,943,2.039855072463768,1.1796875,2,False,True,True,False,False
AbhayaLibre-ExtraBold.ttf,Abhaya Libre,Latin,276,943,2.039855072463768,1.1796875,2,False,True,True,False,False
AbhayaLibre-Medium.ttf,Abhaya Libre,Latin,276,943,2.039855072463768,1.1796875,2,False,True,True,False,False
AbhayaLibre-Regular.ttf,Abhaya Libre,Latin,276,943,2.039855072463768,1.1796875,2,False,True,True,False,False
AbhayaLibre-SemiBold.ttf,Abhaya Libre,Latin,276,943,2.039855072463768,1.1796875,2,False,True,True,False,False
Aboreto-Regular.ttf,Aboreto,Latin,319,349,0.9122257053291536,1.16,2,True,False,False,True,False
AbrilFatface-Regular.ttf,Abril Fatface,Latin,319,425,1.4420062695924765,1.349,2,True,False,True,False,False
AbyssinicaSIL-Regular.ttf,Abyssinica SIL,Latin,199,1074,1.2914572864321607,1.326171875,3,False,False,True,True,True
Acme-Regular.ttf,Acme,Latin,211,231,1.0,1.266,0,False,False,False,False,False
Actor-Regular.ttf,Actor,Latin,201,237,1.1343283582089552,1.203,1,False,False,True,False,False
Adamina-Regular.ttf,Adamina,Latin,194,225,1.0,1.362,0,False,False,False,False,False
ADLaMDisplay-Regular.ttf,ADLaM Display,Latin,200,383,1.75,1.3046875,4,True,False,True,True,True
AdobeBlank-Regular.ttf,Adobe Blank,Latin,384,2049,1.0,1.0,1,False,False,False,False,True
AdobeBlank-Regular.ttf,Adobe Blank,Cyrillic,304,2049,1.0,1.0,1,False,False,False,False,True
AdobeBlank-Regular.ttf,Adobe Blank,Katakana,112,2049,1.0,1.0,1,False,False,False,False,True
AdobeBlank-Regular.ttf,Adobe Blank,Devanagari,160,2049,1.0,1.0,1,False,False,False,False,True
AdobeBlank-Regular.ttf,Adobe Blank,Arabic,1104,2049,0.8695652173913043,1.0,1,False,False,False,False,True
AdobeBlank-Regular.ttf,Adobe Blank,Han,70816,2049,0.028920018075011298,1.0,1,False,False,False,False,True
AdobeBlank-Regular.ttf,Adobe Blank,Bengali,128,2049,1.0,1.0,1,False,False,False,False,True
AdobeBlank-Regular.ttf,Adobe Blank,Tamil,128,2049,1.0,1.0,1,False,False,False,False,True
AdobeBlank-Regular.ttf,Adobe Blank,Telugu,128,2049,1.0,1.0,1,False,False,False,False,True
"AdventPro-Italic[wdth,wght].ttf",Advent Pro,Latin,311,642,1.1479099678456592,1.194,2,False,False,True,True,False
"AdventPro-Italic[wdth,wght].ttf",Advent Pro,Cyrillic,182,642,1.1483516483516483,1.194,2,False,False,True,True,False
"AdventPro[wdth,wght].ttf",Advent Pro,Latin,311,642,1.1479099678456592,1.194,2,False,False,True,True,False
"AdventPro[wdth,wght].ttf",Advent Pro,Cyrillic,182,642,1.1483516483516483,1.194,2,False,False,True,True,False
Afacad-Italic[wght].ttf,Afacad,Latin,317,845,1.7413249211356467,1.3333333333333333,3,True,False,True,True,False
Afacad[wght].ttf,Afacad,Latin,317,845,1.7413249211356467,1.3333333333333333,3,True,False,True,True,False
"AfacadFlux[slnt,wght].ttf",Afacad Flux,Latin,317,840,1.5930599369085174,1.3333333333333333,3,True,False,True,True,False
Agbalumo-Regular.ttf,Agbalumo,Latin,310,1708,1.4451612903225806,1.48,3,True,False,True,True,False
Agdasima-Bold.ttf,Agdasima,Latin,201,259,1.0,1.0244140625,0,False,False,False,False,False
Agdasima-Regular.ttf,Agdasima,Latin,201,259,1.0,1.0244140625,0,False,False,False,False,False
AguafinaScript-Regular.ttf,Aguafina Script,Latin,200,236,1.0,1.547,0,False,False,False,False,False
AguDisplay[MORF].ttf,Agu Display Uzo,Latin,295,2590,1.1491525423728814,1.5,1,False,False,False,True,False
Akatab-Black.ttf,Akatab Black,Latin,213,642,1.5821596244131455,1.3701171875,4,True,False,True,True,True
Akatab-Bold.ttf,Akatab,Latin,213,642,1.5821596244131455,1.3701171875,4,True,False,True,True,True
Akatab-ExtraBold.ttf,Akatab ExtraBold,Latin,213,642,1.5821596244131455,1.3701171875,4,True,False,True,True,True
Akatab-Medium.ttf,Akatab Medium,Latin,213,642,1.5821596244131455,1.3701171875,4,True,False,True,True,True
Akatab-Regular.ttf,Akatab,Latin,213,642,1.5821596244131455,1.3701171875,4,True,False,True,True,True
Akatab-SemiBold.ttf,Akatab SemiBold,Latin,213,642,1.5821596244131455,1.3701171875,4,True,False,True,True,True
AkayaKanadaka-Regular.ttf,Akaya Kanadaka,Latin,278,843,2.327338129496403,1.196,3,False,True,True,True,False
AkayaTelivigala-Regular.ttf,Akaya Telivigala,Latin,278,1036,1.8848920863309353,1.196,3,False,True,True,True,False
AkayaTelivigala-Regular.ttf,Akaya Telivigala,Telugu,84,1036,1.8571428571428572,1.196,3,False,True,True,True,False
Akronim-Regular.ttf,Akronim,Latin,229,254,1.0,1.142,0,False,False,False,False,False
AksaraBaliGalang-Regular.ttf,Aksara Bali Galang,Latin,15,251,1.0,2.703,0,False,False,False,False,False
Akshar[wght].ttf,Akshar Light,Latin,209,813,3.076555023923445,1.38,3,False,True,True,True,False
Akshar[wght].ttf,Akshar Light,Devanagari,120,813,3.1,1.38,3,False,True,True,True,False
Aladin-Regular.ttf,Aladin,Latin,198,237,1.0,1.226,0,False,False,False,False,False
AlanSans[wght].ttf,Alan Sans Light,Latin,296,469,1.2972972972972974,1.3,2,False,False,True,True,False
Alata-Regular.ttf,Alata,Latin,317,1038,1.444794952681388,1.38,2,False,False,True,True,False
Alatsi-Regular.ttf,Alatsi,Latin,317,1205,1.4416403785488958,1.28,2,False,False,True,True,False
AlbertSans-Italic[wght].ttf,Albert Sans,Latin,310,405,1.4451612903225806,1.2,1,False,False,True,False,False
AlbertSans[wght].ttf,Albert Sans,Latin,310,405,1.4451612903225806,1.2,1,False,False,True,False,False
Aldrich-Regular.ttf,Aldrich,Latin,218,259,1.0,0.97802734375,0,False,False,False,False,False
Alef-Bold.ttf,Alef,Latin,286,424,1.2937062937062938,1.0,3,False,False,True,True,True
Alef-Regular.ttf,Alef,Latin,286,424,1.2937062937062938,1.0,3,False,False,True,True,True
Alegreya-Italic[wght].ttf,Alegreya,Latin,320,2179,1.6,1.361,2,False,False,True,True,False
Alegreya-Italic[wght].ttf,Alegreya,Cyrillic,186,2179,1.5806451612903225,1.361,2,False,False,True,True,False
Alegreya[wght].ttf,Alegreya,Latin,320,2172,1.6,1.361,2,False,False,True,True,False
Alegreya[wght].ttf,Alegreya,Cyrillic,186,2172,1.5806451612903225,1.361,2,False,False,True,True,False
AlegreyaSans-Black.ttf,Alegreya Sans,Latin,318,2109,5.433962264150943,1.2,2,False,False,True,True,False
AlegreyaSans-Black.ttf,Alegreya Sans,Cyrillic,184,2109,5.4021739130434785,1.2,2,False,False,True,True,False
AlegreyaSans-BlackItalic.ttf,Alegreya Sans,Latin,318,2119,5.433962264150943,1.2,2,False,False,True,True,False
AlegreyaSans-BlackItalic.ttf,Alegreya Sans,Cyrillic,184,2119,5.4021739130434785,1.2,2,False,False,True,True,False
AlegreyaSans-Bold.ttf,Alegreya Sans,Latin,318,2109,5.433962264150943,1.2,2,False,False,True,True,False
AlegreyaSans-Bold.ttf,Alegreya Sans,Cyrillic,184,2109,5.4021739130434785,1.2,2,False,False,True,True,False
AlegreyaSans-BoldItalic.ttf,Alegreya Sans,Latin,318,2119,5.433962264150943,1.2,2,False,False,True,True,False
AlegreyaSans-BoldItalic.ttf,Alegreya Sans,Cyrillic,184,2119,5.4021739130434785,1.2,2,False,False,True,True,False
AlegreyaSans-ExtraBold.ttf,Alegreya Sans,Latin,318,2109,5.433962264150943,1.2,2,False,False,True,True,False
AlegreyaSans-ExtraBold.ttf,Alegreya Sans,Cyrillic,184,2109,5.4021739130434785,1.2,2,False,False,True,True,False
AlegreyaSans-ExtraBoldItalic.ttf,Alegreya Sans,Latin,318,2119,5.433962264150943,1.2,2,False,False,True,True,False
AlegreyaSans-ExtraBoldItalic.ttf,Alegreya Sans,Cyrillic,184,2119,5.4021739130434785,1.2,2,False,False,True,True,False
AlegreyaSans-Italic.ttf,Alegreya Sans,Latin,318,2119,5.433962264150943,1.2,2,False,False,True,True,False
AlegreyaSans-Italic.ttf,Alegreya Sans,Cyrillic,184,2119,5.4021739130434785,1.2,2,False,False,True,True,False
AlegreyaSans-Light.ttf,Alegreya Sans,Latin,318,2109,5.433962264150943,1.2,2,False,False,True,True,False
AlegreyaSans-Light.ttf,Alegreya Sans,Cyrillic,184,2109,5.4021739130434785,1.2,2,False,False,True,True,False
AlegreyaSans-LightItalic.ttf,Alegreya Sans,Latin,318,2119,5.433962264150943,1.2,2,False,False,True,True,False
AlegreyaSans-LightItalic.ttf,Alegreya Sans,Cyrillic,184,2119,5.4021739130434785,1.2,2,False,False,True,True,False
AlegreyaSans-Medium.ttf,Alegreya Sans,Latin,318,2109,5.433962264150943,1.2,2,False,False,True,True,False
AlegreyaSans-Medium.ttf,Alegreya Sans,Cyrillic,184,2109,5.4021739130434785,1.2,2,False,False,True,True,False
AlegreyaSans-MediumItalic.ttf,Alegreya Sans,Latin,318,2119,5.433962264150943,1.2,2,False,False,True,True,False
AlegreyaSans-MediumItalic.ttf,Alegreya Sans,Cyrillic,184,2119,5.4021739130434785,1.2,2,False,False,True,True,False
AlegreyaSans-Regular.ttf,Alegreya Sans,Latin,318,2109,5.433962264150943,1.2,2,False,False,True,True,False
AlegreyaSans-Regular.ttf,Alegreya Sans,Cyrillic,184,2109,5.4021739130434785,1.2,2,False,False,True,True,False
AlegreyaSans-Thin.ttf,Alegreya Sans,Latin,318,2109,5.433962264150943,1.2,2,False,False,True,True,False
AlegreyaSans-Thin.ttf,Alegreya Sans,Cyrillic,184,2109,5.4021739130434785,1.2,2,False,False,True,True,False
AlegreyaSans-ThinItalic.ttf,Alegreya Sans,Latin,318,2119,5.433962264150943,1.2,2,False,False,True,True,False
AlegreyaSans-ThinItalic.ttf,Alegreya Sans,Cyrillic,184,2119,5.4021739130434785,1.2,2,False,False,True,True,False
AlegreyaSansSC-Black.ttf,Alegreya Sans SC,Latin,318,1568,5.433962264150943,1.2,2,False,False,True,True,False
AlegreyaSansSC-Black.ttf,Alegreya Sans SC,Cyrillic,184,1568,5.4021739130434785,1.2,2,False,False,True,True,False
AlegreyaSansSC-BlackItalic.ttf,Alegreya Sans SC,Latin,318,1577,5.433962264150943,1.2,2,False,False,True,True,False
AlegreyaSansSC-BlackItalic.ttf,Alegreya Sans SC,Cyrillic,184,1577,5.4021739130434785,1.2,2,False,False,True,True,False
AlegreyaSansSC-Bold.ttf,Alegreya Sans SC,Latin,318,1568,5.433962264150943,1.2,2,False,False,True,True,False
AlegreyaSansSC-Bold.ttf,Alegreya Sans SC,Cyrillic,184,1568,5.4021739130434785,1.2,2,False,False,True,True,False
AlegreyaSansSC-BoldItalic.ttf,Alegreya Sans SC,Latin,318,1577,5.433962264150943,1.2,2,False,False,True,True,False
AlegreyaSansSC-BoldItalic.ttf,Alegreya Sans SC,Cyrillic,184,1577,5.4021739130434785,1.2,2,False,False,True,True,False
AlegreyaSansSC-ExtraBold.ttf,Alegreya Sans SC,Latin,318,1568,5.433962264150943,1.2,2,False,False,True,True,False
AlegreyaSansSC-ExtraBold.ttf,Alegreya Sans SC,Cyrillic,184,1568,5.4021739130434785,1.2,2,False,False,True,True,False
AlegreyaSansSC-ExtraBoldItalic.ttf,Alegreya Sans SC,Latin,318,1577,5.433962264150943,1.2,2,False,False,True,True,False
AlegreyaSansSC-ExtraBoldItalic.ttf,Alegreya Sans SC,Cyrillic,184,1577,5.4021739130434785,1.2,2,False,False,True,True,False
AlegreyaSansSC-Italic.ttf,Alegreya Sans SC,Latin,318,1577,5.433962264150943,1.2,2,False,False,True,True,False
AlegreyaSansSC-Italic.ttf,Alegreya Sans SC,Cyrillic,184,1577,5.4021739130434785,1.2,2,False,False,True,True,False
AlegreyaSansSC-Light.ttf,Alegreya Sans SC,Latin,318,1568,5.433962264150943,1.2,2,False,False,True,True,False
AlegreyaSansSC-Light.ttf,Alegreya Sans SC,Cyrillic,184,1568,5.4021739130434785,1.2,2,False,False,True,True,False
AlegreyaSansSC-LightItalic.ttf,Alegreya Sans SC,Latin,318,1577,5.433962264150943,1.2,2,False,False,True,True,False
AlegreyaSansSC-LightItalic.ttf,Alegreya Sans SC,Cyrillic,184,1577,5.4021739130434785,1.2,2,False,False,True,True,False
AlegreyaSansSC-Medium.ttf,Alegreya Sans SC,Latin,318,1568,5.433962264150943,1.2,2,False,False,True,True,False
AlegreyaSansSC-Medium.ttf,Alegreya Sans SC,Cyrillic,184,1568,5.4021739130434785,1.2,2,False,False,True,True,False
AlegreyaSansSC-MediumItalic.ttf,Alegreya Sans SC,Latin,318,1577,5.433962264150943,1.2,2,False,False,True,True,False
AlegreyaSansSC-MediumItalic.ttf,Alegreya Sans SC,Cyrillic,184,1577,5.4021739130434785,1.2,2,False,False,True,True,False
AlegreyaSansSC-Regular.ttf,Alegreya Sans SC,Latin,318,1568,5.433962264150943,1.2,2,False,False,True,True,False
AlegreyaSansSC-Regular.ttf,Alegreya Sans SC,Cyrillic,184,1568,5.4021739130434785,1.2,2,False,False,True,True,False
AlegreyaSansSC-Thin.ttf,Alegreya Sans SC,Latin,318,1568,5.433962264150943,1.2,2,False,False,True,True,False
AlegreyaSansSC-Thin.ttf,Alegreya Sans SC,Cyrillic,184,1568,5.4021739130434785,1.2,2,False,False,True,True,False
AlegreyaSansSC-ThinItalic.ttf,Alegreya Sans SC,Latin,318,1577,5.433962264150943,1.2,2,False,False,True,True,False
AlegreyaSansSC-ThinItalic.ttf,Alegreya Sans SC,Cyrillic,184,1577,5.4021739130434785,1.2,2,False,False,True,True,False
AlegreyaSC-Black.ttf,Alegreya SC,Latin,319,1569,5.420062695924765,1.361,2,False,False,True,True,False
AlegreyaSC-Black.ttf,Alegreya SC,Cyrillic,184,1569,5.4021739130434785,1.361,2,False,False,True,True,False
AlegreyaSC-BlackItalic.ttf,Alegreya SC,Latin,319,1575,5.420062695924765,1.361,2,False,False,True,True,False
AlegreyaSC-BlackItalic.ttf,Alegreya SC,Cyrillic,184,1575,5.4021739130434785,1.361,2,False,False,True,True,False
AlegreyaSC-Bold.ttf,Alegreya SC,Latin,319,1569,5.420062695924765,1.361,2,False,False,True,True,False
AlegreyaSC-Bold.ttf,Alegreya SC,Cyrillic,184,1569,5.4021739130434785,1.361,2,False,False,True,True,False
AlegreyaSC-BoldItalic.ttf,Alegreya SC,Latin,319,1575,5.420062695924765,1.361,2,False,False,True,True,False
AlegreyaSC-BoldItalic.ttf,Alegreya SC,Cyrillic,184,1575,5.4021739130434785,1.361,2,False,False,True,True,False
AlegreyaSC-ExtraBold.ttf,Alegreya SC,Latin,319,1569,5.420062695924765,1.361,2,False,False,True,True,False
AlegreyaSC-ExtraBold.ttf,Alegreya SC,Cyrillic,184,1569,5.4021739130434785,1.361,2,False,False,True,True,False
AlegreyaSC-ExtraBoldItalic.ttf,Alegreya SC,Latin,319,1575,5.420062695924765,1.361,2,False,False,True,True,False
AlegreyaSC-ExtraBoldItalic.ttf,Alegreya SC,Cyrillic,184,1575,5.4021739130434785,1.361,2,False,False,True,True,False
AlegreyaSC-Italic.ttf,Alegreya SC,Latin,319,1575,5.420062695924765,1.361,2,False,False,True,True,False
AlegreyaSC-Italic.ttf,Alegreya SC,Cyrillic,184,1575,5.4021739130434785,1.361,2,False,False,True,True,False
AlegreyaSC-Medium.ttf,Alegreya SC,Latin,319,1569,5.420062695924765,1.361,2,False,False,True,True,False
AlegreyaSC-Medium.ttf,Alegreya SC,Cyrillic,184,1569,5.4021739130434785,1.361,2,False,False,True,True,False
AlegreyaSC-MediumItalic.ttf,Alegreya SC,Latin,319,1575,5.420062695924765,1.361,2,False,False,True,True,False
AlegreyaSC-MediumItalic.ttf,Alegreya SC,Cyrillic,184,1575,5.4021739130434785,1.361,2,False,False,True,True,False
AlegreyaSC-Regular.ttf,Alegreya SC,Latin,319,1569,5.420062695924765,1.361,2,False,False,True,True,False
AlegreyaSC-Regular.ttf,Alegreya SC,Cyrillic,184,1569,5.4021739130434785,1.361,2,False,False,True,True,False
Aleo-Italic[wght].ttf,Aleo,Latin,318,679,1.4433962264150944,1.2,2,False,False,True,True,False
Aleo[wght].ttf,Aleo,Latin,318,679,1.4433962264150944,1.2,2,False,False,True,True,False
Alexandria[wght].ttf,Alexandria,Latin,319,1935,2.3260188087774294,1.219,4,True,False,True,True,True
Alexandria[wght].ttf,Alexandria,Arabic,263,1935,2.334600760456274,1.219,4,True,False,True,True,True
AlexBrush-Regular.ttf,Alex Brush,Latin,318,617,1.5911949685534592,1.25,2,False,False,True,True,False
AlfaSlabOne-Regular.ttf,Alfa Slab One,Latin,320,734,2.95,1.369,2,False,False,True,True,False
Alice-Regular.ttf,Alice,Latin,195,453,1.4461538461538461,1.143,2,False,False,True,True,False
Alice-Regular.ttf,Alice,Cyrillic,180,453,1.45,1.143,2,False,False,True,True,False
Alike-Regular.ttf,Alike,Latin,289,366,1.1487889273356402,1.254,1,False,False,False,True,False
AlikeAngular-Regular.ttf,Alike Angular,Latin,289,364,1.1487889273356402,1.254,1,False,False,False,True,False
Alkalami-Regular.ttf,Alkalami,Latin,199,997,2.457286432160804,1.892,4,True,False,True,True,True
Alkalami-Regular.ttf,Alkalami,Arabic,124,997,2.4516129032258065,1.892,4,True,False,True,True,True
Alkatra[wght].ttf,Alkatra,Latin,313,1824,6.437699680511182,1.684,4,True,True,True,True,False
Alkatra[wght].ttf,Alkatra,Devanagari,84,1824,6.285714285714286,1.684,4,True,True,True,True,False
Alkatra[wght].ttf,Alkatra,Bengali,84,1824,6.285714285714286,1.684,4,True,True,True,True,False
Allan-Bold.ttf,Allan,Latin,199,240,1.0,1.25,0,False,False,False,False,False
Allan-Regular.ttf,Allan,Latin,199,236,1.0,1.142578125,0,False,False,False,False,False
Allerta-Regular.ttf,Allerta,Latin,169,217,0.9940828402366864,1.2783203125,0,False,False,False,False,False
AllertaStencil-Regular.ttf,Allerta Stencil,Latin,169,217,0.9940828402366864,1.2783203125,0,False,False,False,False,False
Allison-Regular.ttf,Allison,Latin,320,619,1.45,1.27,2,False,False,True,True,False
Allura-Regular.ttf,Allura,Latin,320,1087,1.75,1.25,3,True,False,True,True,False
Almarai-Bold.ttf,Almarai,Latin,191,579,4.0785340314136125,1.116,4,True,False,True,True,True
Almarai-Bold.ttf,Almarai,Arabic,254,579,4.141732283464567,1.116,4,True,False,True,True,True
Almarai-ExtraBold.ttf,Almarai,Latin,191,579,4.0785340314136125,1.116,4,True,False,True,True,True
Almarai-ExtraBold.ttf,Almarai,Arabic,254,579,4.141732283464567,1.116,4,True,False,True,True,True
Almarai-Light.ttf,Almarai,Latin,191,579,4.0785340314136125,1.116,4,True,False,True,True,True
Almarai-Light.ttf,Almarai,Arabic,254,579,4.141732283464567,1.116,4,True,False,True,True,True
Almarai-Regular.ttf,Almarai,Latin,191,579,4.0785340314136125,1.116,4,True,False,True,True,True
Almarai-Regular.ttf,Almarai,Arabic,254,579,4.141732283464567,1.116,4,True,False,True,True,True
Almendra-Bold.ttf,Almendra,Latin,213,248,1.1455399061032865,1.296,1,False,False,True,False,False
Almendra-BoldItalic.ttf,Almendra,Latin,213,247,1.1455399061032865,1.296,1,False,False,True,False,False
Almendra-Italic.ttf,Almendra,Latin,213,247,1.1455399061032865,1.296,1,False,False,True,False,False
Almendra-Regular.ttf,Almendra,Latin,299,427,1.1471571906354514,1.296,1,False,False,True,False,False
AlmendraDisplay-Regular.ttf,Almendra Display,Latin,212,242,1.0,1.296,0,False,False,False,False,False
AlmendraSC-Regular.ttf,Almendra SC,Latin,215,246,1.0,1.19,0,False,False,False,False,False
AlumniSans-Italic[wght].ttf,Alumni Sans Thin,Latin,317,1002,1.5930599369085174,1.2,2,False,False,True,True,False
AlumniSans-Italic[wght].ttf,Alumni Sans Thin,Cyrillic,100,1002,1.6,1.2,2,False,False,True,True,False
AlumniSans[wght].ttf,Alumni Sans Thin,Latin,317,999,1.5930599369085174,1.2,2,False,False,True,True,False
AlumniSans[wght].ttf,Alumni Sans Thin,Cyrillic,100,999,1.6,1.2,2,False,False,True,True,False
AlumniSansCollegiateOne-Italic.ttf,Alumni Sans Collegiate One,Latin,319,1025,1.5893416927899686,1.2,2,False,False,True,True,False
AlumniSansCollegiateOne-Italic.ttf,Alumni Sans Collegiate One,Cyrillic,92,1025,1.565217391304348,1.2,2,False,False,True,True,False
AlumniSansCollegiateOne-Regular.ttf,Alumni Sans Collegiate One,Latin,319,1026,1.5893416927899686,1.2,2,False,False,True,True,False
AlumniSansCollegiateOne-Regular.ttf,Alumni Sans Collegiate One,Cyrillic,92,1026,1.565217391304348,1.2,2,False,False,True,True,False
AlumniSansCollegiateOneSC-Italic.ttf,Alumni Sans Collegiate One SC,Latin,319,1025,1.5893416927899686,1.2,2,False,False,True,True,False
AlumniSansCollegiateOneSC-Italic.ttf,Alumni Sans Collegiate One SC,Cyrillic,92,1025,1.565217391304348,1.2,2,False,False,True,True,False
AlumniSansCollegiateOneSC-Regular.ttf,Alumni Sans Collegiate One SC,Latin,319,1026,1.5893416927899686,1.2,2,False,False,True,True,False
AlumniSansCollegiateOneSC-Regular.ttf,Alumni Sans Collegiate One SC,Cyrillic,92,1026,1.565217391304348,1.2,2,False,False,True,True,False
AlumniSansInlineOne-Italic.ttf,Alumni Sans Inline One,Latin,318,669,1.5911949685534592,1.2,2,False,False,True,True,False
AlumniSansInlineOne-Regular.ttf,Alumni Sans Inline One,Latin,318,669,1.5911949685534592,1.2,2,False,False,True,True,False
AlumniSansPinstripe-Italic.ttf,Alumni Sans Pinstripe,Latin,317,788,1.5930599369085174,1.2,2,False,False,True,True,False
AlumniSansPinstripe-Italic.ttf,Alumni Sans Pinstripe,Cyrillic,100,788,1.6,1.2,2,False,False,True,True,False
AlumniSansPinstripe-Regular.ttf,Alumni Sans Pinstripe,Latin,317,789,1.5930599369085174,1.2,2,False,False,True,True,False
AlumniSansPinstripe-Regular.ttf,Alumni Sans Pinstripe,Cyrillic,100,789,1.6,1.2,2,False,False,True,True,False
AlumniSansSC-Italic[wght].ttf,Alumni Sans SC Thin,Latin,317,1003,1.5930599369085174,1.2,2,False,False,True,True,False
AlumniSansSC-Italic[wght].ttf,Alumni Sans SC Thin,Cyrillic,100,1003,1.6,1.2,2,False,False,True,True,False
AlumniSansSC[wght].ttf,Alumni Sans SC Thin,Latin,317,1000,1.5930599369085174,1.2,2,False,False,True,True,False
AlumniSansSC[wght].ttf,Alumni Sans SC Thin,Cyrillic,100,1000,1.6,1.2,2,False,False,True,True,False
Alyamama[wght].ttf,Alyamama Light,Latin,315,1234,2.0444444444444443,1.43,4,True,False,True,True,True
Alyamama[wght].ttf,Alyamama Light,Arabic,134,1234,2.044776119402985,1.43,4,True,False,True,True,True
Amarante-Regular.ttf,Amarante,Latin,336,424,1.0,1.25,0,False,False,False,False,False
Amaranth-Bold.ttf,Amaranth,Latin,195,218,1.0,1.212,0,False,False,False,False,False
Amaranth-BoldItalic.ttf,Amaranth,Latin,195,225,1.0,1.211,0,False,False,False,False,False
Amaranth-Italic.ttf,Amaranth,Latin,195,218,1.0,1.212,0,False,False,False,False,False
Amaranth-Regular.ttf,Amaranth,Latin,195,218,1.0,1.212,0,False,False,False,False,False
Amarna-Italic[wght].ttf,Amarna,Latin,294,396,1.2993197278911566,1.375,2,False,False,True,True,False
Amarna[wght].ttf,Amarna,Latin,294,396,1.2993197278911566,1.375,2,False,False,True,True,False
AmaticSC-Bold.ttf,Amatic SC,Latin,320,850,5.95,1.261,3,False,False,True,True,True
AmaticSC-Bold.ttf,Amatic SC,Cyrillic,98,850,5.714285714285714,1.261,3,False,False,True,True,True
AmaticSC-Regular.ttf,Amatic SC,Latin,320,850,5.95,1.261,3,False,False,True,True,True
AmaticSC-Regular.ttf,Amatic SC,Cyrillic,98,850,5.714285714285714,1.261,3,False,False,True,True,True
Amethysta-Regular.ttf,Amethysta,Latin,194,224,1.0,1.26220703125,0,False,False,False,False,False
Amiko-Bold.ttf,Amiko,Latin,320,918,14.8,1.334,3,False,True,True,True,False
Amiko-Bold.ttf,Amiko,Devanagari,130,918,14.446153846153846,1.334,3,False,True,True,True,False
Amiko-Regular.ttf,Amiko,Latin,320,918,14.8,1.334,3,False,True,True,True,False
Amiko-Regular.ttf,Amiko,Devanagari,130,918,14.446153846153846,1.334,3,False,True,True,True,False
Amiko-SemiBold.ttf,Amiko,Latin,320,918,14.8,1.334,3,False,True,True,True,False
Amiko-SemiBold.ttf,Amiko,Devanagari,130,918,14.446153846153846,1.334,3,False,True,True,True,False
Amiri-Bold.ttf,Amiri,Latin,319,6551,2.031347962382445,1.758,4,True,False,True,True,True
Amiri-Bold.ttf,Amiri,Arabic,1054,6551,1.8975332068311195,1.758,4,True,False,True,True,True
Amiri-BoldItalic.ttf,Amiri,Latin,319,6555,2.031347962382445,1.758,4,True,False,True,True,True
Amiri-BoldItalic.ttf,Amiri,Arabic,1054,6555,1.8975332068311195,1.758,4,True,False,True,True,True
Amiri-Italic.ttf,Amiri,Latin,319,6705,2.031347962382445,1.758,4,True,False,True,True,True
Amiri-Italic.ttf,Amiri,Arabic,1054,6705,1.8975332068311195,1.758,4,True,False,True,True,True
Amiri-Regular.ttf,Amiri,Latin,319,6710,2.031347962382445,1.758,4,True,False,True,True,True
Amiri-Regular.ttf,Amiri,Arabic,1054,6710,1.8975332068311195,1.758,4,True,False,True,True,True
AmiriQuran-Regular.ttf,Amiri Quran,Latin,107,1446,1.897196261682243,2.449,4,True,False,True,True,True
AmiriQuran-Regular.ttf,Amiri Quran,Arabic,117,1446,1.8717948717948718,2.449,4,True,False,True,True,True
Amita-Bold.ttf,Amita,Latin,348,824,4.735632183908046,1.942,3,False,True,True,True,False
Amita-Bold.ttf,Amita,Devanagari,122,824,4.688524590163935,1.942,3,False,True,True,True,False
Amita-Regular.ttf,Amita,Latin,348,824,4.735632183908046,1.942,3,False,True,True,True,False
Amita-Regular.ttf,Amita,Devanagari,122,824,4.688524590163935,1.942,3,False,True,True,True,False
AmstelvarAlpha-VF.ttf,AmstelvarAlpha Default,Latin,95,115,1.0,1.2,0,False,False,False,False,False
AmstelvarAlpha-VF.ttf,AmstelvarAlpha Default,Han,19,115,1.0,1.2,0,False,False,False,False,False
Anaheim[wght].ttf,Anaheim,Latin,316,720,1.4462025316455696,1.2890625,2,False,False,True,True,False
AncizarSans-Italic[wght].ttf,Ancizar Sans Thin,Latin,316,1091,1.4462025316455696,1.2,2,False,False,True,True,False
AncizarSans[wght].ttf,Ancizar Sans Thin,Latin,316,1091,1.4462025316455696,1.2,2,False,False,True,True,False
AncizarSerif-Italic[wght].ttf,Ancizar Serif Light,Latin,316,1091,1.4462025316455696,1.2,2,False,False,True,True,False
AncizarSerif[wght].ttf,Ancizar Serif Light,Latin,316,1091,1.4462025316455696,1.2,2,False,False,True,True,False
AndadaPro-Italic[wght].ttf,Andada Pro,Latin,319,1500,1.7366771159874608,1.177,3,True,False,True,True,False
AndadaPro[wght].ttf,Andada Pro,Latin,319,1495,1.7366771159874608,1.177,3,True,False,True,True,False
Andika-Bold.ttf,Andika,Latin,318,3775,1.4433962264150944,1.611328125,3,False,False,True,True,True
Andika-Bold.ttf,Andika,Cyrillic,268,3775,1.4477611940298507,1.611328125,3,False,False,True,True,True
Andika-BoldItalic.ttf,Andika,Latin,318,3775,1.4433962264150944,1.611328125,3,False,False,True,True,True
Andika-BoldItalic.ttf,Andika,Cyrillic,268,3775,1.4477611940298507,1.611328125,3,False,False,True,True,True
Andika-Italic.ttf,Andika,Latin,318,3775,1.4433962264150944,1.611328125,3,False,False,True,True,True
Andika-Italic.ttf,Andika,Cyrillic,268,3775,1.4477611940298507,1.611328125,3,False,False,True,True,True
Andika-Regular.ttf,Andika,Latin,318,3775,1.4433962264150944,1.611328125,3,False,False,True,True,True
Andika-Regular.ttf,Andika,Cyrillic,268,3775,1.4477611940298507,1.611328125,3,False,False,True,True,True
"AnekBangla[wdth,wght].ttf",Anek Bangla Medium,Latin,195,838,3.528205128205128,1.866,4,True,True,True,True,False
"AnekBangla[wdth,wght].ttf",Anek Bangla Medium,Bengali,90,838,3.4555555555555557,1.866,4,True,True,True,True,False
"AnekDevanagari[wdth,wght].ttf",Anek Devanagari Medium,Latin,196,1282,3.811224489795918,1.7055,3,False,True,True,True,False
"AnekDevanagari[wdth,wght].ttf",Anek Devanagari Medium,Devanagari,129,1282,3.798449612403101,1.7055,3,False,True,True,True,False
"AnekGujarati[wdth,wght].ttf",Anek Gujarati Medium,Latin,195,1072,3.528205128205128,1.5195,3,False,True,True,True,False
"AnekGurmukhi[wdth,wght].ttf",Anek Gurmukhi Medium,Latin,195,505,2.7846153846153845,1.2,3,False,True,True,True,False
"AnekKannada[wdth,wght].ttf",Anek Kannada Medium,Latin,196,835,2.923469387755102,1.67,3,False,True,True,True,False
"AnekLatin[wdth,wght].ttf",Anek Latin Medium,Latin,316,790,1.5949367088607596,1.1,2,False,False,True,True,False
"AnekMalayalam[wdth,wght].ttf",Anek Malayalam Medium,Latin,196,547,2.183673469387755,1.4325,3,False,True,True,True,False
"AnekOdia[wdth,wght].ttf",Anek Odia Medium,Latin,195,714,3.082051282051282,1.68,3,False,True,True,True,False
"AnekTamil[wdth,wght].ttf",Anek Tamil Medium,Latin,195,674,2.041025641025641,1.408,3,False,True,True,True,False
"AnekTamil[wdth,wght].ttf",Anek Tamil Medium,Tamil,72,674,1.9722222222222223,1.408,3,False,True,True,True,False
"AnekTelugu[wdth,wght].ttf",Anek Telugu Medium,Latin,195,1016,2.635897435897436,1.5,3,False,True,True,True,False
"AnekTelugu[wdth,wght].ttf",Anek Telugu Medium,Telugu,88,1016,2.625,1.5,3,False,True,True,True,False
Angkor-Regular.ttf,Angkor,Latin,98,276,1.2857142857142858,1.806640625,1,False,True,False,False,False
AnnapurnaSIL-Bold.ttf,Annapurna SIL,Latin,207,1085,4.893719806763285,1.42724609375,5,True,True,True,True,True
AnnapurnaSIL-Bold.ttf,Annapurna SIL,Devanagari,160,1085,4.9,1.42724609375,5,True,True,True,True,True
AnnapurnaSIL-Regular.ttf,Annapurna SIL,Latin,207,1085,4.893719806763285,1.42724609375,5,True,True,True,True,True
AnnapurnaSIL-Regular.ttf,Annapurna SIL,Devanagari,160,1085,4.9,1.42724609375,5,True,True,True,True,True
AnnieUseYourTelescope-Regular.ttf,Annie Use Your Telescope,Latin,308,355,1.0,1.43359375,0,False,False,False,False,False
AnonymousPro-Bold.ttf,Anonymous Pro,Latin,321,624,1.0,1.0,0,False,False,False,False,False
AnonymousPro-Bold.ttf,Anonymous Pro,Cyrillic,94,624,1.0,1.0,0,False,False,False,False,False
AnonymousPro-BoldItalic.ttf,Anonymous Pro,Latin,321,624,1.0,1.0,0,False,False,False,False,False
AnonymousPro-BoldItalic.ttf,Anonymous Pro,Cyrillic,94,624,1.0,1.0,0,False,False,False,False,False
AnonymousPro-Italic.ttf,Anonymous Pro,Latin,321,624,1.0,1.0,0,False,False,False,False,False
AnonymousPro-Italic.ttf,Anonymous Pro,Cyrillic,94,624,1.0,1.0,0,False,False,False,False,False
AnonymousPro-Regular.ttf,Anonymous Pro,Latin,321,624,1.0,1.0,0,False,False,False,False,False
AnonymousPro-Regular.ttf,Anonymous Pro,Cyrillic,94,624,1.0,1.0,0,False,False,False,False,False
Anta-Regular.ttf,Anta,Latin,320,404,1.45,1.220703125,2,False,False,True,True,False
Antic-Regular.ttf,Antic,Latin,193,216,0.9948186528497409,1.191,0,False,False,False,False,False
AnticDidone-Regular.ttf,Antic Didone,Latin,193,220,1.0,1.19,0,False,False,False,False,False
AnticSlab-Regular.ttf,Antic Slab,Latin,192,219,1.0,1.19,0,False,False,False,False,False
Anton-Regular.ttf,Anton,Latin,321,1373,1.5981308411214954,1.50537109375,2,False,False,True,True,False
Antonio[wght].ttf,Antonio,Latin,311,440,1.2958199356913183,1.2939453125,2,False,False,True,True,False
AntonSC-Regular.ttf,Anton SC,Latin,321,1373,1.5981308411214954,1.50537109375,2,False,False,True,True,False
Anuphan[wght].ttf,Anuphan,Latin,318,790,1.5911949685534592,1.3,2,False,False,True,True,False
"Anybody-Italic[wdth,wght].ttf",Anybody Thin,Latin,318,785,1.4433962264150944,1.035,2,False,False,True,True,False
"Anybody[wdth,wght].ttf",Anybody Thin,Latin,318,785,1.4433962264150944,1.035,2,False,False,True,True,False
AoboshiOne-Regular.ttf,Aoboshi One,Latin,199,599,1.2914572864321607,1.0,1,False,False,True,False,False
AoboshiOne-Regular.ttf,Aoboshi One,Katakana,93,599,1.2795698924731183,1.0,1,False,False,True,False,False
Arapey-Italic.ttf,Arapey,Latin,200,251,1.3,1.096,1,False,False,True,False,False
Arapey-Regular.ttf,Arapey,Latin,200,248,1.15,1.096,1,False,False,True,False,False
Arbutus-Regular.ttf,Arbutus,Latin,336,424,1.0,1.25,0,False,False,False,False,False
ArbutusSlab-Regular.ttf,Arbutus Slab,Latin,342,434,1.0,1.25,0,False,False,False,False,False
ArchitectsDaughter-Regular.ttf,Architects Daughter,Latin,305,352,0.9967213114754099,1.3896484375,0,False,False,False,False,False
"Archivo-Italic[wdth,wght].ttf",Archivo SemiBold,Latin,320,832,1.45,1.088,3,False,False,True,True,True
"Archivo[wdth,wght].ttf",Archivo SemiBold,Latin,320,834,1.45,1.088,3,False,False,True,True,True
ArchivoBlack-Regular.ttf,Archivo Black,Latin,321,426,1.7476635514018692,1.088,2,False,False,True,True,False
ArchivoNarrow-Italic[wght].ttf,Archivo Narrow,Latin,321,798,1.4485981308411215,1.347,3,False,False,True,True,True
ArchivoNarrow[wght].ttf,Archivo Narrow,Latin,321,798,1.4485981308411215,1.347,3,False,False,True,True,True
ArefRuqaa-Bold.ttf,Aref Ruqaa,Latin,194,739,2.0051546391752577,1.563,3,True,False,False,True,True
ArefRuqaa-Bold.ttf,Aref Ruqaa,Arabic,114,739,1.9298245614035088,1.563,3,True,False,False,True,True
ArefRuqaa-Regular.ttf,Aref Ruqaa,Latin,194,739,2.0051546391752577,1.563,3,True,False,False,True,True
ArefRuqaa-Regular.ttf,Aref Ruqaa,Arabic,114,739,1.9298245614035088,1.563,3,True,False,False,True,True
ArefRuqaaInk-Bold.ttf,Aref Ruqaa Ink,Latin,194,1189,2.149484536082474,1.563,4,True,False,True,True,True
ArefRuqaaInk-Bold.ttf,Aref Ruqaa Ink,Arabic,114,1189,2.0701754385964914,1.563,4,True,False,True,True,True
ArefRuqaaInk-Regular.ttf,Aref Ruqaa Ink,Latin,194,1192,2.149484536082474,1.563,4,True,False,True,True,True
ArefRuqaaInk-Regular.ttf,Aref Ruqaa Ink,Arabic,114,1192,2.0701754385964914,1.563,4,True,False,True,True,True
AreYouSerious-Regular.ttf,Are You Serious,Latin,316,629,1.4462025316455696,1.2,2,False,False,True,True,False
Arima[wght].ttf,Arima Thin,Latin,309,1393,2.488673139158576,1.633,3,False,True,True,True,False
Arima[wght].ttf,Arima Thin,Tamil,72,1393,2.388888888888889,1.633,3,False,True,True,True,False
Arizonia-Regular.ttf,Arizonia,Latin,318,652,1.4433962264150944,1.25,2,False,False,True,True,False
Armata-Regular.ttf,Armata,Latin,336,427,1.0,1.25,0,False,False,False,False,False
"AROneSans[ARRR,wght].ttf",AR One Sans,Latin,313,586,1.293929712460064,1.36,1,False,False,False,True,False
Arsenal-Bold.ttf,Arsenal,Latin,281,1041,3.2419928825622777,1.254,2,False,False,True,True,False
Arsenal-Bold.ttf,Arsenal,Cyrillic,238,1041,3.2058823529411766,1.254,2,False,False,True,True,False
Arsenal-BoldItalic.ttf,Arsenal,Latin,281,1031,3.6903914590747333,1.254,2,False,False,True,True,False
Arsenal-BoldItalic.ttf,Arsenal,Cyrillic,238,1031,3.6470588235294117,1.254,2,False,False,True,True,False
Arsenal-Italic.ttf,Arsenal,Latin,281,1031,3.6903914590747333,1.254,2,False,False,True,True,False
Arsenal-Italic.ttf,Arsenal,Cyrillic,238,1031,3.6470588235294117,1.254,2,False,False,True,True,False
Arsenal-Regular.ttf,Arsenal,Latin,281,1041,3.2419928825622777,1.254,2,False,False,True,True,False
Arsenal-Regular.ttf,Arsenal,Cyrillic,238,1041,3.2058823529411766,1.254,2,False,False,True,True,False
ArsenalSC-Bold.ttf,Arsenal SC,Latin,281,1041,1.597864768683274,1.254,2,False,False,True,True,False
ArsenalSC-Bold.ttf,Arsenal SC,Cyrillic,238,1041,1.588235294117647,1.254,2,False,False,True,True,False
ArsenalSC-BoldItalic.ttf,Arsenal SC,Latin,281,1031,1.597864768683274,1.254,2,False,False,True,True,False
ArsenalSC-BoldItalic.ttf,Arsenal SC,Cyrillic,238,1031,1.588235294117647,1.254,2,False,False,True,True,False
ArsenalSC-Italic.ttf,Arsenal SC,Latin,281,1031,1.597864768683274,1.254,2,False,False,True,True,False
ArsenalSC-Italic.ttf,Arsenal SC,Cyrillic,238,1031,1.588235294117647,1.254,2,False,False,True,True,False
ArsenalSC-Regular.ttf,Arsenal SC,Latin,281,1041,1.597864768683274,1.254,2,False,False,True,True,False
ArsenalSC-Regular.ttf,Arsenal SC,Cyrillic,238,1041,1.588235294117647,1.254,2,False,False,True,True,False
Artifika-Regular.ttf,Artifika,Latin,196,239,1.0,1.216796875,1,False,False,False,True,False
Arvo-Bold.ttf,Arvo,Latin,197,222,1.0,1.04345703125,0,False,False,False,False,False
Arvo-BoldItalic.ttf,Arvo,Latin,198,224,1.0,1.04345703125,0,False,False,False,False,False
Arvo-Italic.ttf,Arvo,Latin,194,220,0.9948453608247423,1.04345703125,0,False,False,False,False,False
Arvo-Regular.ttf,Arvo,Latin,198,224,0.9949494949494949,1.04345703125,0,False,False,False,False,False
Arya-Bold.ttf,Arya,Latin,350,877,7.982857142857143,1.809,3,False,True,True,True,False
Arya-Bold.ttf,Arya,Devanagari,122,877,7.934426229508197,1.809,3,False,True,True,True,False
Arya-Regular.ttf,Arya,Latin,350,877,7.982857142857143,1.809,3,False,True,True,True,False
Arya-Regular.ttf,Arya,Devanagari,122,877,7.934426229508197,1.809,3,False,True,True,True,False
"Asap-Italic[wdth,wght].ttf",Asap,Latin,320,788,1.6,1.146,3,True,False,True,True,False
"Asap[wdth,wght].ttf",Asap,Latin,320,788,1.6,1.146,3,True,False,True,True,False
AsapCondensed-Black.ttf,Asap Condensed Black,Latin,321,790,1.5981308411214954,1.146,3,True,False,True,True,False
AsapCondensed-BlackItalic.ttf,Asap Condensed Condensed Black,Latin,321,790,1.7476635514018692,1.146,3,True,False,True,True,False
AsapCondensed-Bold.ttf,Asap Condensed,Latin,321,790,1.5981308411214954,1.146,3,True,False,True,True,False
AsapCondensed-BoldItalic.ttf,Asap Condensed,Latin,321,790,1.7476635514018692,1.146,3,True,False,True,True,False
AsapCondensed-ExtraBold.ttf,Asap Condensed ExtraBold,Latin,321,790,1.5981308411214954,1.146,3,True,False,True,True,False
AsapCondensed-ExtraBoldItalic.ttf,Asap Condensed Condensed ExtraBold,Latin,321,790,1.7476635514018692,1.146,3,True,False,True,True,False
AsapCondensed-ExtraLight.ttf,Asap Condensed ExtraLight,Latin,321,790,1.5981308411214954,1.146,3,True,False,True,True,False
AsapCondensed-ExtraLightItalic.ttf,Asap Condensed Condensed ExtraLight,Latin,321,790,1.7476635514018692,1.146,3,True,False,True,True,False
AsapCondensed-Italic.ttf,Asap Condensed Condensed Regular,Latin,321,790,1.7476635514018692,1.146,3,True,False,True,True,False
AsapCondensed-Light.ttf,Asap Condensed Light,Latin,321,790,1.5981308411214954,1.146,3,True,False,True,True,False
AsapCondensed-LightItalic.ttf,Asap Condensed Condensed Light,Latin,321,790,1.7476635514018692,1.146,3,True,False,True,True,False
AsapCondensed-Medium.ttf,Asap Condensed Medium,Latin,321,790,1.5981308411214954,1.146,3,True,False,True,True,False
AsapCondensed-MediumItalic.ttf,Asap Condensed Condensed Medium,Latin,321,790,1.7476635514018692,1.146,3,True,False,True,True,False
AsapCondensed-Regular.ttf,Asap Condensed,Latin,321,790,1.5981308411214954,1.146,3,True,False,True,True,False
AsapCondensed-SemiBold.ttf,Asap Condensed SemiBold,Latin,321,790,1.5981308411214954,1.146,3,True,False,True,True,False
AsapCondensed-SemiBoldItalic.ttf,Asap Condensed Condensed SemiBold,Latin,321,790,1.7476635514018692,1.146,3,True,False,True,True,False
Asar-Regular.ttf,Asar,Latin,321,1358,12.062305295950155,1.753,2,False,True,False,True,False
Asar-Regular.ttf,Asar,Devanagari,127,1358,12.070866141732283,1.753,2,False,True,False,True,False
Asimovian-Regular.ttf,Asimovian,Latin,296,603,1.1486486486486487,1.3,1,False,False,False,True,False
Asset-Regular.ttf,Asset,Latin,309,525,1.2977346278317152,1.25,1,False,False,False,True,False
Assistant[wght].ttf,Assistant ExtraLight,Latin,228,547,1.2982456140350878,1.508,3,False,False,True,True,True
AstaSans[wght].ttf,Asta Sans Light,Latin,120,12211,1.4166666666666667,1.193,3,True,False,True,True,False
Astloch-Bold.ttf,Astloch,Latin,194,212,1.0,1.0517578125,0,False,False,False,False,False
Astloch-Regular.ttf,Astloch,Latin,194,212,1.0,1.0517578125,0,False,False,False,False,False
Asul-Bold.ttf,Asul,Latin,213,244,1.0,1.213,0,False,False,False,False,False
Asul-Regular.ttf,Asul,Latin,213,244,1.0,1.213,0,False,False,False,False,False
Athiti-Bold.ttf,Athiti,Latin,320,773,2.05,1.2,2,False,False,True,True,False
Athiti-ExtraLight.ttf,Athiti,Latin,320,773,2.05,1.2,2,False,False,True,True,False
Athiti-Light.ttf,Athiti,Latin,320,773,2.05,1.2,2,False,False,True,True,False
Athiti-Medium.ttf,Athiti,Latin,320,773,2.05,1.2,2,False,False,True,True,False
Athiti-Regular.ttf,Athiti,Latin,320,773,2.05,1.2,2,False,False,True,True,False
Athiti-SemiBold.ttf,Athiti,Latin,320,773,2.05,1.2,2,False,False,True,True,False
AtkinsonHyperlegible-Bold.ttf,Atkinson Hyperlegible,Latin,276,369,1.1485507246376812,1.24,1,False,False,False,True,False
AtkinsonHyperlegible-BoldItalic.ttf,Atkinson Hyperlegible,Latin,276,368,1.1485507246376812,1.24,1,False,False,False,True,False
AtkinsonHyperlegible-Italic.ttf,Atkinson Hyperlegible,Latin,276,368,1.1485507246376812,1.24,1,False,False,False,True,False
AtkinsonHyperlegible-Regular.ttf,Atkinson Hyperlegible,Latin,276,369,1.1485507246376812,1.24,1,False,False,False,True,False
AtkinsonHyperlegibleMono-Italic[wght].ttf,Atkinson Hyperlegible Mono ExtraLight,Latin,282,380,1.148936170212766,1.3,1,False,False,False,True,False
AtkinsonHyperlegibleMono[wght].ttf,Atkinson Hyperlegible Mono ExtraLight,Latin,282,380,1.148936170212766,1.3,1,False,False,False,True,False
AtkinsonHyperlegibleNext-Italic[wght].ttf,Atkinson Hyperlegible Next,Latin,282,392,1.148936170212766,1.3,1,False,False,False,True,False
AtkinsonHyperlegibleNext[wght].ttf,Atkinson Hyperlegible Next,Latin,282,392,1.148936170212766,1.3,1,False,False,False,True,False
Atma-Bold.ttf,Atma,Latin,278,760,4.539568345323741,1.619,3,True,True,False,True,False
Atma-Bold.ttf,Atma,Bengali,91,760,4.428571428571429,1.619,3,True,True,False,True,False
Atma-Light.ttf,Atma,Latin,278,760,4.539568345323741,1.619,3,True,True,False,True,False
Atma-Light.ttf,Atma,Bengali,91,760,4.428571428571429,1.619,3,True,True,False,True,False
Atma-Medium.ttf,Atma,Latin,278,760,4.539568345323741,1.619,3,True,True,False,True,False
Atma-Medium.ttf,Atma,Bengali,91,760,4.428571428571429,1.619,3,True,True,False,True,False
Atma-Regular.ttf,Atma,Latin,278,760,4.539568345323741,1.619,3,True,True,False,True,False
Atma-Regular.ttf,Atma,Bengali,91,760,4.428571428571429,1.619,3,True,True,False,True,False
Atma-SemiBold.ttf,Atma,Latin,278,760,4.539568345323741,1.619,3,True,True,False,True,False
Atma-SemiBold.ttf,Atma,Bengali,91,760,4.428571428571429,1.619,3,True,True,False,True,False
AtomicAge-Regular.ttf,Atomic Age,Latin,328,559,1.7469512195121952,1.34130859375,2,False,False,True,False,True
Aubrey-Regular.ttf,Aubrey,Latin,196,231,1.1479591836734695,1.042,0,False,False,False,False,False
Audiowide-Regular.ttf,Audiowide,Latin,318,369,1.1477987421383649,1.27490234375,1,False,False,True,False,False
AutourOne-Regular.ttf,Autour One,Latin,342,434,1.0,1.25,0,False,False,False,False,False
Average-Regular.ttf,Average,Latin,317,447,1.444794952681388,1.216,2,False,False,True,True,False
AverageSans-Regular.ttf,Average Sans,Latin,317,423,1.1482649842271293,1.296,1,False,False,True,False,False
AveriaGruesaLibre-Regular.ttf,Averia Gruesa Libre,Latin,203,234,1.0,1.193359375,0,False,False,False,False,False
AveriaLibre-Bold.ttf,Averia Libre,Latin,203,234,1.0,1.193359375,0,False,False,False,False,False
AveriaLibre-BoldItalic.ttf,Averia Libre,Latin,203,234,1.0,1.193359375,0,False,False,False,False,False
AveriaLibre-Italic.ttf,Averia Libre,Latin,203,234,1.0,1.193359375,0,False,False,False,False,False
AveriaLibre-Light.ttf,Averia Libre,Latin,203,234,1.0,1.193359375,0,False,False,False,False,False
AveriaLibre-LightItalic.ttf,Averia Libre,Latin,203,234,1.0,1.193359375,0,False,False,False,False,False
AveriaLibre-Regular.ttf,Averia Libre,Latin,203,234,1.0,1.193359375,0,False,False,False,False,False
AveriaSansLibre-Bold.ttf,Averia Sans Libre,Latin,203,234,1.0,1.2373046875,0,False,False,False,False,False
AveriaSansLibre-BoldItalic.ttf,Averia Sans Libre,Latin,203,234,1.0,1.2373046875,0,False,False,False,False,False
AveriaSansLibre-Italic.ttf,Averia Sans Libre,Latin,203,234,1.0,1.2373046875,0,False,False,False,False,False
AveriaSansLibre-Light.ttf,Averia Sans Libre,Latin,203,234,1.0,1.2373046875,0,False,False,False,False,False
AveriaSansLibre-LightItalic.ttf,Averia Sans Libre,Latin,203,234,1.0,1.2373046875,0,False,False,False,False,False
AveriaSansLibre-Regular.ttf,Averia Sans Libre,Latin,203,234,1.0,1.2373046875,0,False,False,False,False,False
AveriaSerifLibre-Bold.ttf,Averia Serif Libre,Latin,203,234,1.0,1.08984375,0,False,False,False,False,False
AveriaSerifLibre-BoldItalic.ttf,Averia Serif Libre,Latin,203,234,1.0,1.08984375,0,False,False,False,False,False
AveriaSerifLibre-Italic.ttf,Averia Serif Libre,Latin,203,234,1.0,1.08984375,0,False,False,False,False,False
AveriaSerifLibre-Light.ttf,Averia Serif Libre,Latin,203,234,1.0,1.08984375,0,False,False,False,False,False
AveriaSerifLibre-LightItalic.ttf,Averia Serif Libre,Latin,203,234,1.0,1.08984375,0,False,False,False,False,False
AveriaSerifLibre-Regular.ttf,Averia Serif Libre,Latin,203,234,1.0,1.08984375,0,False,False,False,False,False
AzeretMono-Italic[wght].ttf,Azeret Mono Thin,Latin,319,646,1.7366771159874608,1.167,4,True,False,True,True,True
AzeretMono[wght].ttf,Azeret Mono Thin,Latin,319,646,1.7366771159874608,1.167,4,True,False,True,True,True
B612-Bold.ttf,B612,Latin,197,593,1.0,1.215,0,False,False,False,False,False
B612-BoldItalic.ttf,B612,Latin,197,593,1.0,1.215,0,False,False,False,False,False
B612-Italic.ttf,B612,Latin,197,593,1.0,1.215,0,False,False,False,False,False
B612-Regular.ttf,B612,Latin,197,593,1.0,1.215,0,False,False,False,False,False
B612Mono-Bold.ttf,B612 Mono,Latin,197,590,1.0,1.215,0,False,False,False,False,False
B612Mono-BoldItalic.ttf,B612 Mono,Latin,197,590,1.0,1.215,0,False,False,False,False,False
B612Mono-Italic.ttf,B612 Mono,Latin,197,590,1.0,1.215,0,False,False,False,False,False
B612Mono-Regular.ttf,B612 Mono,Latin,197,590,1.0,1.215,0,False,False,False,False,False
Babylonica-Regular.ttf,Babylonica,Latin,316,651,1.4462025316455696,1.325,2,False,False,True,True,False
BacasimeAntique-Regular.ttf,Bacasime Antique,Latin,195,275,0.9948717948717949,1.06982421875,0,False,False,False,False,False
BadeenDisplay-Regular.ttf,Badeen Display,Latin,276,733,1.7427536231884058,1.4,4,True,False,True,True,True
BadeenDisplay-Regular.ttf,Badeen Display,Arabic,107,733,1.7476635514018692,1.4,4,True,False,True,True,True
BadScript-Regular.ttf,Bad Script,Latin,314,801,1.5987261146496816,1.972,3,True,False,True,True,False
BadScript-Regular.ttf,Bad Script,Cyrillic,198,801,1.5858585858585859,1.972,3,True,False,True,True,False
BagelFatOne-Regular.ttf,Bagel Fat One,Latin,198,3121,1.2878787878787878,1.0,2,False,False,True,True,False
Bahiana-Regular.ttf,Bahiana,Latin,321,499,3.691588785046729,1.15,3,True,False,True,True,False
Bahianita-Regular.ttf,Bahianita,Latin,321,1234,8.77570093457944,1.2,3,True,False,True,True,False
BaiJamjuree-Bold.ttf,Bai Jamjuree,Latin,319,773,2.1786833855799372,1.25,2,False,False,True,True,False
BaiJamjuree-BoldItalic.ttf,Bai Jamjuree,Latin,319,773,2.1786833855799372,1.25,2,False,False,True,True,False
BaiJamjuree-ExtraLight.ttf,Bai Jamjuree,Latin,319,773,2.1786833855799372,1.25,2,False,False,True,True,False
BaiJamjuree-ExtraLightItalic.ttf,Bai Jamjuree,Latin,319,773,2.1786833855799372,1.25,2,False,False,True,True,False
BaiJamjuree-Italic.ttf,Bai Jamjuree,Latin,319,773,2.1786833855799372,1.25,2,False,False,True,True,False
BaiJamjuree-Light.ttf,Bai Jamjuree,Latin,319,773,2.1786833855799372,1.25,2,False,False,True,True,False
BaiJamjuree-LightItalic.ttf,Bai Jamjuree,Latin,319,773,2.1786833855799372,1.25,2,False,False,True,True,False
BaiJamjuree-Medium.ttf,Bai Jamjuree,Latin,319,773,2.1786833855799372,1.25,2,False,False,True,True,False
BaiJamjuree-MediumItalic.ttf,Bai Jamjuree,Latin,319,773,2.1786833855799372,1.25,2,False,False,True,True,False
BaiJamjuree-Regular.ttf,Bai Jamjuree,Latin,319,773,2.1786833855799372,1.25,2,False,False,True,True,False
BaiJamjuree-SemiBold.ttf,Bai Jamjuree,Latin,319,773,2.1786833855799372,1.25,2,False,False,True,True,False
BaiJamjuree-SemiBoldItalic.ttf,Bai Jamjuree,Latin,319,773,2.1786833855799372,1.25,2,False,False,True,True,False
BakbakOne-Regular.ttf,Bakbak One,Latin,321,1081,3.542056074766355,1.4,2,False,True,False,True,False
BakbakOne-Regular.ttf,Bakbak One,Devanagari,76,1081,3.460526315789474,1.4,2,False,True,False,True,False
Ballet[opsz].ttf,Ballet,Latin,316,914,1.4462025316455696,1.9,2,False,False,True,True,False
Baloo2[wght].ttf,Baloo 2,Latin,320,1601,3.55,1.602,3,False,True,True,True,False
Baloo2[wght].ttf,Baloo 2,Devanagari,129,1601,3.503875968992248,1.602,3,False,True,True,True,False
BalooBhai2[wght].ttf,Baloo Bhai 2,Latin,320,1292,2.65,1.622,3,False,True,True,True,False
BalooBhaijaan2[wght].ttf,Baloo Bhaijaan 2,Latin,320,1278,1.9,1.712,4,True,False,True,True,True
BalooBhaijaan2[wght].ttf,Baloo Bhaijaan 2,Arabic,164,1278,1.8780487804878048,1.712,4,True,False,True,True,True
BalooBhaina2[wght].ttf,Baloo Bhaina 2,Latin,320,1190,2.8,2.012,4,True,True,True,True,False
BalooChettan2[wght].ttf,Baloo Chettan 2,Latin,320,1017,1.9,1.47,2,False,True,True,False,False
BalooDa2[wght].ttf,Baloo Da 2,Latin,321,1264,3.2429906542056073,1.684,4,True,True,True,True,False
BalooDa2[wght].ttf,Baloo Da 2,Bengali,88,1264,3.215909090909091,1.684,4,True,True,True,True,False
BalooPaaji2[wght].ttf,Baloo Paaji 2,Latin,320,966,2.65,1.771,3,False,True,True,True,False
BalooTamma2[wght].ttf,Baloo Tamma 2,Latin,320,1278,2.5,1.751,3,False,True,True,True,False
BalooTammudu2[wght].ttf,Baloo Tammudu 2,Latin,320,1508,2.2,2.296,3,False,True,True,True,False
BalooTammudu2[wght].ttf,Baloo Tammudu 2,Telugu,88,1508,2.1818181818181817,2.296,3,False,True,True,True,False
BalooThambi2[wght].ttf,Baloo Thambi 2,Latin,320,983,1.75,1.564,2,False,True,True,False,False
BalooThambi2[wght].ttf,Baloo Thambi 2,Tamil,72,983,1.6944444444444444,1.564,2,False,True,True,False,False
BalsamiqSans-Bold.ttf,Balsamiq Sans,Latin,319,1003,1.2946708463949843,1.2,2,False,False,True,True,False
BalsamiqSans-Bold.ttf,Balsamiq Sans,Cyrillic,210,1003,1.2952380952380953,1.2,2,False,False,True,True,False
BalsamiqSans-BoldItalic.ttf,Balsamiq Sans,Latin,319,1003,1.2946708463949843,1.2,2,False,False,True,True,False
BalsamiqSans-BoldItalic.ttf,Balsamiq Sans,Cyrillic,210,1003,1.2952380952380953,1.2,2,False,False,True,True,False
BalsamiqSans-Italic.ttf,Balsamiq Sans,Latin,319,1003,1.2946708463949843,1.2,2,False,False,True,True,False
BalsamiqSans-Italic.ttf,Balsamiq Sans,Cyrillic,210,1003,1.2952380952380953,1.2,2,False,False,True,True,False
BalsamiqSans-Regular.ttf,Balsamiq Sans,Latin,319,1003,1.2946708463949843,1.2,2,False,False,True,True,False
BalsamiqSans-Regular.ttf,Balsamiq Sans,Cyrillic,210,1003,1.2952380952380953,1.2,2,False,False,True,True,False
Balthazar-Regular.ttf,Balthazar,Latin,200,248,1.0,1.018,0,False,False,False,False,False
Bangers-Regular.ttf,Bangers,Latin,319,597,1.2946708463949843,1.064,1,False,False,False,True,False
Barlow-Black.ttf,Barlow,Latin,312,694,3.358974358974359,1.2,2,False,False,True,True,False
Barlow-BlackItalic.ttf,Barlow,Latin,312,694,3.358974358974359,1.2,2,False,False,True,True,False
Barlow-Bold.ttf,Barlow,Latin,312,694,3.358974358974359,1.2,2,False,False,True,True,False
Barlow-BoldItalic.ttf,Barlow,Latin,312,694,3.358974358974359,1.2,2,False,False,True,True,False
Barlow-ExtraBold.ttf,Barlow,Latin,312,694,3.358974358974359,1.2,2,False,False,True,True,False
Barlow-ExtraBoldItalic.ttf,Barlow,Latin,312,694,3.358974358974359,1.2,2,False,False,True,True,False
Barlow-ExtraLight.ttf,Barlow,Latin,312,694,3.358974358974359,1.2,2,False,False,True,True,False
Barlow-ExtraLightItalic.ttf,Barlow,Latin,312,694,3.358974358974359,1.2,2,False,False,True,True,False
Barlow-Italic.ttf,Barlow,Latin,312,694,3.358974358974359,1.2,2,False,False,True,True,False
Barlow-Light.ttf,Barlow,Latin,312,694,3.358974358974359,1.2,2,False,False,True,True,False
Barlow-LightItalic.ttf,Barlow,Latin,312,694,3.358974358974359,1.2,2,False,False,True,True,False
Barlow-Medium.ttf,Barlow,Latin,312,694,3.358974358974359,1.2,2,False,False,True,True,False
Barlow-MediumItalic.ttf,Barlow,Latin,312,694,3.358974358974359,1.2,2,False,False,True,True,False
Barlow-Regular.ttf,Barlow,Latin,312,694,3.358974358974359,1.2,2,False,False,True,True,False
Barlow-SemiBold.ttf,Barlow,Latin,312,694,3.358974358974359,1.2,2,False,False,True,True,False
Barlow-SemiBoldItalic.ttf,Barlow,Latin,312,694,3.358974358974359,1.2,2,False,False,True,True,False
Barlow-Thin.ttf,Barlow,Latin,312,694,3.358974358974359,1.2,2,False,False,True,True,False
Barlow-ThinItalic.ttf,Barlow,Latin,312,694,3.358974358974359,1.2,2,False,False,True,True,False
BarlowCondensed-Black.ttf,Barlow Condensed,Latin,312,694,3.358974358974359,1.2,2,False,False,True,True,False
BarlowCondensed-BlackItalic.ttf,Barlow Condensed,Latin,312,694,3.358974358974359,1.2,2,False,False,True,True,False
BarlowCondensed-Bold.ttf,Barlow Condensed,Latin,312,694,3.358974358974359,1.2,2,False,False,True,True,False
BarlowCondensed-BoldItalic.ttf,Barlow Condensed,Latin,312,694,3.358974358974359,1.2,2,False,False,True,True,False
BarlowCondensed-ExtraBold.ttf,Barlow Condensed,Latin,312,694,3.358974358974359,1.2,2,False,False,True,True,False
BarlowCondensed-ExtraBoldItalic.ttf,Barlow Condensed,Latin,312,694,3.358974358974359,1.2,2,False,False,True,True,False
BarlowCondensed-ExtraLight.ttf,Barlow Condensed,Latin,312,694,3.358974358974359,1.2,2,False,False,True,True,False
BarlowCondensed-ExtraLightItalic.ttf,Barlow Condensed,Latin,312,694,3.358974358974359,1.2,2,False,False,True,True,False
BarlowCondensed-Italic.ttf,Barlow Condensed,Latin,312,694,3.358974358974359,1.2,2,False,False,True,True,False
BarlowCondensed-Light.ttf,Barlow Condensed,Latin,312,694,3.358974358974359,1.2,2,False,False,True,True,False
BarlowCondensed-LightItalic.ttf,Barlow Condensed,Latin,312,694,3.358974358974359,1.2,2,False,False,True,True,False
BarlowCondensed-Medium.ttf,Barlow Condensed,Latin,312,694,3.358974358974359,1.2,2,False,False,True,True,False
BarlowCondensed-MediumItalic.ttf,Barlow Condensed,Latin,312,694,3.358974358974359,1.2,2,False,False,True,True,False
BarlowCondensed-Regular.ttf,Barlow Condensed,Latin,312,694,3.358974358974359,1.2,2,False,False,True,True,False
BarlowCondensed-SemiBold.ttf,Barlow Condensed,Latin,312,694,3.358974358974359,1.2,2,False,False,True,True,False
BarlowCondensed-SemiBoldItalic.ttf,Barlow Condensed,Latin,312,694,3.358974358974359,1.2,2,False,False,True,True,False
BarlowCondensed-Thin.ttf,Barlow Condensed,Latin,312,694,3.358974358974359,1.2,2,False,False,True,True,False
BarlowCondensed-ThinItalic.ttf,Barlow Condensed,Latin,312,694,3.358974358974359,1.2,2,False,False,True,True,False
BarlowSemiCondensed-Black.ttf,Barlow Semi Condensed,Latin,312,694,3.358974358974359,1.2,2,False,False,True,True,False
BarlowSemiCondensed-BlackItalic.ttf,Barlow Semi Condensed,Latin,312,694,3.358974358974359,1.2,2,False,False,True,True,False
BarlowSemiCondensed-Bold.ttf,Barlow Semi Condensed,Latin,312,694,3.358974358974359,1.2,2,False,False,True,True,False
BarlowSemiCondensed-BoldItalic.ttf,Barlow Semi Condensed,Latin,312,694,3.358974358974359,1.2,2,False,False,True,True,False
BarlowSemiCondensed-ExtraBold.ttf,Barlow Semi Condensed,Latin,312,694,3.358974358974359,1.2,2,False,False,True,True,False
BarlowSemiCondensed-ExtraBoldItalic.ttf,Barlow Semi Condensed,Latin,312,694,3.358974358974359,1.2,2,False,False,True,True,False
BarlowSemiCondensed-ExtraLight.ttf,Barlow Semi Condensed,Latin,312,694,3.358974358974359,1.2,2,False,False,True,True,False
BarlowSemiCondensed-ExtraLightItalic.ttf,Barlow Semi Condensed,Latin,312,694,3.358974358974359,1.2,2,False,False,True,True,False
BarlowSemiCondensed-Italic.ttf,Barlow Semi Condensed,Latin,312,694,3.358974358974359,1.2,2,False,False,True,True,False
BarlowSemiCondensed-Light.ttf,Barlow Semi Condensed,Latin,312,694,3.358974358974359,1.2,2,False,False,True,True,False
BarlowSemiCondensed-LightItalic.ttf,Barlow Semi Condensed,Latin,312,694,3.358974358974359,1.2,2,False,False,True,True,False
BarlowSemiCondensed-Medium.ttf,Barlow Semi Condensed,Latin,312,694,3.358974358974359,1.2,2,False,False,True,True,False
BarlowSemiCondensed-MediumItalic.ttf,Barlow Semi Condensed,Latin,312,694,3.358974358974359,1.2,2,False,False,True,True,False
BarlowSemiCondensed-Regular.ttf,Barlow Semi Condensed,Latin,312,694,3.358974358974359,1.2,2,False,False,True,True,False
BarlowSemiCondensed-SemiBold.ttf,Barlow Semi Condensed,Latin,312,694,3.358974358974359,1.2,2,False,False,True,True,False
BarlowSemiCondensed-SemiBoldItalic.ttf,Barlow Semi Condensed,Latin,312,694,3.358974358974359,1.2,2,False,False,True,True,False
BarlowSemiCondensed-Thin.ttf,Barlow Semi Condensed,Latin,312,694,3.358974358974359,1.2,2,False,False,True,True,False
BarlowSemiCondensed-ThinItalic.ttf,Barlow Semi Condensed,Latin,312,694,3.358974358974359,1.2,2,False,False,True,True,False
Barriecito-Regular.ttf,Barriecito,Latin,320,1234,8.8,1.2,3,True,False,True,True,False
Barrio-Regular.ttf,Barrio,Latin,321,499,3.691588785046729,1.127,3,True,False,True,True,False
Basic-Regular.ttf,Basic,Latin,330,463,1.0,1.25830078125,1,False,False,False,False,True
Baskervville-Italic[wght].ttf,Baskervville,Latin,299,548,1.7357859531772575,1.293,3,True,False,True,True,False
Baskervville[wght].ttf,Baskervville,Latin,299,707,1.4414715719063544,1.293,2,False,False,True,True,False
BaskervvilleSC[wght].ttf,Baskervville SC,Latin,299,707,1.4414715719063544,1.293,2,False,False,True,True,False
Batang-Regular.ttf,Batang,Latin,322,22772,1.0,1.0,0,False,False,False,False,False
Batang-Regular.ttf,Batang,Cyrillic,94,22772,1.0,1.0,0,False,False,False,False,False
Batang-Regular.ttf,Batang,Katakana,86,22772,1.0,1.0,0,False,False,False,False,False
Batang-Regular.ttf,Batang,Han,7744,22772,1.0,1.0,0,False,False,False,False,False
BatangChe-Regular.ttf,BatangChe,Latin,322,22772,1.0,1.0,0,False,False,False,False,False
BatangChe-Regular.ttf,BatangChe,Cyrillic,94,22772,1.0,1.0,0,False,False,False,False,False
BatangChe-Regular.ttf,BatangChe,Katakana,86,22772,1.0,1.0,0,False,False,False,False,False
BatangChe-Regular.ttf,BatangChe,Han,7744,22772,1.0,1.0,0,False,False,False,False,False
Battambang-Black.ttf,Battambang Black,Latin,98,360,1.2857142857142858,1.806640625,1,False,True,False,False,False
Battambang-Bold.ttf,Battambang,Latin,98,360,1.2857142857142858,1.806640625,1,False,True,False,False,False
Battambang-Light.ttf,Battambang Light,Latin,98,360,1.2857142857142858,1.806640625,1,False,True,False,False,False
Battambang-Regular.ttf,Battambang,Latin,98,360,1.2857142857142858,1.806640625,1,False,True,False,False,False
Battambang-Thin.ttf,Battambang Thin,Latin,98,360,1.2857142857142858,1.806640625,1,False,True,False,False,False
Baumans-Regular.ttf,Baumans,Latin,194,220,1.0,1.182,0,False,False,False,False,False
Bayon-Regular.ttf,Bayon,Latin,98,277,1.2857142857142858,1.806640625,1,False,True,False,False,False
BBHBartle-Regular.ttf,BBH Bartle,Latin,105,137,1.0,1.2,0,False,False,False,False,False
BBHBogle-Regular.ttf,BBH Bogle,Latin,105,137,1.0,1.2,0,False,False,False,False,False
BBHHegarty-Regular.ttf,BBH Hegarty,Latin,105,157,1.0,1.2,0,False,False,False,False,False
BeauRivage-Regular.ttf,Beau Rivage,Latin,316,1051,1.5949367088607596,1.34,3,True,False,True,True,False
BebasNeue-Regular.ttf,Bebas Neue,Latin,319,508,2.6206896551724137,1.2,1,False,False,False,True,False
Beiruti[wght].ttf,Beiruti,Latin,318,1459,1.8867924528301887,1.2,4,True,False,True,True,True
Beiruti[wght].ttf,Beiruti,Arabic,342,1459,1.894736842105263,1.2,4,True,False,True,True,True
Belanosima-Bold.ttf,Belanosima,Latin,202,265,1.0,1.3427734375,0,False,False,False,False,False
Belanosima-Regular.ttf,Belanosima,Latin,202,265,1.0,1.19189453125,0,False,False,False,False,False
Belanosima-SemiBold.ttf,Belanosima SemiBold,Latin,202,265,1.0,1.22509765625,0,False,False,False,False,False
Belgrano-Regular.ttf,Belgrano,Latin,198,230,1.0,1.268,0,False,False,False,False,False
Bellefair-Regular.ttf,Bellefair,Latin,321,483,2.794392523364486,1.146,4,True,False,True,True,True
Belleza-Regular.ttf,Belleza,Latin,317,425,1.5930599369085174,1.152,2,False,False,True,True,False
Bellota-Bold.ttf,Bellota,Latin,320,1308,5.95,1.258,2,False,False,True,True,False
Bellota-Bold.ttf,Bellota,Cyrillic,70,1308,5.7,1.258,2,False,False,True,True,False
Bellota-BoldItalic.ttf,Bellota,Latin,320,1308,5.95,1.258,2,False,False,True,True,False
Bellota-BoldItalic.ttf,Bellota,Cyrillic,70,1308,5.7,1.258,2,False,False,True,True,False
Bellota-Italic.ttf,Bellota,Latin,320,1308,5.95,1.258,2,False,False,True,True,False
Bellota-Italic.ttf,Bellota,Cyrillic,70,1308,5.7,1.258,2,False,False,True,True,False
Bellota-Light.ttf,Bellota,Latin,320,1308,5.95,1.258,2,False,False,True,True,False
Bellota-Light.ttf,Bellota,Cyrillic,70,1308,5.7,1.258,2,False,False,True,True,False
Bellota-LightItalic.ttf,Bellota,Latin,320,1308,5.95,1.258,2,False,False,True,True,False
Bellota-LightItalic.ttf,Bellota,Cyrillic,70,1308,5.7,1.258,2,False,False,True,True,False
Bellota-Regular.ttf,Bellota,Latin,320,1308,5.95,1.258,2,False,False,True,True,False
Bellota-Regular.ttf,Bellota,Cyrillic,70,1308,5.7,1.258,2,False,False,True,True,False
BellotaText-Bold.ttf,Bellota Text,Latin,320,1308,5.95,1.258,2,False,False,True,True,False
BellotaText-Bold.ttf,Bellota Text,Cyrillic,70,1308,5.7,1.258,2,False,False,True,True,False
BellotaText-BoldItalic.ttf,Bellota Text,Latin,320,1308,5.95,1.258,2,False,False,True,True,False
BellotaText-BoldItalic.ttf,Bellota Text,Cyrillic,70,1308,5.7,1.258,2,False,False,True,True,False
BellotaText-Italic.ttf,Bellota Text,Latin,320,1308,5.95,1.258,2,False,False,True,True,False
BellotaText-Italic.ttf,Bellota Text,Cyrillic,70,1308,5.7,1.258,2,False,False,True,True,False
BellotaText-Light.ttf,Bellota Text,Latin,320,1308,5.95,1.258,2,False,False,True,True,False
BellotaText-Light.ttf,Bellota Text,Cyrillic,70,1308,5.7,1.258,2,False,False,True,True,False
BellotaText-LightItalic.ttf,Bellota Text,Latin,320,1308,5.95,1.258,2,False,False,True,True,False
BellotaText-LightItalic.ttf,Bellota Text,Cyrillic,70,1308,5.7,1.258,2,False,False,True,True,False
BellotaText-Regular.ttf,Bellota Text,Latin,320,1308,5.95,1.258,2,False,False,True,True,False
BellotaText-Regular.ttf,Bellota Text,Cyrillic,70,1308,5.7,1.258,2,False,False,True,True,False
BenchNine-Bold.ttf,BenchNine,Latin,309,421,1.0,1.337890625,0,False,False,False,False,False
BenchNine-Light.ttf,BenchNine,Latin,306,417,1.0,1.337890625,0,False,False,False,False,False
BenchNine-Regular.ttf,BenchNine,Latin,309,422,1.1488673139158576,1.337890625,1,False,False,True,False,False
Benne-Regular.ttf,Benne,Latin,295,978,1.8949152542372882,1.0,2,False,True,True,False,False
Bentham-Regular.ttf,Bentham,Latin,292,318,1.1472602739726028,1.08984375,1,False,False,True,False,False
BerkshireSwash-Regular.ttf,Berkshire Swash,Latin,318,379,1.1477987421383649,1.2421875,1,False,False,True,False,False
Besley-Italic[wght].ttf,Besley,Latin,321,458,1.2990654205607477,1.675,3,True,False,True,True,False
Besley[wght].ttf,Besley,Latin,321,457,1.2990654205607477,1.675,3,True,False,True,True,False
BetaniaPatmos-Regular.ttf,Betania Patmos,Latin,195,1023,1.4461538461538461,1.3,3,True,False,True,True,False
BetaniaPatmosGDL-Regular.ttf,Betania Patmos GDL,Latin,195,1023,1.4461538461538461,1.3,3,True,False,True,True,False
BetaniaPatmosGuideLine-Regular.ttf,Betania Patmos GuideLine,Latin,195,1023,1.4461538461538461,1.3,3,True,False,True,True,False
BetaniaPatmosIn-Regular.ttf,Betania Patmos In,Latin,195,1023,1.4461538461538461,1.3,3,True,False,True,True,False
BetaniaPatmosInGDL-Regular.ttf,Betania Patmos In GDL,Latin,195,1023,1.4461538461538461,1.3,3,True,False,True,True,False
BethEllen-Regular.ttf,Beth Ellen,Latin,196,254,1.1479591836734695,2.22,1,False,False,True,False,False
Bevan-Italic.ttf,Bevan,Latin,319,729,1.4420062695924765,1.60693359375,2,False,False,True,True,False
Bevan-Regular.ttf,Bevan,Latin,319,729,1.4420062695924765,1.60693359375,2,False,False,True,True,False
BeVietnamPro-Black.ttf,Be Vietnam Pro Black,Latin,283,527,1.4452296819787986,1.265,2,False,False,True,True,False
BeVietnamPro-BlackItalic.ttf,Be Vietnam Pro Black,Latin,283,527,1.4452296819787986,1.265,2,False,False,True,True,False
BeVietnamPro-Bold.ttf,Be Vietnam Pro,Latin,283,527,1.4452296819787986,1.265,2,False,False,True,True,False
BeVietnamPro-BoldItalic.ttf,Be Vietnam Pro,Latin,283,527,1.4452296819787986,1.265,2,False,False,True,True,False
BeVietnamPro-ExtraBold.ttf,Be Vietnam Pro ExtraBold,Latin,283,527,1.4452296819787986,1.265,2,False,False,True,True,False
BeVietnamPro-ExtraBoldItalic.ttf,Be Vietnam Pro ExtraBold,Latin,283,527,1.4452296819787986,1.265,2,False,False,True,True,False
BeVietnamPro-ExtraLight.ttf,Be Vietnam Pro ExtraLight,Latin,283,527,1.4452296819787986,1.265,2,False,False,True,True,False
BeVietnamPro-ExtraLightItalic.ttf,Be Vietnam Pro ExtraLight,Latin,283,527,1.4452296819787986,1.265,2,False,False,True,True,False
BeVietnamPro-Italic.ttf,Be Vietnam Pro,Latin,283,527,1.4452296819787986,1.265,2,False,False,True,True,False
BeVietnamPro-Light.ttf,Be Vietnam Pro Light,Latin,283,527,1.4452296819787986,1.265,2,False,False,True,True,False
BeVietnamPro-LightItalic.ttf,Be Vietnam Pro Light,Latin,283,527,1.4452296819787986,1.265,2,False,False,True,True,False
BeVietnamPro-Medium.ttf,Be Vietnam Pro Medium,Latin,283,527,1.4452296819787986,1.265,2,False,False,True,True,False
BeVietnamPro-MediumItalic.ttf,Be Vietnam Pro Medium,Latin,283,527,1.4452296819787986,1.265,2,False,False,True,True,False
BeVietnamPro-Regular.ttf,Be Vietnam Pro,Latin,283,527,1.4452296819787986,1.265,2,False,False,True,True,False
BeVietnamPro-SemiBold.ttf,Be Vietnam Pro SemiBold,Latin,283,527,1.4452296819787986,1.265,2,False,False,True,True,False
BeVietnamPro-SemiBoldItalic.ttf,Be Vietnam Pro SemiBold,Latin,283,527,1.4452296819787986,1.265,2,False,False,True,True,False
BeVietnamPro-Thin.ttf,Be Vietnam Pro Thin,Latin,283,527,1.4452296819787986,1.265,2,False,False,True,True,False
BeVietnamPro-ThinItalic.ttf,Be Vietnam Pro Thin,Latin,283,527,1.4452296819787986,1.265,2,False,False,True,True,False
Bhavuka-Regular.ttf,Bhavuka,Latin,319,1023,3.2100313479623823,1.26,4,False,True,True,True,True
Bhavuka-Regular.ttf,Bhavuka,Devanagari,156,1023,3.2115384615384617,1.26,4,False,True,True,True,True
BhuTukaExpandedOne-Regular.ttf,BhuTuka Expanded One,Latin,292,628,2.030821917808219,1.008,3,False,True,True,True,False
BigelowRules-Regular.ttf,Bigelow Rules,Latin,318,371,1.1477987421383649,1.15869140625,1,False,False,True,False,False
BigshotOne-Regular.ttf,Bigshot One,Latin,195,218,1.0,1.048,0,False,False,False,False,False
"BigShoulders[opsz,wght].ttf",Big Shoulders Thin,Latin,315,1075,1.4476190476190476,1.2,2,False,False,True,True,False
BigShouldersDisplay[wght].ttf,Big Shoulders Display Thin,Latin,315,1074,1.596825396825397,1.197,2,False,False,True,True,False
BigShouldersDisplaySC[wght].ttf,Big Shoulders Display SC Thin,Latin,315,1074,1.596825396825397,1.197,2,False,False,True,True,False
"BigShouldersInline[opsz,wght].ttf",Big Shoulders Inline Thin,Latin,315,1075,1.4476190476190476,1.2,2,False,False,True,True,False
BigShouldersInlineDisplay[wght].ttf,Big Shoulders Inline Display Thin,Latin,315,1074,1.596825396825397,1.197,2,False,False,True,True,False
BigShouldersInlineDisplaySC[wght].ttf,Big Shoulders Inline Display SC Thin,Latin,315,1074,1.596825396825397,1.197,2,False,False,True,True,False
BigShouldersInlineText[wght].ttf,Big Shoulders Inline Text Thin,Latin,315,1074,1.596825396825397,1.197,2,False,False,True,True,False
BigShouldersInlineTextSC[wght].ttf,Big Shoulders Inline Text SC Thin,Latin,315,1074,1.596825396825397,1.197,2,False,False,True,True,False
"BigShouldersStencil[opsz,wght].ttf",Big Shoulders Stencil Thin,Latin,315,1075,1.4476190476190476,1.2,2,False,False,True,True,False
BigShouldersStencilDisplay[wght].ttf,Big Shoulders Stencil Display Thin,Latin,315,1074,1.596825396825397,1.197,2,False,False,True,True,False
BigShouldersStencilDisplaySC[wght].ttf,Big Shoulders Stencil Display SC Thin,Latin,315,1074,1.596825396825397,1.197,2,False,False,True,True,False
BigShouldersStencilText[wght].ttf,Big Shoulders Stencil Text Thin,Latin,315,1074,1.596825396825397,1.197,2,False,False,True,True,False
BigShouldersStencilTextSC[wght].ttf,Big Shoulders Stencil Text SC Thin,Latin,315,1074,1.596825396825397,1.197,2,False,False,True,True,False
BigShouldersText[wght].ttf,Big Shoulders Text Thin,Latin,315,1074,1.596825396825397,1.197,2,False,False,True,True,False
BigShouldersTextSC[wght].ttf,Big Shoulders Text SC Thin,Latin,315,1074,1.596825396825397,1.197,2,False,False,True,True,False
Bilbo-Regular.ttf,Bilbo,Latin,285,798,1.4421052631578948,1.25,2,False,False,True,True,False
BilboSwashCaps-Regular.ttf,Bilbo Swash Caps,Latin,200,248,1.0,1.25,0,False,False,False,False,False
"BioRhyme[wdth,wght].ttf",BioRhyme ExtraBold,Latin,296,494,1.445945945945946,1.549,2,False,False,True,True,False
BioRhymeExpanded-Bold.ttf,BioRhyme Expanded,Latin,287,466,2.64808362369338,1.549,2,False,False,True,True,False
BioRhymeExpanded-ExtraBold.ttf,BioRhyme Expanded,Latin,287,466,2.64808362369338,1.549,2,False,False,True,True,False
BioRhymeExpanded-ExtraLight.ttf,BioRhyme Expanded,Latin,287,466,2.64808362369338,1.549,2,False,False,True,True,False
BioRhymeExpanded-Light.ttf,BioRhyme Expanded,Latin,287,466,2.64808362369338,1.549,2,False,False,True,True,False
BioRhymeExpanded-Regular.ttf,BioRhyme Expanded,Latin,287,466,2.64808362369338,1.549,2,False,False,True,True,False
Birthstone-Regular.ttf,Birthstone,Latin,320,1770,1.75,1.36,3,True,False,True,True,False
BirthstoneBounce-Medium.ttf,Birthstone Bounce Medium,Latin,316,1466,1.8924050632911393,1.36,3,True,False,True,True,False
BirthstoneBounce-Regular.ttf,Birthstone Bounce,Latin,316,1466,1.8924050632911393,1.36,3,True,False,True,True,False
Biryani-Black.ttf,Biryani,Latin,293,878,8.924914675767917,1.765,3,False,True,True,True,False
Biryani-Black.ttf,Biryani,Devanagari,123,878,8.902439024390244,1.765,3,False,True,True,True,False
Biryani-Bold.ttf,Biryani,Latin,293,878,8.924914675767917,1.765,3,False,True,True,True,False
Biryani-Bold.ttf,Biryani,Devanagari,123,878,8.902439024390244,1.765,3,False,True,True,True,False
Biryani-ExtraBold.ttf,Biryani,Latin,293,878,8.924914675767917,1.765,3,False,True,True,True,False
Biryani-ExtraBold.ttf,Biryani,Devanagari,123,878,8.902439024390244,1.765,3,False,True,True,True,False
Biryani-ExtraLight.ttf,Biryani,Latin,293,868,8.924914675767917,1.765,3,False,True,True,True,False
Biryani-ExtraLight.ttf,Biryani,Devanagari,123,868,8.902439024390244,1.765,3,False,True,True,True,False
Biryani-Light.ttf,Biryani,Latin,293,878,8.924914675767917,1.765,3,False,True,True,True,False
Biryani-Light.ttf,Biryani,Devanagari,123,878,8.902439024390244,1.765,3,False,True,True,True,False
Biryani-Regular.ttf,Biryani,Latin,293,878,8.924914675767917,1.765,3,False,True,True,True,False
Biryani-Regular.ttf,Biryani,Devanagari,123,878,8.902439024390244,1.765,3,False,True,True,True,False
Biryani-SemiBold.ttf,Biryani,Latin,293,878,8.924914675767917,1.765,3,False,True,True,True,False
Biryani-SemiBold.ttf,Biryani,Devanagari,123,878,8.902439024390244,1.765,3,False,True,True,True,False
"Bitcount[CRSV,ELSH,ELXP,slnt,wght].ttf",Bitcount,Latin,313,1044,1.293929712460064,1.2,3,True,False,True,True,False
"BitcountGridDouble[CRSV,ELSH,ELXP,slnt,wght].ttf",Bitcount Grid Double,Latin,313,709,1.293929712460064,1.2,3,True,False,True,True,False
"BitcountGridDoubleInk[CRSV,ELSH,ELXP,SZP1,SZP2,XPN1,XPN2,YPN1,YPN2,slnt,wght].ttf",Bitcount Grid Double Ink,Latin,313,709,1.293929712460064,1.2,3,True,False,True,True,False
"BitcountGridSingle[CRSV,ELSH,ELXP,slnt,wght].ttf",Bitcount Grid Single,Latin,313,1187,1.293929712460064,1.2,3,True,False,True,True,False
"BitcountGridSingleInk[CRSV,ELSH,ELXP,SZP1,SZP2,XPN1,XPN2,YPN1,YPN2,slnt,wght].ttf",Bitcount Grid Single Ink,Latin,313,1187,1.293929712460064,1.2,3,True,False,True,True,False
"BitcountInk[CRSV,ELSH,ELXP,SZP1,SZP2,XPN1,XPN2,YPN1,YPN2,slnt,wght].ttf",Bitcount Ink,Latin,313,1044,1.293929712460064,1.2,3,True,False,True,True,False
"BitcountPropDouble[CRSV,ELSH,ELXP,slnt,wght].ttf",Bitcount Prop Double,Latin,313,1127,1.293929712460064,1.2,3,True,False,True,True,False
"BitcountPropDoubleInk[CRSV,ELSH,ELXP,SZP1,SZP2,XPN1,XPN2,YPN1,YPN2,slnt,wght].ttf",Bitcount Prop Double Ink,Latin,313,1127,1.293929712460064,1.2,3,True,False,True,True,False
"BitcountPropSingle[CRSV,ELSH,ELXP,slnt,wght].ttf",Bitcount Prop Single,Latin,313,1991,1.293929712460064,1.2,3,True,False,True,True,False
"BitcountPropSingleInk[CRSV,ELSH,ELXP,SZP1,SZP2,XPN1,XPN2,YPN1,YPN2,slnt,wght].ttf",Bitcount Prop Single Ink,Latin,313,1991,1.293929712460064,1.2,3,True,False,True,True,False
"BitcountSingle[CRSV,ELSH,ELXP,slnt,wght].ttf",Bitcount Single,Latin,313,1754,1.293929712460064,1.2,3,True,False,True,True,False
"BitcountSingleInk[CRSV,ELSH,ELXP,SZP1,SZP2,XPN1,XPN2,YPN1,YPN2,slnt,wght].ttf",Bitcount Single Ink,Latin,313,1754,1.293929712460064,1.2,3,True,False,True,True,False
Bitter-Italic[wght].ttf,Bitter Thin,Latin,320,1511,1.6,1.2,3,True,False,True,True,False
Bitter-Italic[wght].ttf,Bitter Thin,Cyrillic,240,1511,1.6,1.2,3,True,False,True,True,False
Bitter[wght].ttf,Bitter Thin,Latin,320,1542,1.6,1.2,3,True,False,True,True,False
Bitter[wght].ttf,Bitter Thin,Cyrillic,240,1542,1.6,1.2,3,True,False,True,True,False
BIZUDGothic-Bold.ttf,BIZ UDGothic,Latin,319,13932,3.652037617554859,1.0,1,False,False,True,False,False
BIZUDGothic-Bold.ttf,BIZ UDGothic,Cyrillic,94,13932,3.6808510638297873,1.0,1,False,False,True,False,False
BIZUDGothic-Bold.ttf,BIZ UDGothic,Katakana,112,13932,3.5714285714285716,1.0,1,False,False,True,False,False
BIZUDGothic-Bold.ttf,BIZ UDGothic,Han,10149,13932,3.6992807173120505,1.0,1,False,False,True,False,False
BIZUDGothic-Regular.ttf,BIZ UDGothic,Latin,319,13932,3.652037617554859,1.0,1,False,False,True,False,False
BIZUDGothic-Regular.ttf,BIZ UDGothic,Cyrillic,94,13932,3.6808510638297873,1.0,1,False,False,True,False,False
BIZUDGothic-Regular.ttf,BIZ UDGothic,Katakana,112,13932,3.5714285714285716,1.0,1,False,False,True,False,False
BIZUDGothic-Regular.ttf,BIZ UDGothic,Han,10149,13932,3.6992807173120505,1.0,1,False,False,True,False,False
BIZUDMincho-Bold.ttf,BIZ UDMincho,Latin,319,13932,3.652037617554859,1.0,1,False,False,True,False,False
BIZUDMincho-Bold.ttf,BIZ UDMincho,Cyrillic,94,13932,3.6808510638297873,1.0,1,False,False,True,False,False
BIZUDMincho-Bold.ttf,BIZ UDMincho,Katakana,112,13932,3.5714285714285716,1.0,1,False,False,True,False,False
BIZUDMincho-Bold.ttf,BIZ UDMincho,Han,10149,13932,3.6992807173120505,1.0,1,False,False,True,False,False
BIZUDMincho-Regular.ttf,BIZ UDMincho,Latin,319,13932,3.652037617554859,1.0,1,False,False,True,False,False
BIZUDMincho-Regular.ttf,BIZ UDMincho,Cyrillic,94,13932,3.6808510638297873,1.0,1,False,False,True,False,False
BIZUDMincho-Regular.ttf,BIZ UDMincho,Katakana,112,13932,3.5714285714285716,1.0,1,False,False,True,False,False
BIZUDMincho-Regular.ttf,BIZ UDMincho,Han,10149,13932,3.6992807173120505,1.0,1,False,False,True,False,False
BIZUDPGothic-Bold.ttf,BIZ UDPGothic,Latin,319,13932,3.652037617554859,1.0,1,False,False,True,False,False
BIZUDPGothic-Bold.ttf,BIZ UDPGothic,Cyrillic,94,13932,3.6808510638297873,1.0,1,False,False,True,False,False
BIZUDPGothic-Bold.ttf,BIZ UDPGothic,Katakana,112,13932,3.5714285714285716,1.0,1,False,False,True,False,False
BIZUDPGothic-Bold.ttf,BIZ UDPGothic,Han,10149,13932,3.6992807173120505,1.0,1,False,False,True,False,False
BIZUDPGothic-Regular.ttf,BIZ UDPGothic,Latin,319,13932,3.652037617554859,1.0,1,False,False,True,False,False
BIZUDPGothic-Regular.ttf,BIZ UDPGothic,Cyrillic,94,13932,3.6808510638297873,1.0,1,False,False,True,False,False
BIZUDPGothic-Regular.ttf,BIZ UDPGothic,Katakana,112,13932,3.5714285714285716,1.0,1,False,False,True,False,False
BIZUDPGothic-Regular.ttf,BIZ UDPGothic,Han,10149,13932,3.6992807173120505,1.0,1,False,False,True,False,False
BIZUDPMincho-Bold.ttf,BIZ UDPMincho,Latin,319,13932,3.652037617554859,1.0,1,False,False,True,False,False
BIZUDPMincho-Bold.ttf,BIZ UDPMincho,Cyrillic,94,13932,3.6808510638297873,1.0,1,False,False,True,False,False
BIZUDPMincho-Bold.ttf,BIZ UDPMincho,Katakana,112,13932,3.5714285714285716,1.0,1,False,False,True,False,False
BIZUDPMincho-Bold.ttf,BIZ UDPMincho,Han,10149,13932,3.6992807173120505,1.0,1,False,False,True,False,False
BIZUDPMincho-Regular.ttf,BIZ UDPMincho,Latin,319,13932,3.652037617554859,1.0,1,False,False,True,False,False
BIZUDPMincho-Regular.ttf,BIZ UDPMincho,Cyrillic,94,13932,3.6808510638297873,1.0,1,False,False,True,False,False
BIZUDPMincho-Regular.ttf,BIZ UDPMincho,Katakana,112,13932,3.5714285714285716,1.0,1,False,False,True,False,False
BIZUDPMincho-Regular.ttf,BIZ UDPMincho,Han,10149,13932,3.6992807173120505,1.0,1,False,False,True,False,False
BJCree-Bold.ttf,BJCree,Latin,207,732,1.0,1.2109375,1,False,False,False,False,True
BJCree-Medium.ttf,BJCree Medium,Latin,207,732,1.0,1.2109375,1,False,False,False,False,True
BJCree-Regular.ttf,BJCree,Latin,207,732,1.0,1.2109375,1,False,False,False,False,True
BJCree-SemiBold.ttf,BJCree SemiBold,Latin,207,732,1.0,1.2109375,1,False,False,False,False,True
BlackAndWhitePicture-Regular.ttf,Black And White Picture,Latin,97,11368,1.0,1.25,0,False,False,False,False,False
BlackHanSans-Regular.ttf,Black Han Sans,Latin,96,2734,1.0,1.25,0,False,False,False,False,False
BlackOpsOne-Regular.ttf,Black Ops One,Latin,318,760,1.5911949685534592,1.25,3,True,False,True,True,False
Blaka-Regular.ttf,Blaka,Latin,292,610,2.030821917808219,1.167,4,True,False,True,True,True
Blaka-Regular.ttf,Blaka,Arabic,219,610,2.0228310502283104,1.167,4,True,False,True,True,True
BlakaHollow-Regular.ttf,Blaka Hollow,Latin,292,610,2.030821917808219,1.167,4,True,False,True,True,True
BlakaHollow-Regular.ttf,Blaka Hollow,Arabic,219,610,2.0228310502283104,1.167,4,True,False,True,True,True
BlakaInk-Regular.ttf,Blaka Ink,Latin,292,1159,2.1780821917808217,1.167,4,True,False,True,True,True
BlakaInk-Regular.ttf,Blaka Ink,Arabic,219,1159,2.1689497716894977,1.167,4,True,False,True,True,True
Blinker-Black.ttf,Blinker Black,Latin,317,459,2.4826498422712935,1.2,1,False,False,True,False,False
Blinker-Bold.ttf,Blinker,Latin,317,459,2.4826498422712935,1.2,1,False,False,True,False,False
Blinker-ExtraBold.ttf,Blinker ExtraBold,Latin,317,459,2.4826498422712935,1.2,1,False,False,True,False,False
Blinker-ExtraLight.ttf,Blinker ExtraLight,Latin,317,459,2.4826498422712935,1.2,1,False,False,True,False,False
Blinker-Light.ttf,Blinker Light,Latin,317,459,2.4826498422712935,1.2,1,False,False,True,False,False
Blinker-Regular.ttf,Blinker,Latin,317,459,2.4826498422712935,1.2,1,False,False,True,False,False
Blinker-SemiBold.ttf,Blinker SemiBold,Latin,317,459,2.4826498422712935,1.2,1,False,False,True,False,False
Blinker-Thin.ttf,Blinker Thin,Latin,317,459,2.4826498422712935,1.2,1,False,False,True,False,False
"BodoniModa-Italic[opsz,wght].ttf",Bodoni Moda,Latin,319,563,1.5893416927899686,1.525,2,False,False,True,True,False
"BodoniModa[opsz,wght].ttf",Bodoni Moda,Latin,319,563,1.5893416927899686,1.525,2,False,False,True,True,False
"BodoniModaSC-Italic[opsz,wght].ttf",Bodoni Moda SC,Latin,319,563,1.5893416927899686,1.525,2,False,False,True,True,False
"BodoniModaSC[opsz,wght].ttf",Bodoni Moda SC,Latin,319,563,1.5893416927899686,1.525,2,False,False,True,True,False
Bokor-Regular.ttf,Bokor,Latin,98,360,1.2857142857142858,1.806640625,1,False,True,False,False,False
Boldonse-Regular.ttf,Boldonse,Latin,314,429,1.4490445859872612,1.92,2,False,False,True,True,False
BonaNova-Bold.ttf,Bona Nova,Latin,318,2136,2.4779874213836477,1.2,4,True,False,True,True,True
BonaNova-Bold.ttf,Bona Nova,Cyrillic,102,2136,2.4705882352941178,1.2,4,True,False,True,True,True
BonaNova-Bold.ttf,Bona Nova,Arabic,176,2136,2.477272727272727,1.2,4,True,False,True,True,True
BonaNova-Italic.ttf,Bona Nova,Latin,318,2242,2.4779874213836477,1.2,4,True,False,True,True,True
BonaNova-Italic.ttf,Bona Nova,Cyrillic,102,2242,2.4705882352941178,1.2,4,True,False,True,True,True
BonaNova-Italic.ttf,Bona Nova,Arabic,176,2242,2.477272727272727,1.2,4,True,False,True,True,True
BonaNova-Regular.ttf,Bona Nova,Latin,318,2136,2.4779874213836477,1.2,4,True,False,True,True,True
BonaNova-Regular.ttf,Bona Nova,Cyrillic,102,2136,2.4705882352941178,1.2,4,True,False,True,True,True
BonaNova-Regular.ttf,Bona Nova,Arabic,176,2136,2.477272727272727,1.2,4,True,False,True,True,True
BonaNovaSC-Bold.ttf,Bona Nova SC,Latin,318,2136,2.4779874213836477,1.2,4,True,False,True,True,True
BonaNovaSC-Bold.ttf,Bona Nova SC,Cyrillic,102,2136,2.4705882352941178,1.2,4,True,False,True,True,True
BonaNovaSC-Bold.ttf,Bona Nova SC,Arabic,176,2136,2.477272727272727,1.2,4,True,False,True,True,True
BonaNovaSC-Italic.ttf,Bona Nova SC,Latin,318,2242,2.4779874213836477,1.2,4,True,False,True,True,True
BonaNovaSC-Italic.ttf,Bona Nova SC,Cyrillic,102,2242,2.4705882352941178,1.2,4,True,False,True,True,True
BonaNovaSC-Italic.ttf,Bona Nova SC,Arabic,176,2242,2.477272727272727,1.2,4,True,False,True,True,True
BonaNovaSC-Regular.ttf,Bona Nova SC,Latin,318,2136,2.4779874213836477,1.2,4,True,False,True,True,True
BonaNovaSC-Regular.ttf,Bona Nova SC,Cyrillic,102,2136,2.4705882352941178,1.2,4,True,False,True,True,True
BonaNovaSC-Regular.ttf,Bona Nova SC,Arabic,176,2136,2.477272727272727,1.2,4,True,False,True,True,True
Bonbon-Regular.ttf,Bonbon,Latin,194,228,1.0,1.175,0,False,False,False,False,False
BonheurRoyale-Regular.ttf,Bonheur Royale,Latin,316,620,1.4462025316455696,1.16,2,False,False,True,True,False
Boogaloo-Regular.ttf,Boogaloo,Latin,230,294,1.0,1.189,0,False,False,False,False,False
Borel-Regular.ttf,Borel,Latin,198,1514,1.5858585858585859,2.0,3,True,False,True,True,False
BowlbyOne-Regular.ttf,Bowlby One,Latin,200,293,1.0,1.56640625,0,False,False,False,False,False
BowlbyOneSC-Regular.ttf,Bowlby One SC,Latin,264,375,1.0,1.525390625,0,False,False,False,False,False
BpmfHuninn-Regular.ttf,ㄅ注音粉圓,Latin,142,21535,1.0,1.12,0,False,False,False,False,False
BpmfHuninn-Regular.ttf,ㄅ注音粉圓,Katakana,88,21535,1.0,1.12,0,False,False,False,False,False
BpmfHuninn-Regular.ttf,ㄅ注音粉圓,Han,8245,21535,1.0,1.12,0,False,False,False,False,False
BpmfIansui-Regular.ttf,ㄅ注音芫荽,Latin,142,21830,1.0,1.12,0,False,False,False,False,False
BpmfIansui-Regular.ttf,ㄅ注音芫荽,Katakana,90,21830,1.0,1.12,0,False,False,False,False,False
BpmfIansui-Regular.ttf,ㄅ注音芫荽,Han,8370,21830,1.0,1.12,0,False,False,False,False,False
BpmfZihiKaiStd-Regular.ttf,ㄅ字嗨注音標楷,Latin,142,32996,1.0,1.12,0,False,False,False,False,False
BpmfZihiKaiStd-Regular.ttf,ㄅ字嗨注音標楷,Katakana,90,32996,1.0,1.12,0,False,False,False,False,False
BpmfZihiKaiStd-Regular.ttf,ㄅ字嗨注音標楷,Han,13435,32996,1.0,1.12,0,False,False,False,False,False
BraahOne-Regular.ttf,Braah One,Latin,318,803,3.069182389937107,1.4,3,False,True,True,True,False
Brawler-Bold.ttf,Brawler,Latin,196,242,1.0,1.219,0,False,False,False,False,False
Brawler-Regular.ttf,Brawler,Latin,196,242,1.0,1.219,0,False,False,False,False,False
BreeSerif-Regular.ttf,Bree Serif,Latin,320,416,1.0,1.358,0,False,False,False,False,False
"BricolageGrotesque[opsz,wdth,wght].ttf",Bricolage Grotesque 96pt ExtraBold,Latin,292,597,1.1472602739726028,1.2,1,False,False,False,True,False
BriemHand[wght].ttf,Briem Hand Thin,Latin,318,1386,1.7389937106918238,1.5,3,True,False,True,True,False
BriemHand[wght].ttf,Briem Hand Thin,Cyrillic,41,1386,1.4878048780487805,1.5,3,True,False,True,True,False
BrunoAce-Regular.ttf,Bruno Ace,Latin,317,384,1.444794952681388,1.206,1,False,False,True,False,False
BrunoAceSC-Regular.ttf,Bruno Ace SC,Latin,317,384,1.444794952681388,1.206,1,False,False,True,False,False
Brygada1918-Italic[wght].ttf,Brygada 1918,Latin,316,1488,1.5949367088607596,1.17,2,False,False,True,True,False
Brygada1918-Italic[wght].ttf,Brygada 1918,Cyrillic,130,1488,1.5846153846153845,1.17,2,False,False,True,True,False
Brygada1918[wght].ttf,Brygada 1918,Latin,316,1499,1.2974683544303798,1.17,2,False,False,True,True,False
Brygada1918[wght].ttf,Brygada 1918,Cyrillic,130,1499,1.2923076923076924,1.17,2,False,False,True,True,False
BubblegumSans-Regular.ttf,Bubblegum Sans,Latin,200,238,1.0,1.163,0,False,False,False,False,False
BubblerOne-Regular.ttf,Bubbler One,Latin,197,220,1.0,1.163,0,False,False,False,False,False
Buda-Light.ttf,Buda,Latin,191,216,1.0,1.25,0,False,False,False,False,False
Buenard[wght].ttf,Buenard,Latin,318,425,1.1477987421383649,1.301,1,False,False,False,True,False
Bungee-Regular.ttf,Bungee,Latin,317,1063,1.1451104100946372,1.32,2,False,False,True,True,False
BungeeColor-Regular.ttf,Bungee Color Regular,Latin,305,868,0.6131147540983607,1.2,0,False,False,False,False,False
BungeeHairline-Regular.ttf,Bungee Hairline,Latin,317,1063,1.1451104100946372,1.32,2,False,False,True,True,False
BungeeInline-Regular.ttf,Bungee Inline,Latin,317,1063,1.1451104100946372,1.32,2,False,False,True,True,False
BungeeOutline-Regular.ttf,Bungee Outline,Latin,317,1063,1.1451104100946372,1.32,2,False,False,True,True,False
BungeeShade-Regular.ttf,Bungee Shade,Latin,317,1063,1.1451104100946372,1.32,1,False,False,True,False,False
BungeeSpice-Regular.ttf,Bungee Spice,Latin,317,2126,1.1451104100946372,1.32,2,False,False,True,True,False
BungeeTint-Regular.ttf,Bungee Tint,Latin,317,2126,1.1451104100946372,1.32,2,False,False,True,True,False
Butcherman-Regular.ttf,Butcherman,Latin,297,332,0.9966329966329966,1.93505859375,0,False,False,False,False,False
ButterflyKids-Regular.ttf,Butterfly Kids,Latin,201,232,1.0,1.1923828125,0,False,False,False,False,False
Bytesized-Regular.ttf,Bytesized,Latin,283,328,1.1413427561837455,1.25,1,False,False,True,False,False
"Cabin-Italic[wdth,wght].ttf",Cabin,Latin,319,747,1.1473354231974922,1.215,1,False,False,False,True,False
"Cabin[wdth,wght].ttf",Cabin,Latin,319,747,1.2946708463949843,1.215,1,False,False,False,True,False
CabinCondensed-Bold.ttf,Cabin Condensed,Latin,319,747,2.6206896551724137,1.215,1,False,False,False,True,False
CabinCondensed-Medium.ttf,Cabin Condensed,Latin,319,747,2.6206896551724137,1.215,1,False,False,False,True,False
CabinCondensed-Regular.ttf,Cabin Condensed,Latin,319,747,2.6206896551724137,1.215,1,False,False,False,True,False
CabinCondensed-SemiBold.ttf,Cabin Condensed,Latin,319,747,2.6206896551724137,1.215,1,False,False,False,True,False
CabinSketch-Bold.ttf,Cabin Sketch,Latin,200,224,1.0,1.171,0,False,False,False,False,False
CabinSketch-Regular.ttf,Cabin Sketch,Latin,200,224,1.0,1.171,0,False,False,False,False,False
CactusClassicalSerif-Regular.ttf,仙人掌明體,Latin,319,58570,1.5830721003134796,1.0,2,False,False,True,True,False
CactusClassicalSerif-Regular.ttf,仙人掌明體,Cyrillic,150,58570,1.5866666666666667,1.0,2,False,False,True,True,False
CactusClassicalSerif-Regular.ttf,仙人掌明體,Katakana,112,58570,1.5714285714285714,1.0,2,False,False,True,True,False
CactusClassicalSerif-Regular.ttf,仙人掌明體,Han,54913,58570,1.5990749002968332,1.0,2,False,False,True,True,False
CaesarDressing-Regular.ttf,Caesar Dressing,Latin,200,229,1.0,1.2138671875,0,False,False,False,False,False
Cagliostro-Regular.ttf,Cagliostro,Latin,218,262,1.0,1.353,0,False,False,False,False,False
"Cairo[slnt,wght].ttf",Cairo,Latin,313,1956,2.0287539936102235,1.874,4,True,False,True,True,True
"Cairo[slnt,wght].ttf",Cairo,Arabic,297,1956,2.037037037037037,1.874,4,True,False,True,True,True
"CairoPlay[slnt,wght].ttf",Cairo Play,Latin,313,1956,2.0287539936102235,1.874,4,True,False,True,True,True
"CairoPlay[slnt,wght].ttf",Cairo Play,Arabic,297,1956,2.037037037037037,1.874,4,True,False,True,True,True
Caladea-Bold.ttf,Caladea,Latin,318,464,2.4779874213836477,1.15,1,False,False,False,True,False
Caladea-BoldItalic.ttf,Caladea,Latin,316,459,1.8924050632911393,1.15,2,False,False,True,True,False
Caladea-Italic.ttf,Caladea,Latin,316,459,1.8924050632911393,1.15,2,False,False,True,True,False
Caladea-Regular.ttf,Caladea,Latin,318,464,2.4779874213836477,1.15,1,False,False,False,True,False
Calistoga-Regular.ttf,Calistoga,Latin,317,1014,1.5930599369085174,1.3,3,True,False,True,True,False
CalSans-Regular.ttf,Cal Sans,Latin,304,647,1.2960526315789473,1.3,2,False,False,True,True,False
Cambay-Bold.ttf,Cambay,Latin,302,930,18.880794701986755,1.62875,3,False,True,True,True,False
Cambay-Bold.ttf,Cambay,Devanagari,124,930,18.419354838709676,1.62875,3,False,True,True,True,False
Cambay-BoldItalic.ttf,Cambay,Latin,302,930,18.880794701986755,1.62875,3,False,True,True,True,False
Cambay-BoldItalic.ttf,Cambay,Devanagari,124,930,18.419354838709676,1.62875,3,False,True,True,True,False
Cambay-Italic.ttf,Cambay,Latin,302,928,18.880794701986755,1.62875,3,False,True,True,True,False
Cambay-Italic.ttf,Cambay,Devanagari,125,928,18.28,1.62875,3,False,True,True,True,False
Cambay-Regular.ttf,Cambay,Latin,302,928,18.880794701986755,1.62875,3,False,True,True,True,False
Cambay-Regular.ttf,Cambay,Devanagari,125,928,18.28,1.62875,3,False,True,True,True,False
Cambo-Regular.ttf,Cambo,Latin,213,235,1.0,1.122,0,False,False,False,False,False
Candal.ttf,Candal,Latin,265,353,1.0,1.2978515625,0,False,False,False,False,False
Cantarell-Bold.ttf,Cantarell,Latin,318,391,1.0,1.416015625,0,False,False,False,False,False
Cantarell-BoldItalic.ttf,Cantarell,Latin,318,391,1.0,1.416015625,0,False,False,False,False,False
Cantarell-Italic.ttf,Cantarell,Latin,318,391,1.0,1.416015625,0,False,False,False,False,False
Cantarell-Regular.ttf,Cantarell,Latin,318,391,1.0,1.416015625,0,False,False,False,False,False
CantataOne-Regular.ttf,Cantata One,Latin,338,424,1.0,1.26953125,0,False,False,False,False,False
CantoraOne-Regular.ttf,Cantora One,Latin,318,470,1.1477987421383649,1.25,1,False,False,True,False,False
Caprasimo-Regular.ttf,Caprasimo,Latin,196,256,0.9948979591836735,0.86474609375,0,False,False,False,False,False
Capriola[wght].ttf,Capriola,Latin,316,579,1.2974683544303798,1.2685546875,2,False,False,True,True,False
Caramel-Regular.ttf,Caramel,Latin,317,1513,1.5930599369085174,1.2,2,False,False,True,True,False
Carattere-Regular.ttf,Carattere,Latin,316,635,1.4462025316455696,1.15,2,False,False,True,True,False
Cardo-Bold.ttf,Cardo,Latin,319,2993,0.9968652037617555,1.35400390625,1,False,False,False,False,True
Cardo-Bold.ttf,Cardo,Arabic,10,2993,1.0,1.35400390625,1,False,False,False,False,True
Cardo-Italic.ttf,Cardo,Latin,319,2387,1.29153605015674,1.35400390625,2,False,False,True,False,True
Cardo-Italic.ttf,Cardo,Arabic,10,2387,1.2,1.35400390625,2,False,False,True,False,True
Cardo-Regular.ttf,Cardo,Latin,319,3845,1.7335423197492164,1.35400390625,3,False,False,True,True,True
Cardo-Regular.ttf,Cardo,Arabic,10,3845,1.5,1.35400390625,3,False,False,True,True,True
Carlito-Bold.ttf,Carlito,Latin,320,2783,4.0,1.220703125,3,True,False,True,False,True
Carlito-Bold.ttf,Carlito,Cyrillic,274,2783,3.9927007299270074,1.220703125,3,True,False,True,False,True
Carlito-BoldItalic.ttf,Carlito,Latin,320,2782,4.0,1.220703125,3,True,False,True,False,True
Carlito-BoldItalic.ttf,Carlito,Cyrillic,274,2782,3.9927007299270074,1.220703125,3,True,False,True,False,True
Carlito-Italic.ttf,Carlito,Latin,320,2783,4.0,1.220703125,3,True,False,True,False,True
Carlito-Italic.ttf,Carlito,Cyrillic,274,2783,3.9927007299270074,1.220703125,3,True,False,True,False,True
Carlito-Regular.ttf,Carlito,Latin,320,2783,4.0,1.220703125,3,True,False,True,False,True
Carlito-Regular.ttf,Carlito,Cyrillic,274,2783,3.9927007299270074,1.220703125,3,True,False,True,False,True
Carme-Regular.ttf,Carme,Latin,178,217,1.0,1.20068359375,0,False,False,False,False,False
CarroisGothic-Regular.ttf,Carrois Gothic,Latin,233,264,1.0,1.192,0,False,False,False,False,False
CarroisGothicSC-Regular.ttf,Carrois Gothic SC,Latin,233,264,1.0,1.192,0,False,False,False,False,False
CarterOne.ttf,Carter One,Latin,204,271,0.9950980392156863,1.5400390625,0,False,False,False,False,False
CascadiaCode-Italic[wght].ttf,Cascadia Code,Latin,320,3076,1.3,1.162109375,2,True,False,False,True,False
CascadiaCode-Italic[wght].ttf,Cascadia Code,Cyrillic,126,3076,1.2857142857142858,1.162109375,2,True,False,False,True,False
CascadiaCode[wght].ttf,Cascadia Code,Latin,320,4319,2.2,1.162109375,4,True,False,True,True,True
CascadiaCode[wght].ttf,Cascadia Code,Cyrillic,126,4319,2.142857142857143,1.162109375,4,True,False,True,True,True
CascadiaCode[wght].ttf,Cascadia Code,Arabic,277,4319,2.184115523465704,1.162109375,4,True,False,True,True,True
CascadiaMono-Italic[wght].ttf,Cascadia Mono,Latin,320,3076,1.3,1.162109375,2,True,False,False,True,False
CascadiaMono-Italic[wght].ttf,Cascadia Mono,Cyrillic,126,3076,1.2857142857142858,1.162109375,2,True,False,False,True,False
CascadiaMono[wght].ttf,Cascadia Mono,Latin,320,4319,2.05,1.162109375,4,True,False,True,True,True
CascadiaMono[wght].ttf,Cascadia Mono,Cyrillic,126,4319,2.0,1.162109375,4,True,False,True,True,True
CascadiaMono[wght].ttf,Cascadia Mono,Arabic,277,4319,2.036101083032491,1.162109375,4,True,False,True,True,True
Castoro-Italic.ttf,Castoro,Latin,320,904,1.3,1.33,1,False,False,True,False,False
Castoro-Regular.ttf,Castoro,Latin,320,904,1.3,1.33,1,False,False,True,False,False
CastoroTitling-Regular.ttf,Castoro Titling,Latin,318,408,0.7169811320754716,1.33,0,False,False,False,False,False
Catamaran[wght].ttf,Catamaran Thin,Latin,278,462,1.4424460431654675,1.64,2,False,True,False,True,False
Catamaran[wght].ttf,Catamaran Thin,Tamil,72,462,1.4166666666666667,1.64,2,False,True,False,True,False
Caudex-Bold.ttf,Caudex,Latin,319,2017,1.0,1.2890625,1,False,False,False,False,True
Caudex-BoldItalic.ttf,Caudex,Latin,319,2017,1.0,1.2890625,1,False,False,False,False,True
Caudex-Italic.ttf,Caudex,Latin,319,2017,1.0,1.2890625,1,False,False,False,False,True
Caudex-Regular.ttf,Caudex,Latin,319,2017,1.0,1.2890625,1,False,False,False,False,True
Cause[wght].ttf,Cause,Latin,317,421,1.2965299684542586,1.2,2,False,False,True,True,False
Caveat[wght].ttf,Caveat,Latin,320,1034,1.45,1.26,3,True,False,True,True,False
Caveat[wght].ttf,Caveat,Cyrillic,236,1034,1.444915254237288,1.26,3,True,False,True,True,False
CaveatBrush-Regular.ttf,Caveat Brush,Latin,320,642,1.15,1.26,1,False,False,True,False,False
Cedarville-Cursive.ttf,Cedarville Cursive,Latin,308,355,1.0,1.896484375,0,False,False,False,False,False
CevicheOne-Regular.ttf,Ceviche One,Latin,201,249,1.0,1.043,0,False,False,False,False,False
ChakraPetch-Bold.ttf,Chakra Petch,Latin,319,773,2.1786833855799372,1.3,2,False,False,True,True,False
ChakraPetch-BoldItalic.ttf,Chakra Petch,Latin,319,773,2.1786833855799372,1.3,2,False,False,True,True,False
ChakraPetch-ExtraLight.ttf,Chakra Petch,Latin,319,773,2.1786833855799372,1.3,2,False,False,True,True,False
ChakraPetch-ExtraLightItalic.ttf,Chakra Petch,Latin,319,773,2.1786833855799372,1.3,2,False,False,True,True,False
ChakraPetch-Italic.ttf,Chakra Petch,Latin,319,773,2.1786833855799372,1.3,2,False,False,True,True,False
ChakraPetch-Light.ttf,Chakra Petch,Latin,319,773,2.1786833855799372,1.3,2,False,False,True,True,False
ChakraPetch-LightItalic.ttf,Chakra Petch,Latin,319,773,2.1786833855799372,1.3,2,False,False,True,True,False
ChakraPetch-Medium.ttf,Chakra Petch,Latin,319,773,2.1786833855799372,1.3,2,False,False,True,True,False
ChakraPetch-MediumItalic.ttf,Chakra Petch,Latin,319,773,2.1786833855799372,1.3,2,False,False,True,True,False
ChakraPetch-Regular.ttf,Chakra Petch,Latin,319,773,2.1786833855799372,1.3,2,False,False,True,True,False
ChakraPetch-SemiBold.ttf,Chakra Petch,Latin,319,773,2.1786833855799372,1.3,2,False,False,True,True,False
ChakraPetch-SemiBoldItalic.ttf,Chakra Petch,Latin,319,773,2.1786833855799372,1.3,2,False,False,True,True,False
Changa[wght].ttf,Changa,Latin,316,797,2.189873417721519,1.84,4,True,False,True,True,True
Changa[wght].ttf,Changa,Arabic,277,797,2.184115523465704,1.84,4,True,False,True,True,True
ChangaOne-Italic.ttf,Changa One,Latin,199,247,1.0,1.062,0,False,False,False,False,False
ChangaOne-Regular.ttf,Changa One,Latin,199,247,1.1457286432160805,1.062,1,False,False,True,False,False
Chango-Regular.ttf,Chango,Latin,219,273,1.0,1.211,0,False,False,False,False,False
CharisSIL-Bold.ttf,Charis SIL,Latin,318,3609,1.4433962264150944,1.6357421875,3,False,False,True,True,True
CharisSIL-Bold.ttf,Charis SIL,Cyrillic,268,3609,1.4477611940298507,1.6357421875,3,False,False,True,True,True
CharisSIL-BoldItalic.ttf,Charis SIL,Latin,318,3609,1.4433962264150944,1.6357421875,3,False,False,True,True,True
CharisSIL-BoldItalic.ttf,Charis SIL,Cyrillic,268,3609,1.4477611940298507,1.6357421875,3,False,False,True,True,True
CharisSIL-Italic.ttf,Charis SIL,Latin,318,3609,1.4433962264150944,1.6357421875,3,False,False,True,True,True
CharisSIL-Italic.ttf,Charis SIL,Cyrillic,268,3609,1.4477611940298507,1.6357421875,3,False,False,True,True,True
CharisSIL-Regular.ttf,Charis SIL,Latin,318,3609,1.4433962264150944,1.6357421875,3,False,False,True,True,True
CharisSIL-Regular.ttf,Charis SIL,Cyrillic,268,3609,1.4477611940298507,1.6357421875,3,False,False,True,True,True
Charm-Bold.ttf,Charm,Latin,319,798,3.06269592476489,1.549,2,False,False,True,True,False
Charm-Regular.ttf,Charm,Latin,319,798,3.06269592476489,1.549,2,False,False,True,True,False
Charmonman-Bold.ttf,Charmonman,Latin,319,816,3.06269592476489,1.9,3,True,False,True,True,False
Charmonman-Regular.ttf,Charmonman,Latin,319,816,3.06269592476489,1.9,3,True,False,True,True,False
Chathura-Bold.ttf,Chathura,Latin,103,1252,1.8737864077669903,1.622,1,False,True,False,False,False
Chathura-Bold.ttf,Chathura,Telugu,94,1252,1.8936170212765957,1.622,1,False,True,False,False,False
Chathura-ExtraBold.ttf,Chathura,Latin,103,1252,1.8737864077669903,1.622,1,False,True,False,False,False
Chathura-ExtraBold.ttf,Chathura,Telugu,94,1252,1.8936170212765957,1.622,1,False,True,False,False,False
Chathura-Light.ttf,Chathura,Latin,103,1252,1.8737864077669903,1.622,1,False,True,False,False,False
Chathura-Light.ttf,Chathura,Telugu,94,1252,1.8936170212765957,1.622,1,False,True,False,False,False
Chathura-Regular.ttf,Chathura,Latin,103,1252,1.8737864077669903,1.622,1,False,True,False,False,False
Chathura-Regular.ttf,Chathura,Telugu,94,1252,1.8936170212765957,1.622,1,False,True,False,False,False
Chathura-Thin.ttf,Chathura,Latin,103,1252,1.8737864077669903,1.622,1,False,True,False,False,False
Chathura-Thin.ttf,Chathura,Telugu,94,1252,1.8936170212765957,1.622,1,False,True,False,False,False
ChauPhilomeneOne-Italic.ttf,Chau Philomene One,Latin,198,329,1.1464646464646464,1.367,1,False,False,True,False,False
ChauPhilomeneOne-Regular.ttf,Chau Philomene One,Latin,198,329,1.1464646464646464,1.367,1,False,False,True,False,False
ChelaOne-Regular.ttf,Chela One,Latin,201,249,1.0,1.177,0,False,False,False,False,False
ChelseaMarket-Regular.ttf,Chelsea Market,Latin,200,228,1.0,1.2724609375,0,False,False,False,False,False
Chenla.ttf,Chenla,Latin,35,695,1.6285714285714286,1.95654296875,2,False,True,True,False,False
Cherish-Regular.ttf,Cherish,Latin,315,623,1.596825396825397,1.17,3,True,False,True,True,False
CherryBombOne-Regular.ttf,Cherry Bomb One,Latin,316,1140,1.4462025316455696,1.0,1,False,False,True,False,False
CherryBombOne-Regular.ttf,Cherry Bomb One,Katakana,96,1140,1.4375,1.0,1,False,False,True,False,False
CherrySwash-Bold.ttf,Cherry Swash,Latin,246,269,1.0,1.326,0,False,False,False,False,False
CherrySwash-Regular.ttf,Cherry Swash,Latin,246,269,1.0,1.326,0,False,False,False,False,False
Chicle-Regular.ttf,Chicle,Latin,200,237,1.0,1.209,0,False,False,False,False,False
Chilanka-Regular.ttf,Chilanka,Latin,202,906,2.3366336633663365,1.0986328125,2,False,True,False,True,False
ChironGoRoundTC[wght].ttf,Chiron GoRound TC ExtraLight,Latin,319,50706,17.50156739811912,1.18,3,True,False,True,True,False
ChironGoRoundTC[wght].ttf,Chiron GoRound TC ExtraLight,Cyrillic,236,50706,17.610169491525422,1.18,3,True,False,True,True,False
ChironGoRoundTC[wght].ttf,Chiron GoRound TC ExtraLight,Katakana,112,50706,17.0,1.18,3,True,False,True,True,False
ChironGoRoundTC[wght].ttf,Chiron GoRound TC ExtraLight,Han,30815,50706,17.73370111958462,1.18,3,True,False,True,True,False
ChironHeiHK-Italic[wght].ttf,Chiron Hei HK ExtraLight,Latin,319,51596,19.852664576802507,1.18,4,True,False,True,True,True
ChironHeiHK-Italic[wght].ttf,Chiron Hei HK ExtraLight,Cyrillic,156,51596,19.871794871794872,1.18,4,True,False,True,True,True
ChironHeiHK-Italic[wght].ttf,Chiron Hei HK ExtraLight,Katakana,112,51596,19.285714285714285,1.18,4,True,False,True,True,True
ChironHeiHK-Italic[wght].ttf,Chiron Hei HK ExtraLight,Han,31541,51596,20.126882470435305,1.18,4,True,False,True,True,True
ChironHeiHK[wght].ttf,Chiron Hei HK ExtraLight,Latin,319,52080,19.852664576802507,1.18,4,True,False,True,True,True
ChironHeiHK[wght].ttf,Chiron Hei HK ExtraLight,Cyrillic,156,52080,19.871794871794872,1.18,4,True,False,True,True,True
ChironHeiHK[wght].ttf,Chiron Hei HK ExtraLight,Katakana,112,52080,19.285714285714285,1.18,4,True,False,True,True,True
ChironHeiHK[wght].ttf,Chiron Hei HK ExtraLight,Han,31541,52080,20.126882470435305,1.18,4,True,False,True,True,True
ChironSungHK-Italic[wght].ttf,Chiron Sung HK ExtraLight,Latin,315,50660,26.11111111111111,1.18,3,True,False,True,True,False
ChironSungHK-Italic[wght].ttf,Chiron Sung HK ExtraLight,Cyrillic,150,50660,26.226666666666667,1.18,3,True,False,True,True,False
ChironSungHK-Italic[wght].ttf,Chiron Sung HK ExtraLight,Katakana,112,50660,25.571428571428573,1.18,3,True,False,True,True,False
ChironSungHK-Italic[wght].ttf,Chiron Sung HK ExtraLight,Han,31471,50660,26.682914429157,1.18,3,True,False,True,True,False
ChironSungHK[wght].ttf,Chiron Sung HK ExtraLight,Latin,319,51055,26.33542319749216,1.18,3,True,False,True,True,False
ChironSungHK[wght].ttf,Chiron Sung HK ExtraLight,Cyrillic,150,51055,26.226666666666667,1.18,3,True,False,True,True,False
ChironSungHK[wght].ttf,Chiron Sung HK ExtraLight,Katakana,112,51055,25.571428571428573,1.18,3,True,False,True,True,False
ChironSungHK[wght].ttf,Chiron Sung HK ExtraLight,Han,31471,51055,26.682914429157,1.18,3,True,False,True,True,False
Chivo-Italic[wght].ttf,Chivo Medium,Latin,320,874,1.45,1.19,3,False,False,True,True,True
Chivo[wght].ttf,Chivo Medium,Latin,319,875,1.4420062695924765,1.19,3,False,False,True,True,True
ChivoMono-Italic[wght].ttf,Chivo Mono Medium,Latin,319,872,1.4420062695924765,1.19,3,False,False,True,True,True
ChivoMono[wght].ttf,Chivo Mono Medium,Latin,320,873,1.45,1.19,3,False,False,True,True,True
ChocolateClassicalSans-Regular.ttf,朱古力黑體,Latin,319,36547,1.4357366771159874,1.0,3,False,False,True,True,True
ChocolateClassicalSans-Regular.ttf,朱古力黑體,Cyrillic,156,36547,1.4423076923076923,1.0,3,False,False,True,True,True
ChocolateClassicalSans-Regular.ttf,朱古力黑體,Katakana,111,36547,1.4324324324324325,1.0,3,False,False,True,True,True
ChocolateClassicalSans-Regular.ttf,朱古力黑體,Han,31553,36547,1.4241435045795963,1.0,3,False,False,True,True,True
Chokokutai-Regular.ttf,Chokokutai,Latin,318,980,1.4433962264150944,1.0,1,False,False,True,False,False
Chokokutai-Regular.ttf,Chokokutai,Katakana,94,980,1.446808510638298,1.0,1,False,False,True,False,False
Chonburi-Regular.ttf,Chonburi,Latin,320,769,2.95,1.2,2,False,False,True,True,False
Cinzel[wght].ttf,Cinzel,Latin,294,548,1.2891156462585034,1.348,3,True,False,True,True,False
CinzelDecorative-Black.ttf,Cinzel Decorative,Latin,292,353,1.0,1.348,0,False,False,False,False,False
CinzelDecorative-Bold.ttf,Cinzel Decorative,Latin,292,353,1.0,1.348,0,False,False,False,False,False
CinzelDecorative-Regular.ttf,Cinzel Decorative,Latin,292,353,1.0,1.348,0,False,False,False,False,False
ClickerScript-Regular.ttf,Clicker Script,Latin,318,372,1.1477987421383649,1.32080078125,1,False,False,True,False,False
ClimateCrisis[YEAR].ttf,Climate Crisis,Latin,319,3499,1.5893416927899686,1.33,3,True,False,True,True,False
ClimateCrisis[YEAR].ttf,Climate Crisis,Cyrillic,120,3499,1.6,1.33,3,True,False,True,True,False
Coda-ExtraBold.ttf,Coda,Latin,305,387,1.0,1.419921875,0,False,False,False,False,False
Coda-Regular.ttf,Coda,Latin,314,394,1.1496815286624205,1.419921875,1,False,False,True,False,False
Codystar-Light.ttf,Codystar,Latin,201,230,1.0,1.1796875,0,False,False,False,False,False
Codystar-Regular.ttf,Codystar,Latin,201,230,1.0,1.1796875,0,False,False,False,False,False
Coiny-Regular.ttf,Coiny,Latin,325,805,1.1476923076923078,1.6,2,False,True,False,True,False
Coiny-Regular.ttf,Coiny,Tamil,72,805,1.1388888888888888,1.6,2,False,True,False,True,False
Combo-Regular.ttf,Combo,Latin,315,406,1.0,1.176,0,False,False,False,False,False
Comfortaa[wght].ttf,Comfortaa,Latin,320,874,1.45,1.115,2,False,False,True,True,False
Comfortaa[wght].ttf,Comfortaa,Cyrillic,180,874,1.45,1.115,2,False,False,True,True,False
Comforter-Regular.ttf,Comforter,Latin,316,920,1.8924050632911393,1.41,3,True,False,True,True,False
Comforter-Regular.ttf,Comforter,Cyrillic,94,920,1.8936170212765957,1.41,3,True,False,True,True,False
ComforterBrush-Regular.ttf,Comforter Brush,Latin,316,923,1.8924050632911393,1.41,3,True,False,True,True,False
ComforterBrush-Regular.ttf,Comforter Brush,Cyrillic,94,923,1.8936170212765957,1.41,3,True,False,True,True,False
ComicNeue-Bold.ttf,Comic Neue,Latin,260,328,1.15,1.15,1,False,False,False,True,False
ComicNeue-BoldItalic.ttf,Comic Neue,Latin,266,344,1.1466165413533835,1.15,1,False,False,False,True,False
ComicNeue-Italic.ttf,Comic Neue,Latin,266,344,1.1466165413533835,1.15,1,False,False,False,True,False
ComicNeue-Light.ttf,Comic Neue,Latin,260,328,1.15,1.15,1,False,False,False,True,False
ComicNeue-LightItalic.ttf,Comic Neue,Latin,266,344,1.1466165413533835,1.15,1,False,False,False,True,False
ComicNeue-Regular.ttf,Comic Neue,Latin,260,328,1.15,1.15,1,False,False,False,True,False
ComicRelief-Bold.ttf,Comic Relief,Latin,319,607,1.0,1.39501953125,0,False,False,False,False,False
ComicRelief-Bold.ttf,Comic Relief,Cyrillic,94,607,1.0,1.39501953125,0,False,False,False,False,False
ComicRelief-Regular.ttf,Comic Relief,Latin,319,607,1.0,1.39501953125,0,False,False,False,False,False
ComicRelief-Regular.ttf,Comic Relief,Cyrillic,94,607,1.0,1.39501953125,0,False,False,False,False,False
Comme[wght].ttf,Comme,Latin,318,518,1.5911949685534592,1.2001953125,2,False,False,True,True,False
"Commissioner[FLAR,VOLM,slnt,wght].ttf",Commissioner Thin,Latin,317,1123,1.5930599369085174,1.223,3,True,False,True,True,False
"Commissioner[FLAR,VOLM,slnt,wght].ttf",Commissioner Thin,Cyrillic,238,1123,1.588235294117647,1.223,3,True,False,True,True,False
ConcertOne-Regular.ttf,Concert One,Latin,202,231,0.995049504950495,1.17919921875,0,False,False,False,False,False
Condiment-Regular.ttf,Condiment,Latin,198,234,1.0,1.523,0,False,False,False,False,False
Content-Bold.ttf,Content,Latin,35,696,1.6285714285714286,1.95654296875,2,False,True,True,False,False
Content-Regular.ttf,Content,Latin,35,696,1.6285714285714286,1.95654296875,2,False,True,True,False,False
ContrailOne-Regular.ttf,Contrail One,Latin,212,239,1.0,1.251953125,0,False,False,False,False,False
Convergence-Regular.ttf,Convergence,Latin,213,256,1.0,1.173,0,False,False,False,False,False
Cookie-Regular.ttf,Cookie,Latin,225,259,1.44,1.109,2,True,False,True,False,False
Copse-Regular.ttf,Copse,Latin,196,213,1.0,1.04248046875,0,False,False,False,False,False
CoralPixels-Regular.ttf,Coral Pixels,Latin,276,5948,1.2971014492753623,1.385,2,False,False,True,True,False
Corben-Bold.ttf,Corben,Latin,310,552,1.1483870967741936,1.85302734375,1,False,False,True,False,False
Corben-Regular.ttf,Corben,Latin,311,356,1.1479099678456592,1.85302734375,1,False,False,True,False,False
Corinthia-Bold.ttf,Corinthia,Latin,320,788,1.75,1.2,3,True,False,True,True,False
Corinthia-Regular.ttf,Corinthia,Latin,320,788,1.75,1.2,3,True,False,True,True,False
Cormorant-Italic[wght].ttf,Cormorant Light,Latin,320,1890,1.75,1.211,4,True,False,True,True,True
Cormorant-Italic[wght].ttf,Cormorant Light,Cyrillic,236,1890,1.7415254237288136,1.211,4,True,False,True,True,True
Cormorant[wght].ttf,Cormorant Light,Latin,318,3237,1.7389937106918238,1.211,4,True,False,True,True,True
Cormorant[wght].ttf,Cormorant Light,Cyrillic,236,3237,1.7415254237288136,1.211,4,True,False,True,True,True
CormorantGaramond-Italic[wght].ttf,Cormorant Garamond Light,Latin,320,1895,1.6,1.211,4,True,False,True,True,True
CormorantGaramond-Italic[wght].ttf,Cormorant Garamond Light,Cyrillic,236,1895,1.5932203389830508,1.211,4,True,False,True,True,True
CormorantGaramond[wght].ttf,Cormorant Garamond Light,Latin,318,3241,1.5911949685534592,1.211,4,True,False,True,True,True
CormorantGaramond[wght].ttf,Cormorant Garamond Light,Cyrillic,236,3241,1.5932203389830508,1.211,4,True,False,True,True,True
CormorantInfant-Italic[wght].ttf,Cormorant Infant Light,Latin,320,1895,1.6,1.211,4,True,False,True,True,True
CormorantInfant-Italic[wght].ttf,Cormorant Infant Light,Cyrillic,236,1895,1.5932203389830508,1.211,4,True,False,True,True,True
CormorantInfant[wght].ttf,Cormorant Infant Light,Latin,318,3183,1.5911949685534592,1.211,4,True,False,True,True,True
CormorantInfant[wght].ttf,Cormorant Infant Light,Cyrillic,236,3183,1.5932203389830508,1.211,4,True,False,True,True,True
CormorantSC-Bold.ttf,Cormorant SC,Latin,318,3203,6.616352201257862,1.211,3,True,False,False,True,True
CormorantSC-Bold.ttf,Cormorant SC,Cyrillic,236,3203,6.635593220338983,1.211,3,True,False,False,True,True
CormorantSC-Light.ttf,Cormorant SC Light,Latin,318,3203,6.616352201257862,1.211,3,True,False,False,True,True
CormorantSC-Light.ttf,Cormorant SC Light,Cyrillic,236,3203,6.635593220338983,1.211,3,True,False,False,True,True
CormorantSC-Medium.ttf,Cormorant SC Medium,Latin,318,3203,6.616352201257862,1.211,3,True,False,False,True,True
CormorantSC-Medium.ttf,Cormorant SC Medium,Cyrillic,236,3203,6.635593220338983,1.211,3,True,False,False,True,True
CormorantSC-Regular.ttf,Cormorant SC,Latin,318,3203,6.616352201257862,1.211,3,True,False,False,True,True
CormorantSC-Regular.ttf,Cormorant SC,Cyrillic,236,3203,6.635593220338983,1.211,3,True,False,False,True,True
CormorantSC-SemiBold.ttf,Cormorant SC SemiBold,Latin,318,3203,6.616352201257862,1.211,3,True,False,False,True,True
CormorantSC-SemiBold.ttf,Cormorant SC SemiBold,Cyrillic,236,3203,6.635593220338983,1.211,3,True,False,False,True,True
CormorantUnicase-Bold.ttf,Cormorant Unicase,Latin,318,3203,6.616352201257862,1.211,3,True,False,False,True,True
CormorantUnicase-Bold.ttf,Cormorant Unicase,Cyrillic,236,3203,6.635593220338983,1.211,3,True,False,False,True,True
CormorantUnicase-Light.ttf,Cormorant Unicase Light,Latin,318,3203,6.616352201257862,1.211,3,True,False,False,True,True
CormorantUnicase-Light.ttf,Cormorant Unicase Light,Cyrillic,236,3203,6.635593220338983,1.211,3,True,False,False,True,True
CormorantUnicase-Medium.ttf,Cormorant Unicase Medium,Latin,318,3203,6.616352201257862,1.211,3,True,False,False,True,True
CormorantUnicase-Medium.ttf,Cormorant Unicase Medium,Cyrillic,236,3203,6.635593220338983,1.211,3,True,False,False,True,True
CormorantUnicase-Regular.ttf,Cormorant Unicase,Latin,318,3203,6.616352201257862,1.211,3,True,False,False,True,True
CormorantUnicase-Regular.ttf,Cormorant Unicase,Cyrillic,236,3203,6.635593220338983,1.211,3,True,False,False,True,True
CormorantUnicase-SemiBold.ttf,Cormorant Unicase SemiBold,Latin,318,3203,6.616352201257862,1.211,3,True,False,False,True,True
CormorantUnicase-SemiBold.ttf,Cormorant Unicase SemiBold,Cyrillic,236,3203,6.635593220338983,1.211,3,True,False,False,True,True
CormorantUpright-Bold.ttf,Cormorant Upright,Latin,320,1216,8.8,1.211,3,True,False,True,True,False
CormorantUpright-Light.ttf,Cormorant Upright,Latin,320,1216,8.8,1.211,3,True,False,True,True,False
CormorantUpright-Medium.ttf,Cormorant Upright,Latin,320,1216,8.8,1.211,3,True,False,True,True,False
CormorantUpright-Regular.ttf,Cormorant Upright,Latin,320,1216,8.8,1.211,3,True,False,True,True,False
CormorantUpright-SemiBold.ttf,Cormorant Upright,Latin,320,1216,8.8,1.211,3,True,False,True,True,False
CossetteTexte-Bold.ttf,Cossette Texte,Latin,272,371,1.1470588235294117,1.21,2,False,False,True,True,False
CossetteTexte-Regular.ttf,Cossette Texte,Latin,272,371,1.1470588235294117,1.21,2,False,False,True,True,False
CossetteTitre-Bold.ttf,Cossette Titre,Latin,272,371,1.1470588235294117,1.21,2,False,False,True,True,False
CossetteTitre-Regular.ttf,Cossette Titre,Latin,272,371,1.1470588235294117,1.21,2,False,False,True,True,False
Courgette-Regular.ttf,Courgette,Latin,333,419,1.0,1.25,0,False,False,False,False,False
CourierPrime-Bold.ttf,Courier Prime,Latin,317,415,1.0,1.123046875,0,False,False,False,False,False
CourierPrime-BoldItalic.ttf,Courier Prime,Latin,317,416,4.261829652996846,1.123046875,1,False,False,True,False,False
CourierPrime-Italic.ttf,Courier Prime,Latin,317,416,4.261829652996846,1.123046875,1,False,False,True,False,False
CourierPrime-Regular.ttf,Courier Prime,Latin,317,415,1.0,1.123046875,0,False,False,False,False,False
Coustard-Black.ttf,Coustard Black,Latin,298,361,1.2919463087248322,1.404296875,2,False,False,True,True,False
Coustard-Regular.ttf,Coustard,Latin,298,361,1.2919463087248322,1.404296875,2,False,False,True,True,False
CoveredByYourGrace.ttf,Covered By Your Grace,Latin,301,349,0.9966777408637874,1.3466796875,0,False,False,False,False,False
Creepster-Regular.ttf,Creepster,Latin,200,230,1.0,1.1689453125,0,False,False,False,False,False
CreteRound-Italic.ttf,Crete Round,Latin,320,417,1.0,1.276,0,False,False,False,False,False
CreteRound-Regular.ttf,Crete Round,Latin,320,417,1.0,1.276,0,False,False,False,False,False
CrimsonPro-Italic[wght].ttf,Crimson Pro,Latin,320,832,1.45,1.111328125,2,False,False,True,True,False
CrimsonPro[wght].ttf,Crimson Pro,Latin,320,832,1.45,1.111328125,2,False,False,True,True,False
CrimsonText-Bold.ttf,Crimson Text,Latin,317,718,1.5930599369085174,1.2998046875,2,False,False,True,True,False
CrimsonText-BoldItalic.ttf,Crimson Text,Latin,317,720,1.7413249211356467,1.2998046875,3,True,False,True,True,False
CrimsonText-Italic.ttf,Crimson Text,Latin,317,720,1.7413249211356467,1.2998046875,3,True,False,True,True,False
CrimsonText-Regular.ttf,Crimson Text,Latin,317,718,1.5930599369085174,1.2998046875,2,False,False,True,True,False
CrimsonText-SemiBold.ttf,Crimson Text SemiBold,Latin,317,718,1.5930599369085174,1.2998046875,2,False,False,True,True,False
CrimsonText-SemiBoldItalic.ttf,Crimson Text SemiBold,Latin,317,720,1.7413249211356467,1.2998046875,3,True,False,True,True,False
CroissantOne-Regular.ttf,Croissant One,Latin,317,418,1.1482649842271293,1.415,1,False,False,True,False,False
Cuprum-Italic[wght].ttf,Cuprum,Latin,267,612,1.299625468164794,1.155,2,False,False,True,True,False
Cuprum-Italic[wght].ttf,Cuprum,Cyrillic,182,612,1.2967032967032968,1.155,2,False,False,True,True,False
Cuprum[wght].ttf,Cuprum,Latin,267,612,1.299625468164794,1.155,2,False,False,True,True,False
Cuprum[wght].ttf,Cuprum,Cyrillic,182,612,1.2967032967032968,1.155,2,False,False,True,True,False
CuteFont-Regular.ttf,Cute Font,Latin,102,2524,1.0,1.25,0,False,False,False,False,False
Cutive-Regular.ttf,Cutive,Latin,315,449,1.4476190476190476,1.2998046875,2,False,False,True,True,False
CutiveMono-Regular.ttf,Cutive Mono,Latin,323,452,1.4458204334365325,1.10107421875,2,False,False,True,True,False
DaiBannaSIL-Bold.ttf,Dai Banna SIL,Latin,199,411,1.0,1.13427734375,1,False,False,False,False,True
DaiBannaSIL-BoldItalic.ttf,Dai Banna SIL,Latin,199,412,1.0,1.13427734375,1,False,False,False,False,True
DaiBannaSIL-Italic.ttf,Dai Banna SIL,Latin,199,412,1.0,1.13427734375,1,False,False,False,False,True
DaiBannaSIL-Light.ttf,Dai Banna SIL Light,Latin,199,411,1.0,1.13427734375,1,False,False,False,False,True
DaiBannaSIL-LightItalic.ttf,Dai Banna SIL Light,Latin,199,412,1.0,1.13427734375,1,False,False,False,False,True
DaiBannaSIL-Medium.ttf,Dai Banna SIL Medium,Latin,199,411,1.0,1.13427734375,1,False,False,False,False,True
DaiBannaSIL-MediumItalic.ttf,Dai Banna SIL Medium,Latin,199,412,1.0,1.13427734375,1,False,False,False,False,True
DaiBannaSIL-Regular.ttf,Dai Banna SIL,Latin,199,411,1.0,1.13427734375,1,False,False,False,False,True
DaiBannaSIL-SemiBold.ttf,Dai Banna SIL SemiBold,Latin,199,411,1.0,1.13427734375,1,False,False,False,False,True
DaiBannaSIL-SemiBoldItalic.ttf,Dai Banna SIL SemiBold,Latin,199,412,1.0,1.13427734375,1,False,False,False,False,True
Damion-Regular.ttf,Damion,Latin,279,376,1.4408602150537635,1.3740234375,2,False,False,True,True,False
DancingScript[wght].ttf,Dancing Script,Latin,320,643,1.75,1.2,3,True,False,True,True,False
Danfo[ELSH].ttf,Danfo,Latin,308,1160,1.2987012987012987,1.3,1,False,False,False,True,False
Dangrek-Regular.ttf,Dangrek,Latin,98,276,1.2857142857142858,1.806640625,1,False,True,False,False,False
DarkerGrotesque[wght].ttf,Darker Grotesque Light,Latin,298,581,1.4429530201342282,1.356,2,False,False,True,True,False
DarumadropOne-Regular.ttf,Darumadrop One,Latin,202,526,1.297029702970297,1.0,1,False,False,True,False,False
DarumadropOne-Regular.ttf,Darumadrop One,Katakana,92,526,1.2826086956521738,1.0,1,False,False,True,False,False
"Datatype[wdth,wght].ttf",Datatype,Latin,268,10850,1.2985074626865671,1.3,2,True,False,True,False,False
DavidLibre-Bold.ttf,David Libre,Latin,300,851,1.75,1.0,3,False,False,True,True,True
DavidLibre-Medium.ttf,David Libre Medium,Latin,300,851,1.75,1.0,3,False,False,True,True,True
DavidLibre-Regular.ttf,David Libre,Latin,300,851,1.75,1.0,3,False,False,True,True,True
DawningofaNewDay.ttf,Dawning of a New Day,Latin,232,265,1.0,1.6123046875,0,False,False,False,False,False
DaysOne-Regular.ttf,Days One,Latin,233,354,1.0,1.2734375,0,False,False,False,False,False
DaysOne-Regular.ttf,Days One,Cyrillic,94,354,1.0,1.2734375,0,False,False,False,False,False
DecovarAlpha-VF.ttf,Decovar Alpha Regular24,Latin,90,118,0.7,1.09765625,0,False,False,False,False,False
Dekko-Regular.ttf,Dekko,Latin,320,857,4.15,1.429,2,False,True,True,False,False
Dekko-Regular.ttf,Dekko,Devanagari,126,857,4.0,1.429,2,False,True,True,False,False
DelaGothicOne-Regular.ttf,Dela Gothic One,Latin,295,9194,6.3694915254237285,1.0,2,False,False,True,True,False
DelaGothicOne-Regular.ttf,Dela Gothic One,Cyrillic,96,9194,6.25,1.0,2,False,False,True,True,False
DelaGothicOne-Regular.ttf,Dela Gothic One,Katakana,95,9194,6.3052631578947365,1.0,2,False,False,True,True,False
DelaGothicOne-Regular.ttf,Dela Gothic One,Han,7794,9194,6.399538106235566,1.0,2,False,False,True,True,False
DeliciousHandrawn-Regular.ttf,Delicious Handrawn,Latin,285,358,1.1473684210526316,1.2,1,False,False,False,True,False
Delius-Regular.ttf,Delius,Latin,218,298,1.0,1.256,0,False,False,False,False,False
DeliusSwashCaps-Regular.ttf,Delius Swash Caps,Latin,218,274,1.0,1.256,0,False,False,False,False,False
DeliusUnicase-Bold.ttf,Delius Unicase,Latin,217,257,1.0,1.283,0,False,False,False,False,False
DeliusUnicase-Regular.ttf,Delius Unicase,Latin,217,257,1.0,1.252,0,False,False,False,False,False
DellaRespira-Regular.ttf,Della Respira,Latin,264,296,1.0,1.36865234375,0,False,False,False,False,False
DenkOne-Regular.ttf,Denk One,Latin,319,785,1.4420062695924765,1.25,2,False,False,True,True,False
Devonshire-Regular.ttf,Devonshire,Latin,318,374,1.1477987421383649,1.414,1,False,False,True,False,False
Dhurjati-Regular.ttf,Dhurjati,Latin,104,1235,1.8653846153846154,1.8505747126436782,1,False,True,False,False,False
Dhurjati-Regular.ttf,Dhurjati,Telugu,94,1235,1.8936170212765957,1.8505747126436782,1,False,True,False,False,False
Dhyana-Bold.ttf,Dhyana,Latin,198,340,1.292929292929293,1.61279296875,1,False,False,True,False,False
Dhyana-Regular.ttf,Dhyana,Latin,245,398,1.2938775510204081,1.61279296875,1,False,False,True,False,False
DidactGothic-Regular.ttf,Didact Gothic,Latin,317,1272,5.44794952681388,1.311,2,False,False,True,True,False
DidactGothic-Regular.ttf,Didact Gothic,Cyrillic,182,1272,5.450549450549451,1.311,2,False,False,True,True,False
DigitalNumbers-Regular.ttf,Digital Numbers,Latin,256,257,1.0,1.291,0,False,False,False,False,False
Diphylleia-Regular.ttf,Diphylleia,Latin,192,3152,1.4375,1.0,2,False,False,True,True,False
Diplomata-Regular.ttf,Diplomata,Latin,317,447,1.444794952681388,1.217,2,False,False,True,True,False
DiplomataSC-Regular.ttf,Diplomata SC,Latin,317,447,1.444794952681388,1.217,2,False,False,True,True,False
DMMono-Italic.ttf,DM Mono,Latin,299,411,1.1471571906354514,1.302,1,False,False,False,True,False
DMMono-Light.ttf,DM Mono Light,Latin,299,411,1.1471571906354514,1.302,1,False,False,False,True,False
DMMono-LightItalic.ttf,DM Mono Light,Latin,299,411,1.1471571906354514,1.302,1,False,False,False,True,False
DMMono-Medium.ttf,DM Mono Medium,Latin,299,411,1.1471571906354514,1.302,1,False,False,False,True,False
DMMono-MediumItalic.ttf,DM Mono Medium,Latin,299,411,1.1471571906354514,1.302,1,False,False,False,True,False
DMMono-Regular.ttf,DM Mono,Latin,299,411,1.1471571906354514,1.302,1,False,False,False,True,False
"DMSans-Italic[opsz,wght].ttf",DM Sans 9pt,Latin,304,486,1.5921052631578947,1.302,3,True,False,True,True,False
"DMSans[opsz,wght].ttf",DM Sans 9pt,Latin,304,486,1.5921052631578947,1.302,3,True,False,True,True,False
DMSerifDisplay-Italic.ttf,DM Serif Display,Latin,279,355,1.4408602150537635,1.371,2,False,False,True,True,False
DMSerifDisplay-Regular.ttf,DM Serif Display,Latin,279,355,1.4408602150537635,1.371,2,False,False,True,True,False
DMSerifText-Italic.ttf,DM Serif Text,Latin,279,355,1.4408602150537635,1.371,2,False,False,True,True,False
DMSerifText-Regular.ttf,DM Serif Text,Latin,279,355,1.4408602150537635,1.371,2,False,False,True,True,False
DoHyeon-Regular.ttf,Do Hyeon,Latin,114,3094,1.0,1.25,0,False,False,False,False,False
Dokdo-Regular.ttf,Dokdo,Latin,97,2600,1.0,1.25,0,False,False,False,False,False
Domine[wght].ttf,Domine,Latin,320,477,1.4375,1.14,2,False,False,True,True,False
DonegalOne-Regular.ttf,Donegal One,Latin,342,437,1.0,1.25,0,False,False,False,False,False
Dongle-Bold.ttf,Dongle,Latin,319,12550,1.4420062695924765,1.0,2,False,False,True,True,False
Dongle-Light.ttf,Dongle Light,Latin,319,12550,1.4420062695924765,1.0,2,False,False,True,True,False
Dongle-Regular.ttf,Dongle,Latin,319,12550,1.4420062695924765,1.0,2,False,False,True,True,False
DoppioOne-Regular.ttf,Doppio One,Latin,316,403,1.2974683544303798,1.25,2,True,False,True,False,False
Dorsa-Regular.ttf,Dorsa,Latin,192,211,0.9947916666666666,1.057,0,False,False,False,False,False
Dosis[wght].ttf,Dosis,Latin,319,561,1.1473354231974922,1.264,2,False,False,True,True,False
DotGothic16-Regular.ttf,DotGothic16,Latin,202,9362,1.297029702970297,1.0,1,False,False,True,False,False
DotGothic16-Regular.ttf,DotGothic16,Cyrillic,66,9362,1.2727272727272727,1.0,1,False,False,True,False,False
DotGothic16-Regular.ttf,DotGothic16,Katakana,94,9362,1.297872340425532,1.0,1,False,False,True,False,False
DotGothic16-Regular.ttf,DotGothic16,Han,6758,9362,1.299348919798757,1.0,1,False,False,True,False,False
"Doto[ROND,wght].ttf",Doto Black,Latin,268,320,1.0,1.2,0,False,False,False,False,False
Dotum-Regular.ttf,Dotum,Latin,322,22643,1.0,1.0,0,False,False,False,False,False
Dotum-Regular.ttf,Dotum,Cyrillic,94,22643,1.0,1.0,0,False,False,False,False,False
Dotum-Regular.ttf,Dotum,Katakana,86,22643,1.0,1.0,0,False,False,False,False,False
Dotum-Regular.ttf,Dotum,Han,7744,22643,1.0,1.0,0,False,False,False,False,False
DotumChe-Regular.ttf,DotumChe,Latin,322,22643,1.0,1.0,0,False,False,False,False,False
DotumChe-Regular.ttf,DotumChe,Cyrillic,94,22643,1.0,1.0,0,False,False,False,False,False
DotumChe-Regular.ttf,DotumChe,Katakana,86,22643,1.0,1.0,0,False,False,False,False,False
DotumChe-Regular.ttf,DotumChe,Han,7744,22643,1.0,1.0,0,False,False,False,False,False
DrSugiyama-Regular.ttf,Dr Sugiyama,Latin,198,233,1.0,1.459,0,False,False,False,False,False
DuruSans-Regular.ttf,Duru Sans,Latin,336,425,1.0,1.25,0,False,False,False,False,False
Dynalight-Regular.ttf,Dynalight,Latin,318,372,1.1477987421383649,1.21337890625,1,False,False,True,False,False
"DynaPuff[wdth,wght].ttf",DynaPuff,Latin,288,709,1.4479166666666667,1.2,3,True,False,True,True,False
EagleLake-Regular.ttf,Eagle Lake,Latin,318,370,1.1477987421383649,1.63330078125,1,False,False,True,False,False
EastSeaDokdo-Regular.ttf,East Sea Dokdo,Latin,113,3099,1.0,1.25,0,False,False,False,False,False
Eater-Regular.ttf,Eater,Latin,312,346,1.0,1.86376953125,0,False,False,False,False,False
EBGaramond-Italic[wght].ttf,EB Garamond,Latin,318,3075,1.7389937106918238,1.305,4,True,False,True,True,True
EBGaramond-Italic[wght].ttf,EB Garamond,Cyrillic,241,3075,1.7468879668049793,1.305,4,True,False,True,True,True
EBGaramond[wght].ttf,EB Garamond,Latin,321,3247,1.4485981308411215,1.305,3,False,False,True,True,True
EBGaramond[wght].ttf,EB Garamond,Cyrillic,241,3247,1.4481327800829875,1.305,3,False,False,True,True,True
Economica-Bold.ttf,Economica,Latin,200,257,1.15,1.149,1,False,False,True,False,False
Economica-BoldItalic.ttf,Economica,Latin,202,260,1.1485148514851484,1.149,1,False,False,True,False,False
Economica-Italic.ttf,Economica,Latin,200,257,1.15,1.149,1,False,False,True,False,False
Economica-Regular.ttf,Economica,Latin,200,257,1.15,1.149,1,False,False,True,False,False
Eczar[wght].ttf,Eczar,Latin,276,1292,3.6739130434782608,1.777,4,True,True,True,True,False
Eczar[wght].ttf,Eczar,Devanagari,127,1292,3.6929133858267718,1.777,4,True,True,True,True,False
EduAUVICWANTArrows[wght].ttf,Edu AU VIC WA NT Arrows,Latin,64,65,1.0,1.7395,0,False,False,False,False,False
EduAUVICWANTDots[wght].ttf,Edu AU VIC WA NT Dots,Latin,64,65,1.0,1.7395,0,False,False,False,False,False
EduAUVICWANTGuides[wght].ttf,Edu AU VIC WA NT Guides,Latin,287,822,1.4494773519163764,1.7395,3,True,False,True,True,False
EduAUVICWANTHand[wght].ttf,Edu AU VIC WA NT Hand,Latin,287,822,1.5993031358885017,1.7395,3,True,False,True,True,False
EduAUVICWANTPre[wght].ttf,Edu AU VIC WA NT Pre,Latin,287,822,1.4494773519163764,1.7395,3,True,False,True,True,False
EduNSWACTFoundation[wght].ttf,Edu NSW ACT Foundation,Latin,109,194,1.0,1.26,0,False,False,False,False,False
EduQLDBeginner[wght].ttf,Edu QLD Beginner,Latin,109,167,1.0,1.26,0,False,False,False,False,False
EduSABeginner[wght].ttf,Edu SA Beginner,Latin,109,127,1.0,1.26,0,False,False,False,False,False
EduTASBeginner[wght].ttf,Edu TAS Beginner,Latin,109,127,1.0,1.26,0,False,False,False,False,False
EduVICWANTBeginner[wght].ttf,Edu VIC WA NT Beginner,Latin,109,127,1.0,1.26,0,False,False,False,False,False
EkMukta-Bold.ttf,Ek Mukta,Latin,320,1368,15.25,1.662,3,False,True,True,True,False
EkMukta-Bold.ttf,Ek Mukta,Devanagari,128,1368,15.1015625,1.662,3,False,True,True,True,False
EkMukta-ExtraBold.ttf,Ek Mukta,Latin,320,1368,15.25,1.662,3,False,True,True,True,False
EkMukta-ExtraBold.ttf,Ek Mukta,Devanagari,128,1368,15.1015625,1.662,3,False,True,True,True,False
EkMukta-ExtraLight.ttf,Ek Mukta,Latin,320,1368,15.25,1.662,3,False,True,True,True,False
EkMukta-ExtraLight.ttf,Ek Mukta,Devanagari,128,1368,15.1015625,1.662,3,False,True,True,True,False
EkMukta-Light.ttf,Ek Mukta,Latin,320,1368,15.25,1.662,3,False,True,True,True,False
EkMukta-Light.ttf,Ek Mukta,Devanagari,128,1368,15.1015625,1.662,3,False,True,True,True,False
EkMukta-Medium.ttf,Ek Mukta,Latin,320,1368,15.25,1.662,3,False,True,True,True,False
EkMukta-Medium.ttf,Ek Mukta,Devanagari,128,1368,15.1015625,1.662,3,False,True,True,True,False
EkMukta-Regular.ttf,Ek Mukta,Latin,320,1368,15.25,1.662,3,False,True,True,True,False
EkMukta-Regular.ttf,Ek Mukta,Devanagari,128,1368,15.1015625,1.662,3,False,True,True,True,False
EkMukta-SemiBold.ttf,Ek Mukta,Latin,320,1368,15.25,1.662,3,False,True,True,True,False
EkMukta-SemiBold.ttf,Ek Mukta,Devanagari,128,1368,15.1015625,1.662,3,False,True,True,True,False
Electrolize-Regular.ttf,Electrolize,Latin,194,224,1.0,1.186,0,False,False,False,False,False
ElMessiri[wght].ttf,El Messiri,Latin,206,648,1.8737864077669903,1.563,4,True,False,True,True,True
ElMessiri[wght].ttf,El Messiri,Cyrillic,94,648,1.8936170212765957,1.563,4,True,False,True,True,True
ElMessiri[wght].ttf,El Messiri,Arabic,258,648,1.8837209302325582,1.563,4,True,False,True,True,True
ElmsSans-Italic[wght].ttf,Elms Sans Thin,Latin,308,1080,1.2987012987012987,1.3,2,False,False,True,True,False
ElmsSans[wght].ttf,Elms Sans Thin,Latin,308,1080,1.2987012987012987,1.3,2,False,False,True,True,False
Elsie-Black.ttf,Elsie,Latin,220,307,1.15,1.152,1,False,False,True,False,False
Elsie-Regular.ttf,Elsie,Latin,221,290,1.1493212669683257,1.152,1,False,False,True,False,False
ElsieSwashCaps-Black.ttf,Elsie Swash Caps,Latin,220,282,1.15,1.152,1,False,False,True,False,False
ElsieSwashCaps-Regular.ttf,Elsie Swash Caps,Latin,221,270,1.1493212669683257,1.152,1,False,False,True,False,False
EmblemaOne-Regular.ttf,Emblema One,Latin,316,407,1.0,1.193359375,0,False,False,False,False,False
EmilysCandy-Regular.ttf,Emilys Candy,Latin,199,231,1.0,1.251953125,0,False,False,False,False,False
"EncodeSans[wdth,wght].ttf",Encode Sans Condensed Thin,Latin,318,1214,1.2955974842767295,1.25,2,False,False,True,True,False
EncodeSansCondensed-Black.ttf,Encode Sans Condensed,Latin,318,1204,5.877358490566038,1.25,2,False,False,True,True,False
EncodeSansCondensed-Bold.ttf,Encode Sans Condensed,Latin,318,1204,5.877358490566038,1.25,2,False,False,True,True,False
EncodeSansCondensed-ExtraBold.ttf,Encode Sans Condensed,Latin,318,1204,5.877358490566038,1.25,2,False,False,True,True,False
EncodeSansCondensed-ExtraLight.ttf,Encode Sans Condensed,Latin,318,1204,5.877358490566038,1.25,2,False,False,True,True,False
EncodeSansCondensed-Light.ttf,Encode Sans Condensed,Latin,318,1204,5.877358490566038,1.25,2,False,False,True,True,False
EncodeSansCondensed-Medium.ttf,Encode Sans Condensed,Latin,318,1204,5.877358490566038,1.25,2,False,False,True,True,False
EncodeSansCondensed-Regular.ttf,Encode Sans Condensed,Latin,318,1204,5.877358490566038,1.25,2,False,False,True,True,False
EncodeSansCondensed-SemiBold.ttf,Encode Sans Condensed,Latin,318,1204,5.877358490566038,1.25,2,False,False,True,True,False
EncodeSansCondensed-Thin.ttf,Encode Sans Condensed,Latin,318,1204,5.877358490566038,1.25,2,False,False,True,True,False
EncodeSansExpanded-Black.ttf,Encode Sans Expanded,Latin,318,1204,5.877358490566038,1.25,2,False,False,True,True,False
EncodeSansExpanded-Bold.ttf,Encode Sans Expanded,Latin,318,1204,5.877358490566038,1.25,2,False,False,True,True,False
EncodeSansExpanded-ExtraBold.ttf,Encode Sans Expanded,Latin,318,1204,5.877358490566038,1.25,2,False,False,True,True,False
EncodeSansExpanded-ExtraLight.ttf,Encode Sans Expanded,Latin,318,1204,5.877358490566038,1.25,2,False,False,True,True,False
EncodeSansExpanded-Light.ttf,Encode Sans Expanded,Latin,318,1204,5.877358490566038,1.25,2,False,False,True,True,False
EncodeSansExpanded-Medium.ttf,Encode Sans Expanded,Latin,318,1204,5.877358490566038,1.25,2,False,False,True,True,False
EncodeSansExpanded-Regular.ttf,Encode Sans Expanded,Latin,318,1204,5.877358490566038,1.25,2,False,False,True,True,False
EncodeSansExpanded-SemiBold.ttf,Encode Sans Expanded,Latin,318,1204,5.877358490566038,1.25,2,False,False,True,True,False
EncodeSansExpanded-Thin.ttf,Encode Sans Expanded,Latin,318,1204,5.877358490566038,1.25,2,False,False,True,True,False
"EncodeSansSC[wdth,wght].ttf",Encode Sans SC Condensed Thin,Latin,316,933,1.1487341772151898,1.25,1,False,False,False,True,False
EncodeSansSemiCondensed-Black.ttf,Encode Sans Semi Condensed,Latin,318,1204,5.877358490566038,1.25,2,False,False,True,True,False
EncodeSansSemiCondensed-Bold.ttf,Encode Sans Semi Condensed,Latin,318,1204,5.877358490566038,1.25,2,False,False,True,True,False
EncodeSansSemiCondensed-ExtraBold.ttf,Encode Sans Semi Condensed,Latin,318,1204,5.877358490566038,1.25,2,False,False,True,True,False
EncodeSansSemiCondensed-ExtraLight.ttf,Encode Sans Semi Condensed,Latin,318,1204,5.877358490566038,1.25,2,False,False,True,True,False
EncodeSansSemiCondensed-Light.ttf,Encode Sans Semi Condensed,Latin,318,1204,5.877358490566038,1.25,2,False,False,True,True,False
EncodeSansSemiCondensed-Medium.ttf,Encode Sans Semi Condensed,Latin,318,1204,5.877358490566038,1.25,2,False,False,True,True,False
EncodeSansSemiCondensed-Regular.ttf,Encode Sans Semi Condensed,Latin,318,1204,5.877358490566038,1.25,2,False,False,True,True,False
EncodeSansSemiCondensed-SemiBold.ttf,Encode Sans Semi Condensed,Latin,318,1204,5.877358490566038,1.25,2,False,False,True,True,False
EncodeSansSemiCondensed-Thin.ttf,Encode Sans Semi Condensed,Latin,318,1204,5.877358490566038,1.25,2,False,False,True,True,False
EncodeSansSemiExpanded-Black.ttf,Encode Sans Semi Expanded,Latin,318,1204,5.877358490566038,1.25,2,False,False,True,True,False
EncodeSansSemiExpanded-Bold.ttf,Encode Sans Semi Expanded,Latin,318,1204,5.877358490566038,1.25,2,False,False,True,True,False
EncodeSansSemiExpanded-ExtraBold.ttf,Encode Sans Semi Expanded,Latin,318,1204,5.877358490566038,1.25,2,False,False,True,True,False
EncodeSansSemiExpanded-ExtraLight.ttf,Encode Sans Semi Expanded,Latin,318,1204,5.877358490566038,1.25,2,False,False,True,True,False
EncodeSansSemiExpanded-Light.ttf,Encode Sans Semi Expanded,Latin,318,1204,5.877358490566038,1.25,2,False,False,True,True,False
EncodeSansSemiExpanded-Medium.ttf,Encode Sans Semi Expanded,Latin,318,1204,5.877358490566038,1.25,2,False,False,True,True,False
EncodeSansSemiExpanded-Regular.ttf,Encode Sans Semi Expanded,Latin,318,1204,5.877358490566038,1.25,2,False,False,True,True,False
EncodeSansSemiExpanded-SemiBold.ttf,Encode Sans Semi Expanded,Latin,318,1204,5.877358490566038,1.25,2,False,False,True,True,False
EncodeSansSemiExpanded-Thin.ttf,Encode Sans Semi Expanded,Latin,318,1204,5.877358490566038,1.25,2,False,False,True,True,False
Engagement-Regular.ttf,Engagement,Latin,318,374,1.1477987421383649,1.23388671875,1,False,False,True,False,False
Englebert-Regular.ttf,Englebert,Latin,318,377,1.1477987421383649,1.2998046875,1,False,False,True,False,False
Enriqueta-Bold.ttf,Enriqueta,Latin,320,425,4.0,1.338,2,False,False,True,True,False
Enriqueta-Medium.ttf,Enriqueta,Latin,320,425,4.0,1.338,2,False,False,True,True,False
Enriqueta-Regular.ttf,Enriqueta,Latin,320,425,4.0,1.338,2,False,False,True,True,False
Enriqueta-SemiBold.ttf,Enriqueta,Latin,320,425,4.0,1.338,2,False,False,True,True,False
Ephesis-Regular.ttf,Ephesis,Latin,316,626,1.4462025316455696,1.3,2,False,False,True,True,False
Epilogue-Italic[wght].ttf,Epilogue,Latin,316,1148,1.4462025316455696,1.025,2,False,False,True,True,False
Epilogue[wght].ttf,Epilogue,Latin,316,1148,1.4462025316455696,1.025,2,False,False,True,True,False
EpundaSans-Italic[wght].ttf,Epunda Sans Light,Latin,307,628,1.1498371335504887,1.301,1,False,False,False,True,False
EpundaSans[wght].ttf,Epunda Sans Light,Latin,307,629,1.1498371335504887,1.301,1,False,False,False,True,False
EpundaSlab-Italic[wght].ttf,Epunda Slab Light,Latin,307,642,1.299674267100977,1.301,2,False,False,True,True,False
EpundaSlab[wght].ttf,Epunda Slab Light,Latin,307,642,1.299674267100977,1.301,2,False,False,True,True,False
EricaOne-Regular.ttf,Erica One,Latin,200,249,1.0,1.492,0,False,False,False,False,False
Esteban-Regular.ttf,Esteban,Latin,217,271,1.0,1.274,0,False,False,False,False,False
Estonia-Regular.ttf,Estonia,Latin,316,1717,1.8924050632911393,1.24,3,True,False,True,True,False
EuphoriaScript-Regular.ttf,Euphoria Script,Latin,196,219,1.0,1.164,0,False,False,False,False,False
Ewert-Regular.ttf,Ewert,Latin,192,222,1.0,1.243,0,False,False,False,False,False
Exile-Regular.ttf,Exile,Latin,308,384,1.1493506493506493,1.35,2,False,False,True,True,False
Exo-Italic[wght].ttf,Exo,Latin,317,1265,1.5930599369085174,1.329,2,False,False,True,True,False
Exo[wght].ttf,Exo,Latin,316,1265,1.5949367088607596,1.329,2,False,False,True,True,False
Exo2-Italic[wght].ttf,Exo 2,Latin,317,1032,1.444794952681388,1.2,2,False,False,True,True,False
Exo2-Italic[wght].ttf,Exo 2,Cyrillic,238,1032,1.4411764705882353,1.2,2,False,False,True,True,False
Exo2[wght].ttf,Exo 2,Latin,317,1033,1.444794952681388,1.2,2,False,False,True,True,False
Exo2[wght].ttf,Exo 2,Cyrillic,238,1033,1.4411764705882353,1.2,2,False,False,True,True,False
ExpletusSans-Italic[wght].ttf,Expletus Sans,Latin,201,251,1.1492537313432836,1.339,1,False,False,False,True,False
ExpletusSans[wght].ttf,Expletus Sans,Latin,201,251,1.1492537313432836,1.339,1,False,False,False,True,False
Explora-Regular.ttf,Explora,Latin,321,854,1.5981308411214954,1.2,2,False,False,True,True,False
FacultyGlyphic-Regular.ttf,Faculty Glyphic,Latin,303,412,1.1485148514851484,1.299,1,False,False,False,True,False
Fahkwang-Bold.ttf,Fahkwang,Latin,320,775,2.2,1.3,2,False,False,True,True,False
Fahkwang-BoldItalic.ttf,Fahkwang,Latin,320,775,2.2,1.3,2,False,False,True,True,False
Fahkwang-ExtraLight.ttf,Fahkwang,Latin,320,775,2.2,1.3,2,False,False,True,True,False
Fahkwang-ExtraLightItalic.ttf,Fahkwang,Latin,320,775,2.2,1.3,2,False,False,True,True,False
Fahkwang-Italic.ttf,Fahkwang,Latin,320,775,2.2,1.3,2,False,False,True,True,False
Fahkwang-Light.ttf,Fahkwang,Latin,320,775,2.2,1.3,2,False,False,True,True,False
Fahkwang-LightItalic.ttf,Fahkwang,Latin,320,775,2.2,1.3,2,False,False,True,True,False
Fahkwang-Medium.ttf,Fahkwang,Latin,320,775,2.2,1.3,2,False,False,True,True,False
Fahkwang-MediumItalic.ttf,Fahkwang,Latin,320,775,2.2,1.3,2,False,False,True,True,False
Fahkwang-Regular.ttf,Fahkwang,Latin,320,775,2.2,1.3,2,False,False,True,True,False
Fahkwang-SemiBold.ttf,Fahkwang,Latin,320,775,2.2,1.3,2,False,False,True,True,False
Fahkwang-SemiBoldItalic.ttf,Fahkwang,Latin,320,775,2.2,1.3,2,False,False,True,True,False
FamiljenGrotesk-Italic[wght].ttf,Familjen Grotesk,Latin,316,698,1.5949367088607596,1.25,3,True,False,True,True,False
FamiljenGrotesk[wght].ttf,Familjen Grotesk,Latin,316,698,1.5949367088607596,1.25,3,True,False,True,True,False
FanwoodText-Italic.ttf,Fanwood Text,Latin,319,678,1.1473354231974922,1.31103515625,2,False,False,True,False,True
FanwoodText-Regular.ttf,Fanwood Text,Latin,319,934,1.1473354231974922,1.31103515625,2,False,False,True,False,True
Farro-Bold.ttf,Farro,Latin,297,428,6.333333333333333,1.0,3,True,False,True,True,False
Farro-Light.ttf,Farro,Latin,297,428,6.333333333333333,1.0,3,True,False,True,True,False
Farro-Medium.ttf,Farro,Latin,297,428,6.333333333333333,1.0,3,True,False,True,True,False
Farro-Regular.ttf,Farro,Latin,297,428,6.333333333333333,1.0,3,True,False,True,True,False
Farsan-Regular.ttf,Farsan,Latin,308,1075,6.077922077922078,1.2,4,True,True,True,True,False
Fascinate-Regular.ttf,Fascinate,Latin,318,377,1.1477987421383649,1.326171875,1,False,False,True,False,False
FascinateInline-Regular.ttf,Fascinate Inline,Latin,318,377,1.1477987421383649,1.326171875,1,False,False,True,False,False
FasterOne-Regular.ttf,Faster One,Latin,317,435,1.444794952681388,1.063,2,False,False,True,True,False
Fasthand-Regular.ttf,Fasthand,Latin,98,360,1.2857142857142858,1.806640625,1,False,True,False,False,False
FaunaOne-Regular.ttf,Fauna One,Latin,317,459,1.444794952681388,1.23,2,False,False,True,True,False
Faustina-Italic[wght].ttf,Faustina Light,Latin,320,804,1.45,1.26,2,False,False,True,True,False
Faustina[wght].ttf,Faustina Light,Latin,320,804,1.45,1.26,2,False,False,True,True,False
Federant-Regular.ttf,Federant,Latin,194,229,1.0,1.226,0,False,False,False,False,False
Federo-Regular.ttf,Federo,Latin,194,220,1.0,1.17822265625,0,False,False,False,False,False
Felipa-Regular.ttf,Felipa,Latin,220,277,1.0,1.285,0,False,False,False,False,False
Fenix-Regular.ttf,Fenix,Latin,199,236,1.1457286432160805,1.117,1,False,False,True,False,False
Festive-Regular.ttf,Festive,Latin,285,1441,1.736842105263158,1.69,3,True,False,True,True,False
Figtree-Italic[wght].ttf,Figtree Light,Latin,300,459,1.15,1.2,1,False,False,False,True,False
Figtree[wght].ttf,Figtree Light,Latin,300,459,1.15,1.2,1,False,False,False,True,False
FingerPaint-Regular.ttf,Finger Paint,Latin,233,264,1.0,1.474,0,False,False,False,False,False
Finlandica-Italic[wght].ttf,Finlandica,Latin,289,706,1.4463667820069204,1.2,2,False,False,True,True,False
Finlandica-Italic[wght].ttf,Finlandica,Cyrillic,242,706,1.4462809917355373,1.2,2,False,False,True,True,False
Finlandica[wght].ttf,Finlandica,Latin,289,707,1.4463667820069204,1.2,2,False,False,True,True,False
Finlandica[wght].ttf,Finlandica,Cyrillic,242,707,1.4462809917355373,1.2,2,False,False,True,True,False
FiraCode[wght].ttf,Fira Code Light,Latin,319,1857,1.1473354231974922,1.312,3,True,False,False,True,True
FiraCode[wght].ttf,Fira Code Light,Cyrillic,288,1857,1.1493055555555556,1.312,3,True,False,False,True,True
FiraMono-Bold.ttf,Fira Mono,Latin,319,1485,4.536050156739812,1.2,4,True,False,True,True,True
FiraMono-Bold.ttf,Fira Mono,Cyrillic,288,1485,4.583333333333333,1.2,4,True,False,True,True,True
FiraMono-Medium.ttf,Fira Mono,Latin,319,1485,4.536050156739812,1.2,4,True,False,True,True,True
FiraMono-Medium.ttf,Fira Mono,Cyrillic,288,1485,4.583333333333333,1.2,4,True,False,True,True,True
FiraMono-Regular.ttf,Fira Mono,Latin,319,1485,4.536050156739812,1.2,4,True,False,True,True,True
FiraMono-Regular.ttf,Fira Mono,Cyrillic,288,1485,4.583333333333333,1.2,4,True,False,True,True,True
FiraSans-Black.ttf,Fira Sans,Latin,320,2708,9.4,1.2,4,True,False,True,True,True
FiraSans-Black.ttf,Fira Sans,Cyrillic,288,2708,9.36111111111111,1.2,4,True,False,True,True,True
FiraSans-BlackItalic.ttf,Fira Sans,Latin,320,2707,7.6,1.2,4,True,False,True,True,True
FiraSans-BlackItalic.ttf,Fira Sans,Cyrillic,288,2707,7.569444444444445,1.2,4,True,False,True,True,True
FiraSans-Bold.ttf,Fira Sans,Latin,320,2708,9.4,1.2,4,True,False,True,True,True
FiraSans-Bold.ttf,Fira Sans,Cyrillic,288,2708,9.36111111111111,1.2,4,True,False,True,True,True
FiraSans-BoldItalic.ttf,Fira Sans,Latin,320,2707,7.6,1.2,4,True,False,True,True,True
FiraSans-BoldItalic.ttf,Fira Sans,Cyrillic,288,2707,7.569444444444445,1.2,4,True,False,True,True,True
FiraSans-ExtraBold.ttf,Fira Sans,Latin,320,2708,9.4,1.2,4,True,False,True,True,True
FiraSans-ExtraBold.ttf,Fira Sans,Cyrillic,288,2708,9.36111111111111,1.2,4,True,False,True,True,True
FiraSans-ExtraBoldItalic.ttf,Fira Sans,Latin,320,2707,7.6,1.2,4,True,False,True,True,True
FiraSans-ExtraBoldItalic.ttf,Fira Sans,Cyrillic,288,2707,7.569444444444445,1.2,4,True,False,True,True,True
FiraSans-ExtraLight.ttf,Fira Sans,Latin,320,2708,9.4,1.2,4,True,False,True,True,True
FiraSans-ExtraLight.ttf,Fira Sans,Cyrillic,288,2708,9.36111111111111,1.2,4,True,False,True,True,True
FiraSans-ExtraLightItalic.ttf,Fira Sans,Latin,320,2707,7.6,1.2,4,True,False,True,True,True
FiraSans-ExtraLightItalic.ttf,Fira Sans,Cyrillic,288,2707,7.569444444444445,1.2,4,True,False,True,True,True
FiraSans-Italic.ttf,Fira Sans,Latin,320,2707,7.6,1.2,4,True,False,True,True,True
FiraSans-Italic.ttf,Fira Sans,Cyrillic,288,2707,7.569444444444445,1.2,4,True,False,True,True,True
FiraSans-Light.ttf,Fira Sans,Latin,320,2708,9.4,1.2,4,True,False,True,True,True
FiraSans-Light.ttf,Fira Sans,Cyrillic,288,2708,9.36111111111111,1.2,4,True,False,True,True,True
FiraSans-LightItalic.ttf,Fira Sans,Latin,320,2707,7.6,1.2,4,True,False,True,True,True
FiraSans-LightItalic.ttf,Fira Sans,Cyrillic,288,2707,7.569444444444445,1.2,4,True,False,True,True,True
FiraSans-Medium.ttf,Fira Sans,Latin,320,2708,9.4,1.2,4,True,False,True,True,True
FiraSans-Medium.ttf,Fira Sans,Cyrillic,288,2708,9.36111111111111,1.2,4,True,False,True,True,True
FiraSans-MediumItalic.ttf,Fira Sans,Latin,320,2707,7.6,1.2,4,True,False,True,True,True
FiraSans-MediumItalic.ttf,Fira Sans,Cyrillic,288,2707,7.569444444444445,1.2,4,True,False,True,True,True
FiraSans-Regular.ttf,Fira Sans,Latin,320,2708,9.4,1.2,4,True,False,True,True,True
FiraSans-Regular.ttf,Fira Sans,Cyrillic,288,2708,9.36111111111111,1.2,4,True,False,True,True,True
FiraSans-SemiBold.ttf,Fira Sans,Latin,320,2708,9.4,1.2,4,True,False,True,True,True
FiraSans-SemiBold.ttf,Fira Sans,Cyrillic,288,2708,9.36111111111111,1.2,4,True,False,True,True,True
FiraSans-SemiBoldItalic.ttf,Fira Sans,Latin,320,2707,7.6,1.2,4,True,False,True,True,True
FiraSans-SemiBoldItalic.ttf,Fira Sans,Cyrillic,288,2707,7.569444444444445,1.2,4,True,False,True,True,True
FiraSans-Thin.ttf,Fira Sans,Latin,320,2708,9.4,1.2,4,True,False,True,True,True
FiraSans-Thin.ttf,Fira Sans,Cyrillic,288,2708,9.36111111111111,1.2,4,True,False,True,True,True
FiraSans-ThinItalic.ttf,Fira Sans,Latin,320,2707,7.6,1.2,4,True,False,True,True,True
FiraSans-ThinItalic.ttf,Fira Sans,Cyrillic,288,2707,7.569444444444445,1.2,4,True,False,True,True,True
FiraSansCondensed-Black.ttf,Fira Sans Condensed,Latin,320,2708,9.4,1.2,4,True,False,True,True,True
FiraSansCondensed-Black.ttf,Fira Sans Condensed,Cyrillic,288,2708,9.36111111111111,1.2,4,True,False,True,True,True
FiraSansCondensed-BlackItalic.ttf,Fira Sans Condensed,Latin,320,2707,7.6,1.2,4,True,False,True,True,True
FiraSansCondensed-BlackItalic.ttf,Fira Sans Condensed,Cyrillic,288,2707,7.569444444444445,1.2,4,True,False,True,True,True
FiraSansCondensed-Bold.ttf,Fira Sans Condensed,Latin,320,2708,9.4,1.2,4,True,False,True,True,True
FiraSansCondensed-Bold.ttf,Fira Sans Condensed,Cyrillic,288,2708,9.36111111111111,1.2,4,True,False,True,True,True
FiraSansCondensed-BoldItalic.ttf,Fira Sans Condensed,Latin,320,2707,7.6,1.2,4,True,False,True,True,True
FiraSansCondensed-BoldItalic.ttf,Fira Sans Condensed,Cyrillic,288,2707,7.569444444444445,1.2,4,True,False,True,True,True
FiraSansCondensed-ExtraBold.ttf,Fira Sans Condensed,Latin,320,2708,9.4,1.2,4,True,False,True,True,True
FiraSansCondensed-ExtraBold.ttf,Fira Sans Condensed,Cyrillic,288,2708,9.36111111111111,1.2,4,True,False,True,True,True
FiraSansCondensed-ExtraBoldItalic.ttf,Fira Sans Condensed,Latin,320,2707,7.6,1.2,4,True,False,True,True,True
FiraSansCondensed-ExtraBoldItalic.ttf,Fira Sans Condensed,Cyrillic,288,2707,7.569444444444445,1.2,4,True,False,True,True,True
FiraSansCondensed-ExtraLight.ttf,Fira Sans Condensed,Latin,320,2708,9.4,1.2,4,True,False,True,True,True
FiraSansCondensed-ExtraLight.ttf,Fira Sans Condensed,Cyrillic,288,2708,9.36111111111111,1.2,4,True,False,True,True,True
FiraSansCondensed-ExtraLightItalic.ttf,Fira Sans Condensed,Latin,320,2707,7.6,1.2,4,True,False,True,True,True
FiraSansCondensed-ExtraLightItalic.ttf,Fira Sans Condensed,Cyrillic,288,2707,7.569444444444445,1.2,4,True,False,True,True,True
FiraSansCondensed-Italic.ttf,Fira Sans Condensed,Latin,320,2707,7.6,1.2,4,True,False,True,True,True
FiraSansCondensed-Italic.ttf,Fira Sans Condensed,Cyrillic,288,2707,7.569444444444445,1.2,4,True,False,True,True,True
FiraSansCondensed-Light.ttf,Fira Sans Condensed,Latin,320,2708,9.4,1.2,4,True,False,True,True,True
FiraSansCondensed-Light.ttf,Fira Sans Condensed,Cyrillic,288,2708,9.36111111111111,1.2,4,True,False,True,True,True
FiraSansCondensed-LightItalic.ttf,Fira Sans Condensed,Latin,320,2707,7.6,1.2,4,True,False,True,True,True
FiraSansCondensed-LightItalic.ttf,Fira Sans Condensed,Cyrillic,288,2707,7.569444444444445,1.2,4,True,False,True,True,True
FiraSansCondensed-Medium.ttf,Fira Sans Condensed,Latin,320,2708,9.4,1.2,4,True,False,True,True,True
FiraSansCondensed-Medium.ttf,Fira Sans Condensed,Cyrillic,288,2708,9.36111111111111,1.2,4,True,False,True,True,True
FiraSansCondensed-MediumItalic.ttf,Fira Sans Condensed,Latin,320,2707,7.6,1.2,4,True,False,True,True,True
FiraSansCondensed-MediumItalic.ttf,Fira Sans Condensed,Cyrillic,288,2707,7.569444444444445,1.2,4,True,False,True,True,True
FiraSansCondensed-Regular.ttf,Fira Sans Condensed,Latin,320,2708,9.4,1.2,4,True,False,True,True,True
FiraSansCondensed-Regular.ttf,Fira Sans Condensed,Cyrillic,288,2708,9.36111111111111,1.2,4,True,False,True,True,True
FiraSansCondensed-SemiBold.ttf,Fira Sans Condensed,Latin,320,2708,9.4,1.2,4,True,False,True,True,True
FiraSansCondensed-SemiBold.ttf,Fira Sans Condensed,Cyrillic,288,2708,9.36111111111111,1.2,4,True,False,True,True,True
FiraSansCondensed-SemiBoldItalic.ttf,Fira Sans Condensed,Latin,320,2707,7.6,1.2,4,True,False,True,True,True
FiraSansCondensed-SemiBoldItalic.ttf,Fira Sans Condensed,Cyrillic,288,2707,7.569444444444445,1.2,4,True,False,True,True,True
FiraSansCondensed-Thin.ttf,Fira Sans Condensed,Latin,320,2708,9.4,1.2,4,True,False,True,True,True
FiraSansCondensed-Thin.ttf,Fira Sans Condensed,Cyrillic,288,2708,9.36111111111111,1.2,4,True,False,True,True,True
FiraSansCondensed-ThinItalic.ttf,Fira Sans Condensed,Latin,320,2707,7.6,1.2,4,True,False,True,True,True
FiraSansCondensed-ThinItalic.ttf,Fira Sans Condensed,Cyrillic,288,2707,7.569444444444445,1.2,4,True,False,True,True,True
FiraSansExtraCondensed-Black.ttf,Fira Sans Extra Condensed,Latin,320,2708,9.4,1.2,4,True,False,True,True,True
FiraSansExtraCondensed-Black.ttf,Fira Sans Extra Condensed,Cyrillic,288,2708,9.36111111111111,1.2,4,True,False,True,True,True
FiraSansExtraCondensed-BlackItalic.ttf,Fira Sans Extra Condensed,Latin,320,2707,7.6,1.2,4,True,False,True,True,True
FiraSansExtraCondensed-BlackItalic.ttf,Fira Sans Extra Condensed,Cyrillic,288,2707,7.569444444444445,1.2,4,True,False,True,True,True
FiraSansExtraCondensed-Bold.ttf,Fira Sans Extra Condensed,Latin,320,2708,9.4,1.2,4,True,False,True,True,True
FiraSansExtraCondensed-Bold.ttf,Fira Sans Extra Condensed,Cyrillic,288,2708,9.36111111111111,1.2,4,True,False,True,True,True
FiraSansExtraCondensed-BoldItalic.ttf,Fira Sans Extra Condensed,Latin,320,2707,7.6,1.2,4,True,False,True,True,True
FiraSansExtraCondensed-BoldItalic.ttf,Fira Sans Extra Condensed,Cyrillic,288,2707,7.569444444444445,1.2,4,True,False,True,True,True
FiraSansExtraCondensed-ExtraBold.ttf,Fira Sans Extra Condensed,Latin,320,2708,9.4,1.2,4,True,False,True,True,True
FiraSansExtraCondensed-ExtraBold.ttf,Fira Sans Extra Condensed,Cyrillic,288,2708,9.36111111111111,1.2,4,True,False,True,True,True
FiraSansExtraCondensed-ExtraBoldItalic.ttf,Fira Sans Extra Condensed,Latin,320,2707,7.6,1.2,4,True,False,True,True,True
FiraSansExtraCondensed-ExtraBoldItalic.ttf,Fira Sans Extra Condensed,Cyrillic,288,2707,7.569444444444445,1.2,4,True,False,True,True,True
FiraSansExtraCondensed-ExtraLight.ttf,Fira Sans Extra Condensed,Latin,320,2708,9.4,1.2,4,True,False,True,True,True
FiraSansExtraCondensed-ExtraLight.ttf,Fira Sans Extra Condensed,Cyrillic,288,2708,9.36111111111111,1.2,4,True,False,True,True,True
FiraSansExtraCondensed-ExtraLightItalic.ttf,Fira Sans Extra Condensed,Latin,320,2707,7.6,1.2,4,True,False,True,True,True
FiraSansExtraCondensed-ExtraLightItalic.ttf,Fira Sans Extra Condensed,Cyrillic,288,2707,7.569444444444445,1.2,4,True,False,True,True,True
FiraSansExtraCondensed-Italic.ttf,Fira Sans Extra Condensed,Latin,320,2707,7.6,1.2,4,True,False,True,True,True
FiraSansExtraCondensed-Italic.ttf,Fira Sans Extra Condensed,Cyrillic,288,2707,7.569444444444445,1.2,4,True,False,True,True,True
FiraSansExtraCondensed-Light.ttf,Fira Sans Extra Condensed,Latin,320,2708,9.4,1.2,4,True,False,True,True,True
FiraSansExtraCondensed-Light.ttf,Fira Sans Extra Condensed,Cyrillic,288,2708,9.36111111111111,1.2,4,True,False,True,True,True
FiraSansExtraCondensed-LightItalic.ttf,Fira Sans Extra Condensed,Latin,320,2707,7.6,1.2,4,True,False,True,True,True
FiraSansExtraCondensed-LightItalic.ttf,Fira Sans Extra Condensed,Cyrillic,288,2707,7.569444444444445,1.2,4,True,False,True,True,True
FiraSansExtraCondensed-Medium.ttf,Fira Sans Extra Condensed,Latin,320,2708,9.4,1.2,4,True,False,True,True,True
FiraSansExtraCondensed-Medium.ttf,Fira Sans Extra Condensed,Cyrillic,288,2708,9.36111111111111,1.2,4,True,False,True,True,True
FiraSansExtraCondensed-MediumItalic.ttf,Fira Sans Extra Condensed,Latin,320,2707,7.6,1.2,4,True,False,True,True,True
FiraSansExtraCondensed-MediumItalic.ttf,Fira Sans Extra Condensed,Cyrillic,288,2707,7.569444444444445,1.2,4,True,False,True,True,True
FiraSansExtraCondensed-Regular.ttf,Fira Sans Extra Condensed,Latin,320,2708,9.4,1.2,4,True,False,True,True,True
FiraSansExtraCondensed-Regular.ttf,Fira Sans Extra Condensed,Cyrillic,288,2708,9.36111111111111,1.2,4,True,False,True,True,True
FiraSansExtraCondensed-SemiBold.ttf,Fira Sans Extra Condensed,Latin,320,2708,9.4,1.2,4,True,False,True,True,True
FiraSansExtraCondensed-SemiBold.ttf,Fira Sans Extra Condensed,Cyrillic,288,2708,9.36111111111111,1.2,4,True,False,True,True,True
FiraSansExtraCondensed-SemiBoldItalic.ttf,Fira Sans Extra Condensed,Latin,320,2707,7.6,1.2,4,True,False,True,True,True
FiraSansExtraCondensed-SemiBoldItalic.ttf,Fira Sans Extra Condensed,Cyrillic,288,2707,7.569444444444445,1.2,4,True,False,True,True,True
FiraSansExtraCondensed-Thin.ttf,Fira Sans Extra Condensed,Latin,320,2708,9.4,1.2,4,True,False,True,True,True
FiraSansExtraCondensed-Thin.ttf,Fira Sans Extra Condensed,Cyrillic,288,2708,9.36111111111111,1.2,4,True,False,True,True,True
FiraSansExtraCondensed-ThinItalic.ttf,Fira Sans Extra Condensed,Latin,320,2707,7.6,1.2,4,True,False,True,True,True
FiraSansExtraCondensed-ThinItalic.ttf,Fira Sans Extra Condensed,Cyrillic,288,2707,7.569444444444445,1.2,4,True,False,True,True,True
FjallaOne-Regular.ttf,Fjalla One,Latin,318,777,1.4433962264150944,1.2568359375,2,False,False,True,True,False
FjordOne-Regular.ttf,Fjord,Latin,241,282,1.0,1.25,0,False,False,False,False,False
Flamenco-Light.ttf,Flamenco,Latin,200,232,1.0,1.031,0,False,False,False,False,False
Flamenco-Regular.ttf,Flamenco,Latin,200,232,1.0,1.031,0,False,False,False,False,False
Flavors-Regular.ttf,Flavors,Latin,200,227,1.0,1.27734375,0,False,False,False,False,False
FleurDeLeah-Regular.ttf,Fleur De Leah,Latin,316,621,1.4462025316455696,1.37,2,False,False,True,True,False
FlowBlock-Regular.ttf,Flow Block,Latin,299,800,1.0,1.2,0,False,False,False,False,False
FlowBlock-Regular.ttf,Flow Block,Cyrillic,128,800,1.0,1.2,0,False,False,False,False,False
FlowCircular-Regular.ttf,Flow Circular,Latin,299,801,1.0,1.2,0,False,False,False,False,False
FlowCircular-Regular.ttf,Flow Circular,Cyrillic,128,801,1.0,1.2,0,False,False,False,False,False
FlowRounded-Regular.ttf,Flow Rounded,Latin,299,802,1.0,1.2,0,False,False,False,False,False
FlowRounded-Regular.ttf,Flow Rounded,Cyrillic,128,802,1.0,1.2,0,False,False,False,False,False
Foldit[wght].ttf,Foldit Thin,Latin,319,3638,1.4420062695924765,1.2,2,False,False,True,True,False
Fondamento-Italic.ttf,Fondamento,Latin,318,372,1.1477987421383649,1.3837890625,1,False,False,True,False,False
Fondamento-Regular.ttf,Fondamento,Latin,318,372,1.1477987421383649,1.3837890625,1,False,False,True,False,False
Forum-Regular.ttf,Forum,Latin,307,584,0.996742671009772,1.104,0,False,False,False,False,False
Forum-Regular.ttf,Forum,Cyrillic,182,584,1.0,1.104,0,False,False,False,False,False
FragmentMono-Italic.ttf,Fragment Mono,Latin,289,707,1.4463667820069204,1.2,3,True,False,True,True,False
FragmentMono-Regular.ttf,Fragment Mono,Latin,289,707,1.4463667820069204,1.2,3,True,False,True,True,False
FragmentMonoSC-Italic.ttf,Fragment Mono SC,Latin,289,729,1.4463667820069204,1.2,3,True,False,True,True,False
FragmentMonoSC-Regular.ttf,Fragment Mono SC,Latin,289,729,1.4463667820069204,1.2,3,True,False,True,True,False
FrancoisOne-Regular.ttf,Francois One,Latin,320,612,4.0,1.418,2,False,False,True,True,False
FrankRuhlLibre[wght].ttf,Frank Ruhl Libre,Latin,291,604,1.5910652920962198,1.291,3,False,False,True,True,True
"Fraunces-Italic[SOFT,WONK,opsz,wght].ttf",Fraunces,Latin,317,698,1.1482649842271293,1.233,1,False,False,True,False,False
"Fraunces[SOFT,WONK,opsz,wght].ttf",Fraunces,Latin,317,698,1.1482649842271293,1.233,1,False,False,True,False,False
FreckleFace-Regular.ttf,Freckle Face,Latin,318,368,1.1477987421383649,1.22900390625,1,False,False,True,False,False
FrederickatheGreat-Regular.ttf,Fredericka the Great,Latin,200,229,1.0,1.2255859375,0,False,False,False,False,False
"Fredoka[wdth,wght].ttf",Fredoka Light,Latin,200,335,1.6,1.21,3,False,False,True,True,True
Freehand-Regular.ttf,Freehand,Latin,98,360,1.2857142857142858,1.806640625,1,False,True,False,False,False
Freeman-Regular.ttf,Freeman,Latin,319,1576,1.5893416927899686,1.33,2,False,False,True,True,False
Fresca-Regular.ttf,Fresca,Latin,219,305,1.0,1.154,0,False,False,False,False,False
Frijole-Regular.ttf,Frijole,Latin,200,227,1.0,1.056640625,0,False,False,False,False,False
Fruktur-Italic.ttf,Fruktur,Latin,318,809,1.5911949685534592,1.25,3,True,False,True,True,False
Fruktur-Regular.ttf,Fruktur,Latin,318,809,1.5911949685534592,1.25,3,True,False,True,True,False
FugazOne-Regular.ttf,Fugaz One,Latin,197,229,1.0,1.468,0,False,False,False,False,False
Fuggles-Regular.ttf,Fuggles,Latin,320,1747,1.73125,1.201,3,True,False,True,True,False
FunnelDisplay[wght].ttf,Funnel Display Light,Latin,288,370,1.2986111111111112,1.25,2,False,False,True,True,False
FunnelSans-Italic[wght].ttf,Funnel Sans Light,Latin,288,370,1.2986111111111112,1.25,2,False,False,True,True,False
FunnelSans[wght].ttf,Funnel Sans Light,Latin,288,370,1.2986111111111112,1.25,2,False,False,True,True,False
Fustat[wght].ttf,Fustat,Latin,282,1006,2.1879432624113475,1.42,4,True,False,True,True,True
Fustat[wght].ttf,Fustat,Arabic,223,1006,2.1300448430493275,1.42,4,True,False,True,True,True
FuzzyBubbles-Bold.ttf,Fuzzy Bubbles,Latin,316,623,1.4462025316455696,1.25,2,False,False,True,True,False
FuzzyBubbles-Regular.ttf,Fuzzy Bubbles,Latin,316,623,1.4462025316455696,1.25,2,False,False,True,True,False
Gabarito[wght].ttf,Gabarito,Latin,289,519,1.5951557093425606,1.2,3,True,False,True,True,False
Gabriela-Regular.ttf,Gabriela,Latin,291,604,1.5910652920962198,1.281,2,False,False,True,True,False
Gabriela-Regular.ttf,Gabriela,Cyrillic,182,604,1.5934065934065933,1.281,2,False,False,True,True,False
Gaegu-Bold.ttf,Gaegu,Latin,94,2594,1.0,1.25,0,False,False,False,False,False
Gaegu-Light.ttf,Gaegu,Latin,94,2594,1.0,1.25,0,False,False,False,False,False
Gaegu-Regular.ttf,Gaegu,Latin,94,2594,1.0,1.25,0,False,False,False,False,False
Gafata-Regular.ttf,Gafata,Latin,200,235,1.15,1.123,1,False,False,True,False,False
GajrajOne-Regular.ttf,Gajraj One,Latin,315,782,3.3873015873015873,1.465,2,False,True,False,True,False
GajrajOne-Regular.ttf,Gajraj One,Devanagari,126,782,3.2857142857142856,1.465,2,False,True,False,True,False
Galada-Regular.ttf,Galada,Latin,216,655,4.555555555555555,1.627,3,True,True,False,True,False
Galada-Regular.ttf,Galada,Bengali,91,655,4.428571428571429,1.627,3,True,True,False,True,False
Galdeano-Regular.ttf,Galdeano,Latin,199,247,1.0,1.05,0,False,False,False,False,False
Galindo-Regular.ttf,Galindo,Latin,318,370,1.1477987421383649,1.41455078125,1,False,False,True,False,False
GaMaamli-Regular.ttf,Ga Maamli,Latin,308,811,1.448051948051948,1.25,2,False,False,True,True,False
GamjaFlower-Regular.ttf,Gamja Flower,Latin,119,12021,1.0,1.25,0,False,False,False,False,False
GamjaFlower-Regular.ttf,Gamja Flower,Katakana,86,12021,1.0,1.25,0,False,False,False,False,False
Gantari-Italic[wght].ttf,Gantari,Latin,292,373,1.4417808219178083,1.2,2,False,False,True,True,False
Gantari[wght].ttf,Gantari,Latin,292,373,1.4417808219178083,1.2,2,False,False,True,True,False
GasoekOne-Regular.ttf,Gasoek One,Latin,197,3147,1.2944162436548223,1.0,2,False,False,True,True,False
Gayathri-Bold.ttf,Gayathri,Latin,240,1126,2.35,1.220703125,2,False,True,False,True,False
Gayathri-Regular.ttf,Gayathri,Latin,240,1126,2.35,1.220703125,2,False,True,False,True,False
Gayathri-Thin.ttf,Gayathri Thin,Latin,240,1126,2.35,1.220703125,2,False,True,False,True,False
Geist-Italic[wght].ttf,Geist,Latin,307,975,1.4495114006514658,1.3,2,False,False,True,True,False
Geist-Italic[wght].ttf,Geist,Cyrillic,134,975,1.4477611940298507,1.3,2,False,False,True,True,False
Geist[wght].ttf,Geist,Latin,307,975,1.4495114006514658,1.3,2,False,False,True,True,False
Geist[wght].ttf,Geist,Cyrillic,134,975,1.4477611940298507,1.3,2,False,False,True,True,False
GeistMono-Italic[wght].ttf,Geist Mono,Latin,305,1148,1.2950819672131149,1.3,2,False,False,True,True,False
GeistMono-Italic[wght].ttf,Geist Mono,Cyrillic,134,1148,1.2985074626865671,1.3,2,False,False,True,True,False
GeistMono[wght].ttf,Geist Mono,Latin,305,1159,1.2950819672131149,1.3,2,False,False,True,True,False
GeistMono[wght].ttf,Geist Mono,Cyrillic,134,1159,1.2985074626865671,1.3,2,False,False,True,True,False
Gelasio-Italic[wght].ttf,Gelasio,Latin,319,1069,1.4420062695924765,1.26953125,2,False,False,True,True,False
Gelasio[wght].ttf,Gelasio,Latin,319,1070,1.4420062695924765,1.26953125,2,False,False,True,True,False
GemunuLibre[wght].ttf,Gemunu Libre ExtraLight,Latin,276,907,2.039855072463768,1.084,2,False,True,True,False,False
Genos-Italic[wght].ttf,Genos Thin,Latin,319,817,1.5893416927899686,1.2,2,False,False,True,True,False
Genos[wght].ttf,Genos Thin,Latin,319,816,1.5893416927899686,1.2,2,False,False,True,True,False
GentiumBookPlus-Bold.ttf,Gentium Book Plus,Latin,318,4307,1.4433962264150944,1.46484375,3,False,False,True,True,True
GentiumBookPlus-Bold.ttf,Gentium Book Plus,Cyrillic,268,4307,1.4477611940298507,1.46484375,3,False,False,True,True,True
GentiumBookPlus-BoldItalic.ttf,Gentium Book Plus,Latin,318,4307,1.4433962264150944,1.46484375,3,False,False,True,True,True
GentiumBookPlus-BoldItalic.ttf,Gentium Book Plus,Cyrillic,268,4307,1.4477611940298507,1.46484375,3,False,False,True,True,True
GentiumBookPlus-Italic.ttf,Gentium Book Plus,Latin,318,4307,1.4433962264150944,1.46484375,3,False,False,True,True,True
GentiumBookPlus-Italic.ttf,Gentium Book Plus,Cyrillic,268,4307,1.4477611940298507,1.46484375,3,False,False,True,True,True
GentiumBookPlus-Regular.ttf,Gentium Book Plus,Latin,318,4307,1.4433962264150944,1.46484375,3,False,False,True,True,True
GentiumBookPlus-Regular.ttf,Gentium Book Plus,Cyrillic,268,4307,1.4477611940298507,1.46484375,3,False,False,True,True,True
GentiumPlus-Bold.ttf,Gentium Plus,Latin,318,4307,1.4433962264150944,1.46484375,3,False,False,True,True,True
GentiumPlus-Bold.ttf,Gentium Plus,Cyrillic,268,4307,1.4477611940298507,1.46484375,3,False,False,True,True,True
GentiumPlus-BoldItalic.ttf,Gentium Plus,Latin,318,4307,1.4433962264150944,1.46484375,3,False,False,True,True,True
GentiumPlus-BoldItalic.ttf,Gentium Plus,Cyrillic,268,4307,1.4477611940298507,1.46484375,3,False,False,True,True,True
GentiumPlus-Italic.ttf,Gentium Plus,Latin,318,4307,1.4433962264150944,1.46484375,3,False,False,True,True,True
GentiumPlus-Italic.ttf,Gentium Plus,Cyrillic,268,4307,1.4477611940298507,1.46484375,3,False,False,True,True,True
GentiumPlus-Regular.ttf,Gentium Plus,Latin,318,4307,1.4433962264150944,1.46484375,3,False,False,True,True,True
GentiumPlus-Regular.ttf,Gentium Plus,Cyrillic,268,4307,1.4477611940298507,1.46484375,3,False,False,True,True,True
Geo-Oblique.ttf,Geo,Latin,180,207,1.0,1.08984375,0,False,False,False,False,False
Geo-Regular.ttf,Geo,Latin,180,207,1.0,1.08984375,0,False,False,False,False,False
"Geologica[CRSV,SHRP,slnt,wght].ttf",Geologica Thin,Latin,318,973,1.5911949685534592,1.25,3,True,False,True,True,False
"Geologica[CRSV,SHRP,slnt,wght].ttf",Geologica Thin,Cyrillic,182,973,1.5934065934065933,1.25,3,True,False,True,True,False
Geom-Italic[wght].ttf,Geom,Latin,317,516,1.444794952681388,1.25,2,False,False,True,True,False
Geom[wght].ttf,Geom,Latin,317,516,1.444794952681388,1.25,2,False,False,True,True,False
"Georama-Italic[wdth,wght].ttf",Georama ExtraCondensed Thin,Latin,320,1090,1.3,1.194,3,True,False,True,True,False
"Georama[wdth,wght].ttf",Georama ExtraCondensed Thin,Latin,320,1091,1.3,1.194,3,True,False,True,True,False
Geostar-Regular.ttf,Geostar,Latin,197,227,0.9949238578680203,1.148,0,False,False,False,False,False
GeostarFill-Regular.ttf,Geostar Fill,Latin,197,227,0.9949238578680203,1.148,0,False,False,False,False,False
GermaniaOne-Regular.ttf,Germania One,Latin,235,282,1.0,1.161,0,False,False,False,False,False
GFSDidot-Regular.ttf,GFS Didot,Latin,316,1147,1.4462025316455696,1.024,2,True,False,True,False,False
GFSNeohellenic.ttf,GFS Neohellenic,Latin,317,1142,1.444794952681388,0.869,2,True,False,True,False,False
GFSNeohellenicBold.ttf,GFS Neohellenic,Latin,317,879,1.444794952681388,0.894,2,True,False,True,False,False
GFSNeohellenicBoldItalic.ttf,GFS Neohellenic,Latin,317,888,1.444794952681388,0.899,2,True,False,True,False,False
GFSNeohellenicItalic.ttf,GFS Neohellenic,Latin,317,924,1.444794952681388,0.901,2,True,False,True,False,False
GideonRoman-Regular.ttf,Gideon Roman,Latin,316,660,1.5949367088607596,1.2,2,False,False,True,True,False
Gidole-Regular.ttf,Gidole,Latin,317,921,1.444794952681388,1.23046875,3,False,False,True,True,True
Gidole-Regular.ttf,Gidole,Cyrillic,100,921,1.45,1.23046875,3,False,False,True,True,True
Gidugu-Regular.ttf,Gidugu,Latin,317,1005,2.0378548895899056,1.8540925266903914,2,False,True,False,True,False
Gidugu-Regular.ttf,Gidugu,Telugu,95,1005,2.031578947368421,1.8540925266903914,2,False,True,False,True,False
GildaDisplay-Regular.ttf,Gilda Display,Latin,317,447,1.5930599369085174,1.177,2,False,False,True,True,False
Girassol-Regular.ttf,Girassol,Latin,295,436,1.4474576271186441,1.194,2,True,False,True,False,False
GiveYouGlory.ttf,Give You Glory,Latin,307,355,0.996742671009772,1.6083984375,0,False,False,False,False,False
GlassAntiqua-Regular.ttf,Glass Antiqua,Latin,302,358,1.1490066225165563,1.035,1,False,False,True,False,False
Glegoo-Bold.ttf,Glegoo,Latin,318,860,2.6257861635220126,1.793,3,False,True,False,True,True
Glegoo-Bold.ttf,Glegoo,Devanagari,155,860,2.632258064516129,1.793,3,False,True,False,True,True
Glegoo-Regular.ttf,Glegoo,Latin,318,862,2.6257861635220126,1.793,3,False,True,False,True,True
Glegoo-Regular.ttf,Glegoo,Devanagari,155,862,2.632258064516129,1.793,3,False,True,False,True,True
Gloock-Regular.ttf,Gloock,Latin,290,524,1.4448275862068964,1.2,2,False,False,True,True,False
GloriaHallelujah.ttf,Gloria Hallelujah,Latin,312,361,1.0,1.982421875,0,False,False,False,False,False
Glory-Italic[wght].ttf,Glory Thin,Latin,295,495,1.4474576271186441,1.12,2,False,False,True,True,False
Glory[wght].ttf,Glory Thin,Latin,295,495,1.4474576271186441,1.12,2,False,False,True,True,False
"Gluten[slnt,wght].ttf",Gluten Thin,Latin,317,770,1.444794952681388,0.8825,2,False,False,True,True,False
GoblinOne.ttf,Goblin One,Latin,231,258,1.0,1.25,0,False,False,False,False,False
GochiHand-Regular.ttf,Gochi Hand,Latin,216,244,1.1481481481481481,1.1787109375,1,False,False,True,False,False
Goldman-Bold.ttf,Goldman,Latin,318,642,1.5911949685534592,1.2,3,True,False,True,True,False
Goldman-Regular.ttf,Goldman,Latin,318,642,1.5911949685534592,1.2,3,True,False,True,True,False
GolosText[wght].ttf,Golos Text,Latin,292,643,1.2945205479452055,1.2,3,True,False,False,True,True
GolosText[wght].ttf,Golos Text,Cyrillic,172,643,1.2906976744186047,1.2,3,True,False,False,True,True
GoogleSansCode-Italic[wght].ttf,Google Sans Code,Latin,298,688,1.1476510067114094,1.252,1,False,False,False,True,False
GoogleSansCode[wght].ttf,Google Sans Code,Latin,298,687,1.1476510067114094,1.252,1,False,False,False,True,False
Gorditas-Bold.ttf,Gorditas,Latin,198,220,1.0,1.213,0,False,False,False,False,False
Gorditas-Regular.ttf,Gorditas,Latin,199,222,1.0,1.213,0,False,False,False,False,False
GothicA1-Black.ttf,Gothic A1,Latin,319,22711,1.0,1.25,0,False,False,False,False,False
GothicA1-Black.ttf,Gothic A1,Cyrillic,275,22711,1.0,1.25,0,False,False,False,False,False
GothicA1-Black.ttf,Gothic A1,Katakana,96,22711,1.0,1.25,0,False,False,False,False,False
GothicA1-Bold.ttf,Gothic A1,Latin,319,22711,1.0,1.25,0,False,False,False,False,False
GothicA1-Bold.ttf,Gothic A1,Cyrillic,275,22711,1.0,1.25,0,False,False,False,False,False
GothicA1-Bold.ttf,Gothic A1,Katakana,96,22711,1.0,1.25,0,False,False,False,False,False
GothicA1-ExtraBold.ttf,Gothic A1,Latin,319,22711,1.0,1.25,0,False,False,False,False,False
GothicA1-ExtraBold.ttf,Gothic A1,Cyrillic,275,22711,1.0,1.25,0,False,False,False,False,False
GothicA1-ExtraBold.ttf,Gothic A1,Katakana,96,22711,1.0,1.25,0,False,False,False,False,False
GothicA1-ExtraLight.ttf,Gothic A1,Latin,319,22709,1.0,1.25,0,False,False,False,False,False
GothicA1-ExtraLight.ttf,Gothic A1,Cyrillic,275,22709,1.0,1.25,0,False,False,False,False,False
GothicA1-ExtraLight.ttf,Gothic A1,Katakana,96,22709,1.0,1.25,0,False,False,False,False,False
GothicA1-Light.ttf,Gothic A1,Latin,319,22709,1.0,1.25,0,False,False,False,False,False
GothicA1-Light.ttf,Gothic A1,Cyrillic,275,22709,1.0,1.25,0,False,False,False,False,False
GothicA1-Light.ttf,Gothic A1,Katakana,96,22709,1.0,1.25,0,False,False,False,False,False
GothicA1-Medium.ttf,Gothic A1,Latin,319,22711,1.0,1.25,0,False,False,False,False,False
GothicA1-Medium.ttf,Gothic A1,Cyrillic,275,22711,1.0,1.25,0,False,False,False,False,False
GothicA1-Medium.ttf,Gothic A1,Katakana,96,22711,1.0,1.25,0,False,False,False,False,False
GothicA1-Regular.ttf,Gothic A1,Latin,319,22709,1.0,1.25,0,False,False,False,False,False
GothicA1-Regular.ttf,Gothic A1,Cyrillic,275,22709,1.0,1.25,0,False,False,False,False,False
GothicA1-Regular.ttf,Gothic A1,Katakana,96,22709,1.0,1.25,0,False,False,False,False,False
GothicA1-SemiBold.ttf,Gothic A1,Latin,319,22710,1.0,1.25,0,False,False,False,False,False
GothicA1-SemiBold.ttf,Gothic A1,Cyrillic,275,22710,1.0,1.25,0,False,False,False,False,False
GothicA1-SemiBold.ttf,Gothic A1,Katakana,96,22710,1.0,1.25,0,False,False,False,False,False
GothicA1-Thin.ttf,Gothic A1,Latin,319,22708,1.0,1.25,0,False,False,False,False,False
GothicA1-Thin.ttf,Gothic A1,Cyrillic,275,22708,1.0,1.25,0,False,False,False,False,False
GothicA1-Thin.ttf,Gothic A1,Katakana,96,22708,1.0,1.25,0,False,False,False,False,False
Gotu-Regular.ttf,Gotu,Latin,321,1643,23.57943925233645,1.66,3,False,True,True,True,False
Gotu-Regular.ttf,Gotu,Devanagari,129,1643,23.24031007751938,1.66,3,False,True,True,True,False
GoudyBookletter1911.ttf,Goudy Bookletter 1911,Latin,261,303,1.0,1.08984375,0,False,False,False,False,False
GowunBatang-Bold.ttf,Gowun Batang,Latin,319,12550,1.4420062695924765,1.0,2,False,False,True,True,False
GowunBatang-Regular.ttf,Gowun Batang,Latin,319,12550,1.4420062695924765,1.0,2,False,False,True,True,False
GowunDodum-Regular.ttf,Gowun Dodum,Latin,319,12550,1.4420062695924765,1.0,2,False,False,True,True,False
Graduate-Regular.ttf,Graduate,Latin,317,408,1.444794952681388,1.139,2,False,False,True,True,False
GrandHotel-Regular.ttf,Grand Hotel,Latin,318,369,1.1477987421383649,1.3583984375,1,False,False,True,False,False
GrandifloraOne-Regular.ttf,Grandiflora One,Latin,313,3401,1.4408945686900958,1.0,2,False,False,True,True,False
Grandstander-Italic[wght].ttf,Grandstander Thin,Latin,317,841,1.5930599369085174,0.9975,2,False,False,True,True,False
Grandstander[wght].ttf,Grandstander Thin,Latin,317,841,1.5930599369085174,0.9975,2,False,False,True,True,False
GrapeNuts-Regular.ttf,Grape Nuts,Latin,316,616,1.4462025316455696,1.225,2,False,False,True,True,False
GravitasOne.ttf,Gravitas One,Latin,212,238,0.9952830188679245,1.27197265625,0,False,False,False,False,False
GreatVibes-Regular.ttf,Great Vibes,Latin,317,2025,2.0378548895899056,1.252,3,True,False,True,True,False
GreatVibes-Regular.ttf,Great Vibes,Cyrillic,100,2025,2.05,1.252,3,True,False,True,True,False
GrechenFuemen-Regular.ttf,Grechen Fuemen,Latin,316,625,1.4462025316455696,1.22,2,False,False,True,True,False
Grenze-Italic[wght].ttf,Grenze,Latin,320,795,1.6,1.48,4,True,False,True,True,True
Grenze[wght].ttf,Grenze,Latin,320,794,1.6,1.48,4,True,False,True,True,True
GrenzeGotisch[wght].ttf,Grenze Gotisch,Latin,330,1111,1.593939393939394,1.48,3,False,False,True,True,True
GreyQo-Regular.ttf,Grey Qo,Latin,316,628,1.4462025316455696,1.26,2,False,False,True,True,False
Griffy-Regular.ttf,Griffy,Latin,219,258,1.0,1.3505859375,0,False,False,False,False,False
Gruppo-Regular.ttf,Gruppo,Latin,312,423,1.4423076923076923,0.96630859375,2,False,False,True,True,False
Gudea-Bold.ttf,Gudea,Latin,218,278,1.0,1.236,0,False,False,False,False,False
Gudea-Italic.ttf,Gudea,Latin,218,291,1.0,1.236,0,False,False,False,False,False
Gudea-Regular.ttf,Gudea,Latin,218,278,1.0,1.236,0,False,False,False,False,False
Gugi-Regular.ttf,Gugi,Latin,93,2495,1.0,1.25,0,False,False,False,False,False
Gulim-Regular.ttf,Gulim,Latin,322,22522,1.0,1.0,0,False,False,False,False,False
Gulim-Regular.ttf,Gulim,Cyrillic,94,22522,1.0,1.0,0,False,False,False,False,False
Gulim-Regular.ttf,Gulim,Katakana,86,22522,1.0,1.0,0,False,False,False,False,False
Gulim-Regular.ttf,Gulim,Han,7744,22522,1.0,1.0,0,False,False,False,False,False
GulimChe-Regular.ttf,GulimChe,Latin,322,22522,1.0,1.0,0,False,False,False,False,False
GulimChe-Regular.ttf,GulimChe,Cyrillic,94,22522,1.0,1.0,0,False,False,False,False,False
GulimChe-Regular.ttf,GulimChe,Katakana,86,22522,1.0,1.0,0,False,False,False,False,False
GulimChe-Regular.ttf,GulimChe,Han,7744,22522,1.0,1.0,0,False,False,False,False,False
Gulzar-Regular.ttf,Gulzar,Latin,213,1161,2.7464788732394365,2.7,4,True,False,True,True,True
Gulzar-Regular.ttf,Gulzar,Arabic,124,1161,2.7419354838709675,2.7,4,True,False,True,True,True
Gungsuh-Regular.ttf,Gungsuh,Latin,322,21896,1.0,1.0,0,False,False,False,False,False
Gungsuh-Regular.ttf,Gungsuh,Cyrillic,94,21896,1.0,1.0,0,False,False,False,False,False
Gungsuh-Regular.ttf,Gungsuh,Katakana,86,21896,1.0,1.0,0,False,False,False,False,False
Gungsuh-Regular.ttf,Gungsuh,Han,7744,21896,1.0,1.0,0,False,False,False,False,False
GungsuhChe-Regular.ttf,GungsuhChe,Latin,322,21896,1.0,1.0,0,False,False,False,False,False
GungsuhChe-Regular.ttf,GungsuhChe,Cyrillic,94,21896,1.0,1.0,0,False,False,False,False,False
GungsuhChe-Regular.ttf,GungsuhChe,Katakana,86,21896,1.0,1.0,0,False,False,False,False,False
GungsuhChe-Regular.ttf,GungsuhChe,Han,7744,21896,1.0,1.0,0,False,False,False,False,False
Gupter-Bold.ttf,Gupter,Latin,202,251,1.297029702970297,1.15,1,False,False,True,False,False
Gupter-Medium.ttf,Gupter,Latin,202,251,1.297029702970297,1.15,1,False,False,True,False,False
Gupter-Regular.ttf,Gupter,Latin,202,251,1.297029702970297,1.15,1,False,False,True,False,False
Gurajada-Regular.ttf,Gurajada,Latin,317,963,1.889589905362776,1.966355140186916,2,False,True,False,True,False
Gurajada-Regular.ttf,Gurajada,Telugu,94,963,1.8936170212765957,1.966355140186916,2,False,True,False,True,False
GveretLevin-Regular.ttf,Gveret Levin,Latin,105,226,1.2857142857142858,1.3,4,True,False,True,True,True
Gwendolyn-Bold.ttf,Gwendolyn,Latin,316,628,1.4462025316455696,1.2,2,False,False,True,True,False
Gwendolyn-Regular.ttf,Gwendolyn,Latin,316,628,1.4462025316455696,1.2,2,False,False,True,True,False
Habibi-Regular.ttf,Habibi,Latin,338,426,1.2958579881656804,1.25,1,False,False,True,False,False
HachiMaruPop-Regular.ttf,Hachi Maru Pop,Latin,196,7575,1.0,1.0,0,False,False,False,False,False
HachiMaruPop-Regular.ttf,Hachi Maru Pop,Cyrillic,66,7575,1.0,1.0,0,False,False,False,False,False
HachiMaruPop-Regular.ttf,Hachi Maru Pop,Katakana,94,7575,1.0,1.0,0,False,False,False,False,False
HachiMaruPop-Regular.ttf,Hachi Maru Pop,Han,6716,7575,1.0,1.0,0,False,False,False,False,False
Hahmlet[wght].ttf,Hahmlet,Latin,316,3998,1.5949367088607596,1.0,3,True,False,True,True,False
Halant-Bold.ttf,Halant,Latin,202,931,2.782178217821782,1.575,3,False,True,True,True,False
Halant-Bold.ttf,Halant,Devanagari,102,931,2.764705882352941,1.575,3,False,True,True,True,False
Halant-Light.ttf,Halant,Latin,202,931,2.782178217821782,1.575,3,False,True,True,True,False
Halant-Light.ttf,Halant,Devanagari,102,931,2.764705882352941,1.575,3,False,True,True,True,False
Halant-Medium.ttf,Halant,Latin,202,931,2.782178217821782,1.575,3,False,True,True,True,False
Halant-Medium.ttf,Halant,Devanagari,102,931,2.764705882352941,1.575,3,False,True,True,True,False
Halant-Regular.ttf,Halant,Latin,202,931,2.782178217821782,1.575,3,False,True,True,True,False
Halant-Regular.ttf,Halant,Devanagari,102,931,2.764705882352941,1.575,3,False,True,True,True,False
Halant-SemiBold.ttf,Halant,Latin,202,931,2.782178217821782,1.575,3,False,True,True,True,False
Halant-SemiBold.ttf,Halant,Devanagari,102,931,2.764705882352941,1.575,3,False,True,True,True,False
HammersmithOne-Regular.ttf,Hammersmith One,Latin,336,424,1.0,1.25,0,False,False,False,False,False
Hanalei-Regular.ttf,Hanalei,Latin,318,366,1.1477987421383649,1.30126953125,1,False,False,True,False,False
HanaleiFill-Regular.ttf,Hanalei Fill,Latin,318,366,1.1477987421383649,1.30126953125,1,False,False,True,False,False
"Handjet[ELGR,ELSH,wght].ttf",Handjet,Latin,320,1605,2.2,1.1176470588235294,4,True,False,True,True,True
"Handjet[ELGR,ELSH,wght].ttf",Handjet,Cyrillic,182,1605,2.1868131868131866,1.1176470588235294,4,True,False,True,True,True
"Handjet[ELGR,ELSH,wght].ttf",Handjet,Arabic,239,1605,2.1715481171548117,1.1176470588235294,4,True,False,True,True,True
Handlee-Regular.ttf,Handlee,Latin,176,204,1.0,1.334,0,False,False,False,False,False
HankenGrotesk-Italic[wght].ttf,Hanken Grotesk,Latin,318,708,1.5911949685534592,1.303,2,False,False,True,True,False
HankenGrotesk[wght].ttf,Hanken Grotesk,Latin,318,708,1.5911949685534592,1.303,2,False,False,True,True,False
BM-HANNA.ttf,BM HANNA,Latin,128,11354,1.0,1.0,0,False,False,False,False,False
Hannari-Regular.ttf,Hannari,Katakana,90,230,1.0,1.5,0,False,False,False,False,False
Hanuman[wght].ttf,Hanuman,Latin,98,361,1.2755102040816326,1.46484375,1,False,True,False,False,False
HappyMonkey-Regular.ttf,Happy Monkey,Latin,198,220,1.0,1.205,0,False,False,False,False,False
Harmattan-Bold.ttf,Harmattan,Latin,199,1789,3.3316582914572863,1.70361328125,4,True,False,True,True,True
Harmattan-Bold.ttf,Harmattan,Arabic,312,1789,3.358974358974359,1.70361328125,4,True,False,True,True,True
Harmattan-Medium.ttf,Harmattan Medium,Latin,199,1789,3.3316582914572863,1.70361328125,4,True,False,True,True,True
Harmattan-Medium.ttf,Harmattan Medium,Arabic,312,1789,3.358974358974359,1.70361328125,4,True,False,True,True,True
Harmattan-Regular.ttf,Harmattan,Latin,199,1789,3.3316582914572863,1.70361328125,4,True,False,True,True,True
Harmattan-Regular.ttf,Harmattan,Arabic,312,1789,3.358974358974359,1.70361328125,4,True,False,True,True,True
Harmattan-SemiBold.ttf,Harmattan SemiBold,Latin,199,1789,3.3316582914572863,1.70361328125,4,True,False,True,True,True
Harmattan-SemiBold.ttf,Harmattan SemiBold,Arabic,312,1789,3.358974358974359,1.70361328125,4,True,False,True,True,True
HeadlandOne-Regular.ttf,HeadlandOne,Latin,336,423,1.0,1.25244140625,0,False,False,False,False,False
HedvigLettersSans-Regular.ttf,Hedvig Letters Sans,Latin,304,457,1.444078947368421,1.34,3,True,False,True,True,False
HedvigLettersSerif[opsz].ttf,Hedvig Letters Serif 24pt,Latin,304,457,1.444078947368421,1.34,3,True,False,True,True,False
Heebo[wght].ttf,Heebo,Latin,290,591,1.5931034482758621,1.46875,3,False,False,True,True,True
HennyPenny-Regular.ttf,Henny Penny,Latin,194,232,1.2989690721649485,1.77197265625,1,False,False,True,False,False
HeptaSlab[wght].ttf,Hepta Slab ExtraLight,Latin,318,1288,1.5911949685534592,1.251,4,True,False,True,True,True
HermeneusOne-Regular.ttf,Hermeneus One,Latin,318,460,1.1477987421383649,1.209,1,False,False,True,False,False
HerrVonMuellerhoff-Regular.ttf,Herr Von Muellerhoff,Latin,199,233,1.0,1.422,0,False,False,False,False,False
HiMelody-Regular.ttf,Hi Melody,Latin,121,12103,1.0,1.25,0,False,False,False,False,False
HiMelody-Regular.ttf,Hi Melody,Katakana,86,12103,1.0,1.25,0,False,False,False,False,False
HinaMincho-Regular.ttf,Hina Mincho,Latin,317,8302,3.965299684542587,1.0,2,False,False,True,True,False
HinaMincho-Regular.ttf,Hina Mincho,Cyrillic,66,8302,3.727272727272727,1.0,2,False,False,True,True,False
HinaMincho-Regular.ttf,Hina Mincho,Katakana,94,8302,3.978723404255319,1.0,2,False,False,True,True,False
HinaMincho-Regular.ttf,Hina Mincho,Han,6720,8302,4.0,1.0,2,False,False,True,True,False
Hind-Bold.ttf,Hind,Latin,278,1006,3.212230215827338,1.601,3,False,True,True,True,False
Hind-Bold.ttf,Hind,Devanagari,94,1006,3.234042553191489,1.601,3,False,True,True,True,False
Hind-Light.ttf,Hind,Latin,278,1006,3.212230215827338,1.601,3,False,True,True,True,False
Hind-Light.ttf,Hind,Devanagari,94,1006,3.234042553191489,1.601,3,False,True,True,True,False
Hind-Medium.ttf,Hind,Latin,278,1006,3.212230215827338,1.601,3,False,True,True,True,False
Hind-Medium.ttf,Hind,Devanagari,94,1006,3.234042553191489,1.601,3,False,True,True,True,False
Hind-Regular.ttf,Hind,Latin,278,1006,3.212230215827338,1.601,3,False,True,True,True,False
Hind-Regular.ttf,Hind,Devanagari,94,1006,3.234042553191489,1.601,3,False,True,True,True,False
Hind-SemiBold.ttf,Hind,Latin,278,1006,3.212230215827338,1.601,3,False,True,True,True,False
Hind-SemiBold.ttf,Hind,Devanagari,94,1006,3.234042553191489,1.601,3,False,True,True,True,False
HindColombo-Bold.ttf,Hind Colombo,Latin,276,588,1.891304347826087,1.516,1,False,True,False,False,False
HindColombo-Light.ttf,Hind Colombo Light,Latin,276,588,1.891304347826087,1.516,1,False,True,False,False,False
HindColombo-Medium.ttf,Hind Colombo Medium,Latin,276,588,1.891304347826087,1.516,1,False,True,False,False,False
HindColombo-Regular.ttf,Hind Colombo,Latin,276,588,1.891304347826087,1.516,1,False,True,False,False,False
HindColombo-SemiBold.ttf,Hind Colombo SemiBold,Latin,276,588,1.891304347826087,1.516,1,False,True,False,False,False
HindGuntur-Bold.ttf,Hind Guntur,Latin,275,894,1.5963636363636364,1.888,2,False,True,False,True,False
HindGuntur-Bold.ttf,Hind Guntur,Telugu,76,894,1.5789473684210527,1.888,2,False,True,False,True,False
HindGuntur-Light.ttf,Hind Guntur,Latin,275,894,1.5963636363636364,1.888,2,False,True,False,True,False
HindGuntur-Light.ttf,Hind Guntur,Telugu,76,894,1.5789473684210527,1.888,2,False,True,False,True,False
HindGuntur-Medium.ttf,Hind Guntur,Latin,275,894,1.5963636363636364,1.888,2,False,True,False,True,False
HindGuntur-Medium.ttf,Hind Guntur,Telugu,76,894,1.5789473684210527,1.888,2,False,True,False,True,False
HindGuntur-Regular.ttf,Hind Guntur,Latin,275,894,1.5963636363636364,1.888,2,False,True,False,True,False
HindGuntur-Regular.ttf,Hind Guntur,Telugu,76,894,1.5789473684210527,1.888,2,False,True,False,True,False
HindGuntur-SemiBold.ttf,Hind Guntur,Latin,275,894,1.5963636363636364,1.888,2,False,True,False,True,False
HindGuntur-SemiBold.ttf,Hind Guntur,Telugu,76,894,1.5789473684210527,1.888,2,False,True,False,True,False
HindJalandhar-Bold.ttf,Hind Jalandhar,Latin,276,477,1.7427536231884058,1.725,2,False,True,False,True,False
HindJalandhar-Light.ttf,Hind Jalandhar Light,Latin,276,477,1.7427536231884058,1.725,2,False,True,False,True,False
HindJalandhar-Medium.ttf,Hind Jalandhar Medium,Latin,276,477,1.7427536231884058,1.725,2,False,True,False,True,False
HindJalandhar-Regular.ttf,Hind Jalandhar,Latin,276,477,1.7427536231884058,1.725,2,False,True,False,True,False
HindJalandhar-SemiBold.ttf,Hind Jalandhar SemiBold,Latin,276,477,1.7427536231884058,1.725,2,False,True,False,True,False
HindKochi-Bold.ttf,Hind Kochi,Latin,276,532,1.5942028985507246,1.64,1,False,True,False,False,False
HindKochi-Light.ttf,Hind Kochi Light,Latin,276,532,1.5942028985507246,1.64,1,False,True,False,False,False
HindKochi-Medium.ttf,Hind Kochi Medium,Latin,276,532,1.5942028985507246,1.64,1,False,True,False,False,False
HindKochi-Regular.ttf,Hind Kochi,Latin,276,532,1.5942028985507246,1.64,1,False,True,False,False,False
HindKochi-SemiBold.ttf,Hind Kochi SemiBold,Latin,276,532,1.5942028985507246,1.64,1,False,True,False,False,False
HindMadurai-Bold.ttf,Hind Madurai,Latin,275,520,1.4472727272727273,1.38,3,False,True,True,True,False
HindMadurai-Bold.ttf,Hind Madurai,Tamil,72,520,1.4166666666666667,1.38,3,False,True,True,True,False
HindMadurai-Light.ttf,Hind Madurai,Latin,275,520,1.4472727272727273,1.38,3,False,True,True,True,False
HindMadurai-Light.ttf,Hind Madurai,Tamil,72,520,1.4166666666666667,1.38,3,False,True,True,True,False
HindMadurai-Medium.ttf,Hind Madurai,Latin,275,520,1.4472727272727273,1.38,3,False,True,True,True,False
HindMadurai-Medium.ttf,Hind Madurai,Tamil,72,520,1.4166666666666667,1.38,3,False,True,True,True,False
HindMadurai-Regular.ttf,Hind Madurai,Latin,275,520,1.4472727272727273,1.38,3,False,True,True,True,False
HindMadurai-Regular.ttf,Hind Madurai,Tamil,72,520,1.4166666666666667,1.38,3,False,True,True,True,False
HindMadurai-SemiBold.ttf,Hind Madurai,Latin,275,520,1.4472727272727273,1.38,3,False,True,True,True,False
HindMadurai-SemiBold.ttf,Hind Madurai,Tamil,72,520,1.4166666666666667,1.38,3,False,True,True,True,False
HindMysuru-Bold.ttf,Hind Mysuru,Latin,276,827,1.7427536231884058,1.714,2,False,True,False,True,False
HindMysuru-Light.ttf,Hind Mysuru Light,Latin,276,827,1.7427536231884058,1.714,2,False,True,False,True,False
HindMysuru-Medium.ttf,Hind Mysuru Medium,Latin,276,827,1.7427536231884058,1.714,2,False,True,False,True,False
HindMysuru-Regular.ttf,Hind Mysuru,Latin,276,827,1.7427536231884058,1.714,2,False,True,False,True,False
HindMysuru-SemiBold.ttf,Hind Mysuru SemiBold,Latin,276,827,1.7427536231884058,1.714,2,False,True,False,True,False
HindSiliguri-Bold.ttf,Hind Siliguri,Latin,275,821,2.192727272727273,1.617,3,True,True,False,True,False
HindSiliguri-Bold.ttf,Hind Siliguri,Bengali,92,821,2.130434782608696,1.617,3,True,True,False,True,False
HindSiliguri-Light.ttf,Hind Siliguri,Latin,275,821,2.192727272727273,1.617,3,True,True,False,True,False
HindSiliguri-Light.ttf,Hind Siliguri,Bengali,92,821,2.130434782608696,1.617,3,True,True,False,True,False
HindSiliguri-Medium.ttf,Hind Siliguri,Latin,275,821,2.192727272727273,1.617,3,True,True,False,True,False
HindSiliguri-Medium.ttf,Hind Siliguri,Bengali,92,821,2.130434782608696,1.617,3,True,True,False,True,False
HindSiliguri-Regular.ttf,Hind Siliguri,Latin,275,821,2.192727272727273,1.617,3,True,True,False,True,False
HindSiliguri-Regular.ttf,Hind Siliguri,Bengali,92,821,2.130434782608696,1.617,3,True,True,False,True,False
HindSiliguri-SemiBold.ttf,Hind Siliguri,Latin,275,821,2.192727272727273,1.617,3,True,True,False,True,False
HindSiliguri-SemiBold.ttf,Hind Siliguri,Bengali,92,821,2.130434782608696,1.617,3,True,True,False,True,False
HindVadodara-Bold.ttf,Hind Vadodara,Latin,275,851,2.789090909090909,1.498,2,False,True,False,True,False
HindVadodara-Light.ttf,Hind Vadodara,Latin,275,851,2.789090909090909,1.498,2,False,True,False,True,False
HindVadodara-Medium.ttf,Hind Vadodara,Latin,275,851,2.789090909090909,1.498,2,False,True,False,True,False
HindVadodara-Regular.ttf,Hind Vadodara,Latin,275,851,2.789090909090909,1.498,2,False,True,False,True,False
HindVadodara-SemiBold.ttf,Hind Vadodara,Latin,275,851,2.789090909090909,1.498,2,False,True,False,True,False
HoltwoodOneSC-Regular.ttf,Holtwood One SC,Latin,280,376,1.45,1.62744140625,2,False,False,True,True,False
Homenaje-Regular.ttf,Homenaje,Latin,218,240,1.0,1.096,0,False,False,False,False,False
"Honk[MORF,SHLN].ttf",Honk,Latin,309,3216,1.4466019417475728,1.22,1,False,False,True,False,False
HostGrotesk-Italic[wght].ttf,Host Grotesk Light,Latin,303,448,1.4455445544554455,1.33,3,True,False,True,True,False
HostGrotesk[wght].ttf,Host Grotesk Light,Latin,304,449,1.444078947368421,1.33,3,True,False,True,True,False
Hubballi-Regular.ttf,Hubballi,Latin,276,859,2.039855072463768,0.956,3,False,True,True,True,False
"HubotSans-Italic[wdth,wght].ttf",Hubot Sans Condensed ExtraLight,Latin,312,736,1.294871794871795,1.41,2,False,False,True,True,False
"HubotSans[wdth,wght].ttf",Hubot Sans Condensed ExtraLight,Latin,312,736,1.294871794871795,1.41,2,False,False,True,True,False
Huninn-Regular.ttf,粉圓,Latin,320,11609,1.45,1.12,3,False,False,True,True,True
Huninn-Regular.ttf,粉圓,Cyrillic,72,11609,1.4166666666666667,1.12,3,False,False,True,True,True
Huninn-Regular.ttf,粉圓,Katakana,88,11609,1.4431818181818181,1.12,3,False,False,True,True,True
Huninn-Regular.ttf,粉圓,Han,9803,11609,1.449862287054983,1.12,3,False,False,True,True,True
Hurricane-Regular.ttf,Hurricane,Latin,316,1427,1.8924050632911393,1.38,3,True,False,True,True,False
Iansui-Regular.ttf,芫荽,Latin,240,15188,1.45,1.12,2,False,False,True,True,False
Iansui-Regular.ttf,芫荽,Cyrillic,66,15188,1.4090909090909092,1.12,2,False,False,True,True,False
Iansui-Regular.ttf,芫荽,Katakana,94,15188,1.446808510638298,1.12,2,False,False,True,True,False
Iansui-Regular.ttf,芫荽,Han,10383,15188,1.4498699797746315,1.12,2,False,False,True,True,False
IbarraRealNova-Italic[wght].ttf,Ibarra Real Nova,Latin,294,519,1.598639455782313,1.25,2,False,False,True,True,False
IbarraRealNova[wght].ttf,Ibarra Real Nova,Latin,294,519,1.598639455782313,1.25,2,False,False,True,True,False
IBMPlexMono-Bold.ttf,IBM Plex Mono,Latin,321,1033,1.4485981308411215,1.3,1,False,False,False,True,False
IBMPlexMono-Bold.ttf,IBM Plex Mono,Cyrillic,168,1033,1.4464285714285714,1.3,1,False,False,False,True,False
IBMPlexMono-BoldItalic.ttf,IBM Plex Mono,Latin,321,1033,1.4485981308411215,1.3,1,False,False,False,True,False
IBMPlexMono-BoldItalic.ttf,IBM Plex Mono,Cyrillic,168,1033,1.4464285714285714,1.3,1,False,False,False,True,False
IBMPlexMono-ExtraLight.ttf,IBM Plex Mono ExtraLight,Latin,321,1033,1.4485981308411215,1.3,1,False,False,False,True,False
IBMPlexMono-ExtraLight.ttf,IBM Plex Mono ExtraLight,Cyrillic,168,1033,1.4464285714285714,1.3,1,False,False,False,True,False
IBMPlexMono-ExtraLightItalic.ttf,IBM Plex Mono ExtraLight,Latin,321,1033,1.4485981308411215,1.3,1,False,False,False,True,False
IBMPlexMono-ExtraLightItalic.ttf,IBM Plex Mono ExtraLight,Cyrillic,168,1033,1.4464285714285714,1.3,1,False,False,False,True,False
IBMPlexMono-Italic.ttf,IBM Plex Mono,Latin,321,1033,1.4485981308411215,1.3,1,False,False,False,True,False
IBMPlexMono-Italic.ttf,IBM Plex Mono,Cyrillic,168,1033,1.4464285714285714,1.3,1,False,False,False,True,False
IBMPlexMono-Light.ttf,IBM Plex Mono Light,Latin,321,1033,1.4485981308411215,1.3,1,False,False,False,True,False
IBMPlexMono-Light.ttf,IBM Plex Mono Light,Cyrillic,168,1033,1.4464285714285714,1.3,1,False,False,False,True,False
IBMPlexMono-LightItalic.ttf,IBM Plex Mono Light,Latin,321,1033,1.4485981308411215,1.3,1,False,False,False,True,False
IBMPlexMono-LightItalic.ttf,IBM Plex Mono Light,Cyrillic,168,1033,1.4464285714285714,1.3,1,False,False,False,True,False
IBMPlexMono-Medium.ttf,IBM Plex Mono Medium,Latin,321,1033,1.4485981308411215,1.3,1,False,False,False,True,False
IBMPlexMono-Medium.ttf,IBM Plex Mono Medium,Cyrillic,168,1033,1.4464285714285714,1.3,1,False,False,False,True,False
IBMPlexMono-MediumItalic.ttf,IBM Plex Mono Medium,Latin,321,1033,1.4485981308411215,1.3,1,False,False,False,True,False
IBMPlexMono-MediumItalic.ttf,IBM Plex Mono Medium,Cyrillic,168,1033,1.4464285714285714,1.3,1,False,False,False,True,False
IBMPlexMono-Regular.ttf,IBM Plex Mono,Latin,321,1033,1.4485981308411215,1.3,1,False,False,False,True,False
IBMPlexMono-Regular.ttf,IBM Plex Mono,Cyrillic,168,1033,1.4464285714285714,1.3,1,False,False,False,True,False
IBMPlexMono-SemiBold.ttf,IBM Plex Mono SemiBold,Latin,321,1033,1.4485981308411215,1.3,1,False,False,False,True,False
IBMPlexMono-SemiBold.ttf,IBM Plex Mono SemiBold,Cyrillic,168,1033,1.4464285714285714,1.3,1,False,False,False,True,False
IBMPlexMono-SemiBoldItalic.ttf,IBM Plex Mono SemiBold,Latin,321,1033,1.4485981308411215,1.3,1,False,False,False,True,False
IBMPlexMono-SemiBoldItalic.ttf,IBM Plex Mono SemiBold,Cyrillic,168,1033,1.4464285714285714,1.3,1,False,False,False,True,False
IBMPlexMono-Thin.ttf,IBM Plex Mono Thin,Latin,321,1033,1.4485981308411215,1.3,1,False,False,False,True,False
IBMPlexMono-Thin.ttf,IBM Plex Mono Thin,Cyrillic,168,1033,1.4464285714285714,1.3,1,False,False,False,True,False
IBMPlexMono-ThinItalic.ttf,IBM Plex Mono Thin,Latin,321,1033,1.4485981308411215,1.3,1,False,False,False,True,False
IBMPlexMono-ThinItalic.ttf,IBM Plex Mono Thin,Cyrillic,168,1033,1.4464285714285714,1.3,1,False,False,False,True,False
"IBMPlexSans-Italic[wdth,wght].ttf",IBM Plex Sans,Latin,319,1017,1.2946708463949843,1.3,3,False,False,True,True,True
"IBMPlexSans-Italic[wdth,wght].ttf",IBM Plex Sans,Cyrillic,194,1017,1.2989690721649485,1.3,3,False,False,True,True,True
"IBMPlexSans[wdth,wght].ttf",IBM Plex Sans,Latin,319,1025,1.2946708463949843,1.3,3,False,False,True,True,True
"IBMPlexSans[wdth,wght].ttf",IBM Plex Sans,Cyrillic,194,1025,1.2989690721649485,1.3,3,False,False,True,True,True
IBMPlexSansArabic-Bold.ttf,IBM Plex Sans Arabic,Latin,208,1706,5.769230769230769,1.5,4,True,False,True,True,True
IBMPlexSansArabic-Bold.ttf,IBM Plex Sans Arabic,Arabic,636,1706,5.779874213836478,1.5,4,True,False,True,True,True
IBMPlexSansArabic-ExtraLight.ttf,IBM Plex Sans Arabic ExtraLight,Latin,208,1706,5.769230769230769,1.5,4,True,False,True,True,True
IBMPlexSansArabic-ExtraLight.ttf,IBM Plex Sans Arabic ExtraLight,Arabic,636,1706,5.779874213836478,1.5,4,True,False,True,True,True
IBMPlexSansArabic-Light.ttf,IBM Plex Sans Arabic Light,Latin,208,1706,5.769230769230769,1.5,4,True,False,True,True,True
IBMPlexSansArabic-Light.ttf,IBM Plex Sans Arabic Light,Arabic,636,1706,5.779874213836478,1.5,4,True,False,True,True,True
IBMPlexSansArabic-Medium.ttf,IBM Plex Sans Arabic Medium,Latin,208,1706,5.769230769230769,1.5,4,True,False,True,True,True
IBMPlexSansArabic-Medium.ttf,IBM Plex Sans Arabic Medium,Arabic,636,1706,5.779874213836478,1.5,4,True,False,True,True,True
IBMPlexSansArabic-Regular.ttf,IBM Plex Sans Arabic,Latin,208,1706,5.769230769230769,1.5,4,True,False,True,True,True
IBMPlexSansArabic-Regular.ttf,IBM Plex Sans Arabic,Arabic,636,1706,5.779874213836478,1.5,4,True,False,True,True,True
IBMPlexSansArabic-SemiBold.ttf,IBM Plex Sans Arabic SemiBold,Latin,208,1706,5.769230769230769,1.5,4,True,False,True,True,True
IBMPlexSansArabic-SemiBold.ttf,IBM Plex Sans Arabic SemiBold,Arabic,636,1706,5.779874213836478,1.5,4,True,False,True,True,True
IBMPlexSansArabic-Thin.ttf,IBM Plex Sans Arabic Thin,Latin,208,1706,5.769230769230769,1.5,4,True,False,True,True,True
IBMPlexSansArabic-Thin.ttf,IBM Plex Sans Arabic Thin,Arabic,636,1706,5.779874213836478,1.5,4,True,False,True,True,True
IBMPlexSansCondensed-Bold.ttf,IBM Plex Sans Condensed,Latin,321,686,2.196261682242991,1.3,2,False,False,True,True,False
IBMPlexSansCondensed-BoldItalic.ttf,IBM Plex Sans Condensed,Latin,321,686,2.196261682242991,1.3,2,False,False,True,True,False
IBMPlexSansCondensed-ExtraLight.ttf,IBM Plex Sans Condensed ExtraLight,Latin,321,686,2.196261682242991,1.3,2,False,False,True,True,False
IBMPlexSansCondensed-ExtraLightItalic.ttf,IBM Plex Sans Condensed ExtraLight,Latin,321,686,2.196261682242991,1.3,2,False,False,True,True,False
IBMPlexSansCondensed-Italic.ttf,IBM Plex Sans Condensed,Latin,321,686,2.196261682242991,1.3,2,False,False,True,True,False
IBMPlexSansCondensed-Light.ttf,IBM Plex Sans Condensed Light,Latin,321,686,2.196261682242991,1.3,2,False,False,True,True,False
IBMPlexSansCondensed-LightItalic.ttf,IBM Plex Sans Condensed Light,Latin,321,686,2.196261682242991,1.3,2,False,False,True,True,False
IBMPlexSansCondensed-Medium.ttf,IBM Plex Sans Condensed Medium,Latin,321,686,2.196261682242991,1.3,2,False,False,True,True,False
IBMPlexSansCondensed-MediumItalic.ttf,IBM Plex Sans Condensed Medium,Latin,321,686,2.196261682242991,1.3,2,False,False,True,True,False
IBMPlexSansCondensed-Regular.ttf,IBM Plex Sans Condensed,Latin,321,686,2.196261682242991,1.3,2,False,False,True,True,False
IBMPlexSansCondensed-SemiBold.ttf,IBM Plex Sans Condensed SemiBold,Latin,321,686,2.196261682242991,1.3,2,False,False,True,True,False
IBMPlexSansCondensed-SemiBoldItalic.ttf,IBM Plex Sans Condensed SemiBold,Latin,321,686,2.196261682242991,1.3,2,False,False,True,True,False
IBMPlexSansCondensed-Thin.ttf,IBM Plex Sans Condensed Thin,Latin,321,686,2.196261682242991,1.3,2,False,False,True,True,False
IBMPlexSansCondensed-ThinItalic.ttf,IBM Plex Sans Condensed Thin,Latin,321,686,2.196261682242991,1.3,2,False,False,True,True,False
IBMPlexSansDevanagari-Bold.ttf,IBM Plex Sans Devanagari,Latin,208,1121,6.961538461538462,1.53,3,False,True,True,True,False
IBMPlexSansDevanagari-Bold.ttf,IBM Plex Sans Devanagari,Devanagari,102,1121,6.882352941176471,1.53,3,False,True,True,True,False
IBMPlexSansDevanagari-ExtraLight.ttf,IBM Plex Sans Devanagari ExtraLight,Latin,208,1121,6.961538461538462,1.53,3,False,True,True,True,False
IBMPlexSansDevanagari-ExtraLight.ttf,IBM Plex Sans Devanagari ExtraLight,Devanagari,102,1121,6.882352941176471,1.53,3,False,True,True,True,False
IBMPlexSansDevanagari-Light.ttf,IBM Plex Sans Devanagari Light,Latin,208,1121,6.961538461538462,1.53,3,False,True,True,True,False
IBMPlexSansDevanagari-Light.ttf,IBM Plex Sans Devanagari Light,Devanagari,102,1121,6.882352941176471,1.53,3,False,True,True,True,False
IBMPlexSansDevanagari-Medium.ttf,IBM Plex Sans Devanagari Medium,Latin,208,1121,6.961538461538462,1.53,3,False,True,True,True,False
IBMPlexSansDevanagari-Medium.ttf,IBM Plex Sans Devanagari Medium,Devanagari,102,1121,6.882352941176471,1.53,3,False,True,True,True,False
IBMPlexSansDevanagari-Regular.ttf,IBM Plex Sans Devanagari,Latin,208,1121,6.961538461538462,1.53,3,False,True,True,True,False
IBMPlexSansDevanagari-Regular.ttf,IBM Plex Sans Devanagari,Devanagari,102,1121,6.882352941176471,1.53,3,False,True,True,True,False
IBMPlexSansDevanagari-SemiBold.ttf,IBM Plex Sans Devanagari SemiBold,Latin,208,1121,6.961538461538462,1.53,3,False,True,True,True,False
IBMPlexSansDevanagari-SemiBold.ttf,IBM Plex Sans Devanagari SemiBold,Devanagari,102,1121,6.882352941176471,1.53,3,False,True,True,True,False
IBMPlexSansDevanagari-Thin.ttf,IBM Plex Sans Devanagari Thin,Latin,208,1121,6.961538461538462,1.53,3,False,True,True,True,False
IBMPlexSansDevanagari-Thin.ttf,IBM Plex Sans Devanagari Thin,Devanagari,102,1121,6.882352941176471,1.53,3,False,True,True,True,False
IBMPlexSansHebrew-Bold.ttf,IBM Plex Sans Hebrew,Latin,208,482,2.7884615384615383,1.3,3,False,False,True,True,True
IBMPlexSansHebrew-ExtraLight.ttf,IBM Plex Sans Hebrew ExtraLight,Latin,208,482,2.7884615384615383,1.3,3,False,False,True,True,True
IBMPlexSansHebrew-Light.ttf,IBM Plex Sans Hebrew Light,Latin,208,482,2.7884615384615383,1.3,3,False,False,True,True,True
IBMPlexSansHebrew-Medium.ttf,IBM Plex Sans Hebrew Medium,Latin,208,482,2.7884615384615383,1.3,3,False,False,True,True,True
IBMPlexSansHebrew-Regular.ttf,IBM Plex Sans Hebrew,Latin,208,482,2.7884615384615383,1.3,3,False,False,True,True,True
IBMPlexSansHebrew-SemiBold.ttf,IBM Plex Sans Hebrew SemiBold,Latin,208,482,2.7884615384615383,1.3,3,False,False,True,True,True
IBMPlexSansHebrew-Thin.ttf,IBM Plex Sans Hebrew Thin,Latin,208,482,2.7884615384615383,1.3,3,False,False,True,True,True
IBMPlexSansJP-Bold.ttf,IBM Plex Sans JP,Latin,201,9505,3.681592039800995,1.0,2,False,False,True,True,False
IBMPlexSansJP-Bold.ttf,IBM Plex Sans JP,Cyrillic,66,9505,3.4545454545454546,1.0,2,False,False,True,True,False
IBMPlexSansJP-Bold.ttf,IBM Plex Sans JP,Katakana,94,9505,3.6808510638297873,1.0,2,False,False,True,True,False
IBMPlexSansJP-Bold.ttf,IBM Plex Sans JP,Han,6844,9505,3.6979836353009934,1.0,2,False,False,True,True,False
IBMPlexSansJP-ExtraLight.ttf,IBM Plex Sans JP ExtraLight,Latin,201,9505,3.681592039800995,1.0,1,False,False,True,False,False
IBMPlexSansJP-ExtraLight.ttf,IBM Plex Sans JP ExtraLight,Cyrillic,66,9505,3.4545454545454546,1.0,1,False,False,True,False,False
IBMPlexSansJP-ExtraLight.ttf,IBM Plex Sans JP ExtraLight,Katakana,94,9505,3.6808510638297873,1.0,1,False,False,True,False,False
IBMPlexSansJP-ExtraLight.ttf,IBM Plex Sans JP ExtraLight,Han,6844,9505,3.6979836353009934,1.0,1,False,False,True,False,False
IBMPlexSansJP-Light.ttf,IBM Plex Sans JP Light,Latin,201,9505,3.681592039800995,1.0,1,False,False,True,False,False
IBMPlexSansJP-Light.ttf,IBM Plex Sans JP Light,Cyrillic,66,9505,3.4545454545454546,1.0,1,False,False,True,False,False
IBMPlexSansJP-Light.ttf,IBM Plex Sans JP Light,Katakana,94,9505,3.6808510638297873,1.0,1,False,False,True,False,False
IBMPlexSansJP-Light.ttf,IBM Plex Sans JP Light,Han,6844,9505,3.6979836353009934,1.0,1,False,False,True,False,False
IBMPlexSansJP-Medium.ttf,IBM Plex Sans JP Medium,Latin,201,9505,3.681592039800995,1.0,1,False,False,True,False,False
IBMPlexSansJP-Medium.ttf,IBM Plex Sans JP Medium,Cyrillic,66,9505,3.4545454545454546,1.0,1,False,False,True,False,False
IBMPlexSansJP-Medium.ttf,IBM Plex Sans JP Medium,Katakana,94,9505,3.6808510638297873,1.0,1,False,False,True,False,False
IBMPlexSansJP-Medium.ttf,IBM Plex Sans JP Medium,Han,6844,9505,3.6979836353009934,1.0,1,False,False,True,False,False
IBMPlexSansJP-Regular.ttf,IBM Plex Sans JP,Latin,201,9505,3.681592039800995,1.0,1,False,False,True,False,False
IBMPlexSansJP-Regular.ttf,IBM Plex Sans JP,Cyrillic,66,9505,3.4545454545454546,1.0,1,False,False,True,False,False
IBMPlexSansJP-Regular.ttf,IBM Plex Sans JP,Katakana,94,9505,3.6808510638297873,1.0,1,False,False,True,False,False
IBMPlexSansJP-Regular.ttf,IBM Plex Sans JP,Han,6844,9505,3.6979836353009934,1.0,1,False,False,True,False,False
IBMPlexSansJP-SemiBold.ttf,IBM Plex Sans JP SemiBold,Latin,201,9505,3.681592039800995,1.0,1,False,False,True,False,False
IBMPlexSansJP-SemiBold.ttf,IBM Plex Sans JP SemiBold,Cyrillic,66,9505,3.4545454545454546,1.0,1,False,False,True,False,False
IBMPlexSansJP-SemiBold.ttf,IBM Plex Sans JP SemiBold,Katakana,94,9505,3.6808510638297873,1.0,1,False,False,True,False,False
IBMPlexSansJP-SemiBold.ttf,IBM Plex Sans JP SemiBold,Han,6844,9505,3.6979836353009934,1.0,1,False,False,True,False,False
IBMPlexSansJP-Thin.ttf,IBM Plex Sans JP Thin,Latin,201,9505,3.681592039800995,1.0,1,False,False,True,False,False
IBMPlexSansJP-Thin.ttf,IBM Plex Sans JP Thin,Cyrillic,66,9505,3.4545454545454546,1.0,1,False,False,True,False,False
IBMPlexSansJP-Thin.ttf,IBM Plex Sans JP Thin,Katakana,94,9505,3.6808510638297873,1.0,1,False,False,True,False,False
IBMPlexSansJP-Thin.ttf,IBM Plex Sans JP Thin,Han,6844,9505,3.6979836353009934,1.0,1,False,False,True,False,False
IBMPlexSansKR-Bold.ttf,IBM Plex Sans KR,Latin,116,12240,2.4655172413793105,1.0,1,False,False,True,False,False
IBMPlexSansKR-ExtraLight.ttf,IBM Plex Sans KR ExtraLight,Latin,116,12240,2.4655172413793105,1.0,1,False,False,True,False,False
IBMPlexSansKR-Light.ttf,IBM Plex Sans KR Light,Latin,116,12240,2.4655172413793105,1.0,1,False,False,True,False,False
IBMPlexSansKR-Medium.ttf,IBM Plex Sans KR Medium,Latin,116,12240,2.4655172413793105,1.0,1,False,False,True,False,False
IBMPlexSansKR-Regular.ttf,IBM Plex Sans KR,Latin,116,12240,2.4655172413793105,1.0,1,False,False,True,False,False
IBMPlexSansKR-SemiBold.ttf,IBM Plex Sans KR SemiBold,Latin,116,12240,2.4655172413793105,1.0,1,False,False,True,False,False
IBMPlexSansKR-Thin.ttf,IBM Plex Sans KR Thin,Latin,116,12240,2.4655172413793105,1.0,1,False,False,True,False,False
IBMPlexSansThai-Bold.ttf,IBM Plex Sans Thai,Latin,208,520,3.6826923076923075,1.65,3,True,False,True,True,False
IBMPlexSansThai-ExtraLight.ttf,IBM Plex Sans Thai ExtraLight,Latin,208,520,3.6826923076923075,1.65,3,True,False,True,True,False
IBMPlexSansThai-Light.ttf,IBM Plex Sans Thai Light,Latin,208,520,3.6826923076923075,1.65,3,True,False,True,True,False
IBMPlexSansThai-Medium.ttf,IBM Plex Sans Thai Medium,Latin,208,520,3.6826923076923075,1.65,3,True,False,True,True,False
IBMPlexSansThai-Regular.ttf,IBM Plex Sans Thai,Latin,208,520,3.6826923076923075,1.65,3,True,False,True,True,False
IBMPlexSansThai-SemiBold.ttf,IBM Plex Sans Thai SemiBold,Latin,208,520,3.6826923076923075,1.65,3,True,False,True,True,False
IBMPlexSansThai-Thin.ttf,IBM Plex Sans Thai Thin,Latin,208,520,3.6826923076923075,1.65,3,True,False,True,True,False
IBMPlexSansThaiLooped-Bold.ttf,IBM Plex Sans Thai Looped,Latin,208,520,3.6826923076923075,1.65,3,True,False,True,True,False
IBMPlexSansThaiLooped-ExtraLight.ttf,IBM Plex Sans Thai Looped ExtraLight,Latin,208,520,3.6826923076923075,1.65,3,True,False,True,True,False
IBMPlexSansThaiLooped-Light.ttf,IBM Plex Sans Thai Looped Light,Latin,208,520,3.6826923076923075,1.65,3,True,False,True,True,False
IBMPlexSansThaiLooped-Medium.ttf,IBM Plex Sans Thai Looped Medium,Latin,208,520,3.6826923076923075,1.65,3,True,False,True,True,False
IBMPlexSansThaiLooped-Regular.ttf,IBM Plex Sans Thai Looped,Latin,208,520,3.6826923076923075,1.65,3,True,False,True,True,False
IBMPlexSansThaiLooped-SemiBold.ttf,IBM Plex Sans Thai Looped SemiBold,Latin,208,520,3.6826923076923075,1.65,3,True,False,True,True,False
IBMPlexSansThaiLooped-Thin.ttf,IBM Plex Sans Thai Looped Thin,Latin,208,520,3.6826923076923075,1.65,3,True,False,True,True,False
IBMPlexSerif-Bold.ttf,IBM Plex Serif,Latin,320,836,1.9,1.3,2,False,False,True,True,False
IBMPlexSerif-Bold.ttf,IBM Plex Serif,Cyrillic,168,836,1.8928571428571428,1.3,2,False,False,True,True,False
IBMPlexSerif-BoldItalic.ttf,IBM Plex Serif,Latin,320,836,1.9,1.3,2,False,False,True,True,False
IBMPlexSerif-BoldItalic.ttf,IBM Plex Serif,Cyrillic,168,836,1.8928571428571428,1.3,2,False,False,True,True,False
IBMPlexSerif-ExtraLight.ttf,IBM Plex Serif ExtraLight,Latin,320,836,1.9,1.3,2,False,False,True,True,False
IBMPlexSerif-ExtraLight.ttf,IBM Plex Serif ExtraLight,Cyrillic,168,836,1.8928571428571428,1.3,2,False,False,True,True,False
IBMPlexSerif-ExtraLightItalic.ttf,IBM Plex Serif ExtraLight,Latin,320,836,1.9,1.3,2,False,False,True,True,False
IBMPlexSerif-ExtraLightItalic.ttf,IBM Plex Serif ExtraLight,Cyrillic,168,836,1.8928571428571428,1.3,2,False,False,True,True,False
IBMPlexSerif-Italic.ttf,IBM Plex Serif,Latin,320,836,1.9,1.3,2,False,False,True,True,False
IBMPlexSerif-Italic.ttf,IBM Plex Serif,Cyrillic,168,836,1.8928571428571428,1.3,2,False,False,True,True,False
IBMPlexSerif-Light.ttf,IBM Plex Serif Light,Latin,320,836,1.9,1.3,2,False,False,True,True,False
IBMPlexSerif-Light.ttf,IBM Plex Serif Light,Cyrillic,168,836,1.8928571428571428,1.3,2,False,False,True,True,False
IBMPlexSerif-LightItalic.ttf,IBM Plex Serif Light,Latin,320,836,1.9,1.3,2,False,False,True,True,False
IBMPlexSerif-LightItalic.ttf,IBM Plex Serif Light,Cyrillic,168,836,1.8928571428571428,1.3,2,False,False,True,True,False
IBMPlexSerif-Medium.ttf,IBM Plex Serif Medium,Latin,320,836,1.9,1.3,2,False,False,True,True,False
IBMPlexSerif-Medium.ttf,IBM Plex Serif Medium,Cyrillic,168,836,1.8928571428571428,1.3,2,False,False,True,True,False
IBMPlexSerif-MediumItalic.ttf,IBM Plex Serif Medium,Latin,320,836,1.9,1.3,2,False,False,True,True,False
IBMPlexSerif-MediumItalic.ttf,IBM Plex Serif Medium,Cyrillic,168,836,1.8928571428571428,1.3,2,False,False,True,True,False
IBMPlexSerif-Regular.ttf,IBM Plex Serif,Latin,320,836,1.9,1.3,2,False,False,True,True,False
IBMPlexSerif-Regular.ttf,IBM Plex Serif,Cyrillic,168,836,1.8928571428571428,1.3,2,False,False,True,True,False
IBMPlexSerif-SemiBold.ttf,IBM Plex Serif SemiBold,Latin,320,836,1.9,1.3,2,False,False,True,True,False
IBMPlexSerif-SemiBold.ttf,IBM Plex Serif SemiBold,Cyrillic,168,836,1.8928571428571428,1.3,2,False,False,True,True,False
IBMPlexSerif-SemiBoldItalic.ttf,IBM Plex Serif SemiBold,Latin,320,836,1.9,1.3,2,False,False,True,True,False
IBMPlexSerif-SemiBoldItalic.ttf,IBM Plex Serif SemiBold,Cyrillic,168,836,1.8928571428571428,1.3,2,False,False,True,True,False
IBMPlexSerif-Thin.ttf,IBM Plex Serif Thin,Latin,320,836,1.9,1.3,2,False,False,True,True,False
IBMPlexSerif-Thin.ttf,IBM Plex Serif Thin,Cyrillic,168,836,1.8928571428571428,1.3,2,False,False,True,True,False
IBMPlexSerif-ThinItalic.ttf,IBM Plex Serif Thin,Latin,320,836,1.9,1.3,2,False,False,True,True,False
IBMPlexSerif-ThinItalic.ttf,IBM Plex Serif Thin,Cyrillic,168,836,1.8928571428571428,1.3,2,False,False,True,True,False
Iceberg-Regular.ttf,Iceberg,Latin,196,225,1.0,1.22,0,False,False,False,False,False
Iceland-Regular.ttf,Iceland,Latin,196,219,1.0,0.97,0,False,False,False,False,False
Idiqlat-ExtraLight.ttf,Idiqlat ExtraLight,Latin,199,585,2.020100502512563,1.6318359375,4,True,False,True,True,True
Idiqlat-Light.ttf,Idiqlat Light,Latin,199,585,2.020100502512563,1.6318359375,4,True,False,True,True,True
Idiqlat-Regular.ttf,Idiqlat,Latin,199,585,2.020100502512563,1.6318359375,4,True,False,True,True,True
"Imbue[opsz,wght].ttf",Imbue Thin,Latin,306,895,1.588235294117647,1.2,2,False,False,True,True,False
IMFELLDoublePica-Italic.ttf,IM FELL Double Pica,Latin,282,397,2.1843971631205674,1.25341796875,1,False,False,True,False,False
IMFELLDoublePica-Regular.ttf,IM FELL Double Pica,Latin,281,371,2.1601423487544484,1.25341796875,1,False,False,True,False,False
IMFeDPsc28P.ttf,IM FELL Double Pica SC,Latin,280,359,1.725,1.25341796875,1,True,False,False,False,False
IMFePIit28P.ttf,IM FELL DW Pica,Latin,282,386,2.1843971631205674,1.25,1,False,False,True,False,False
IMFePIrm28P.ttf,IM FELL DW Pica,Latin,281,371,2.1601423487544484,1.25,1,False,False,True,False,False
IMFePIsc28P.ttf,IM FELL DW Pica SC,Latin,280,359,1.725,1.25,1,True,False,False,False,False
IMFeENit28P.ttf,IM FELL English,Latin,282,379,2.1843971631205674,1.2685546875,1,False,False,True,False,False
IMFeENrm28P.ttf,IM FELL English,Latin,281,372,2.1601423487544484,1.2685546875,1,False,False,True,False,False
IMFeENsc28P.ttf,IM FELL English SC,Latin,280,359,1.725,1.2685546875,1,True,False,False,False,False
IMFeFCit28P.ttf,IM FELL French Canon,Latin,281,394,2.1601423487544484,1.1708984375,1,False,False,True,False,False
IMFeFCrm28P.ttf,IM FELL French Canon,Latin,281,368,2.1601423487544484,1.1708984375,1,False,False,True,False,False
IMFeFCsc28P.ttf,IM FELL French Canon SC,Latin,280,357,1.725,1.1708984375,1,True,False,False,False,False
IMFeGPit28P.ttf,IM FELL Great Primer,Latin,281,390,2.1601423487544484,1.22265625,1,False,False,True,False,False
IMFeGPrm28P.ttf,IM FELL Great Primer,Latin,281,371,2.1601423487544484,1.22265625,1,False,False,True,False,False
IMFeGPsc28P.ttf,IM FELL Great Primer SC,Latin,280,359,1.725,1.22265625,1,True,False,False,False,False
ImperialScript-Regular.ttf,Imperial Script,Latin,316,628,1.4462025316455696,1.21,2,False,False,True,True,False
Imprima-Regular.ttf,Imprima,Latin,317,435,1.444794952681388,1.158,2,False,False,True,True,False
InclusiveSans-Italic[wght].ttf,Inclusive Sans,Latin,303,550,1.1485148514851484,1.2,1,False,False,False,True,False
InclusiveSans[wght].ttf,Inclusive Sans,Latin,303,550,1.1485148514851484,1.2,1,False,False,False,True,False
"Inconsolata[wdth,wght].ttf",Inconsolata,Latin,317,964,1.444794952681388,1.049,2,False,False,True,True,False
Inder-Regular.ttf,Inder,Latin,336,426,1.0,1.25,0,False,False,False,False,False
IndieFlower-Regular.ttf,Indie Flower,Latin,318,569,3.9559748427672954,1.459,2,False,False,True,True,False
IngridDarling-Regular.ttf,Ingrid Darling,Latin,316,655,1.5949367088607596,1.24,3,True,False,True,True,False
Inika-Bold.ttf,Inika,Latin,245,306,1.0,1.303,0,False,False,False,False,False
Inika-Regular.ttf,Inika,Latin,245,306,1.0,1.303,0,False,False,False,False,False
InknutAntiqua-Black.ttf,Inknut Antiqua,Latin,295,1456,15.915254237288135,2.579,4,True,True,True,True,False
InknutAntiqua-Black.ttf,Inknut Antiqua,Devanagari,136,1456,15.705882352941176,2.579,4,True,True,True,True,False
InknutAntiqua-Bold.ttf,Inknut Antiqua,Latin,295,1456,15.915254237288135,2.579,4,True,True,True,True,False
InknutAntiqua-Bold.ttf,Inknut Antiqua,Devanagari,136,1456,15.705882352941176,2.579,4,True,True,True,True,False
InknutAntiqua-ExtraBold.ttf,Inknut Antiqua,Latin,295,1456,15.915254237288135,2.579,4,True,True,True,True,False
InknutAntiqua-ExtraBold.ttf,Inknut Antiqua,Devanagari,136,1456,15.705882352941176,2.579,4,True,True,True,True,False
InknutAntiqua-Light.ttf,Inknut Antiqua,Latin,295,1456,15.915254237288135,2.579,4,True,True,True,True,False
InknutAntiqua-Light.ttf,Inknut Antiqua,Devanagari,136,1456,15.705882352941176,2.579,4,True,True,True,True,False
InknutAntiqua-Medium.ttf,Inknut Antiqua,Latin,295,1456,15.915254237288135,2.579,4,True,True,True,True,False
InknutAntiqua-Medium.ttf,Inknut Antiqua,Devanagari,136,1456,15.705882352941176,2.579,4,True,True,True,True,False
InknutAntiqua-Regular.ttf,Inknut Antiqua,Latin,295,1456,15.915254237288135,2.579,4,True,True,True,True,False
InknutAntiqua-Regular.ttf,Inknut Antiqua,Devanagari,136,1456,15.705882352941176,2.579,4,True,True,True,True,False
InknutAntiqua-SemiBold.ttf,Inknut Antiqua,Latin,295,1456,15.915254237288135,2.579,4,True,True,True,True,False
InknutAntiqua-SemiBold.ttf,Inknut Antiqua,Devanagari,136,1456,15.705882352941176,2.579,4,True,True,True,True,False
InriaSans-Bold.ttf,Inria Sans,Latin,320,591,1.15,1.199,1,False,False,True,False,False
InriaSans-BoldItalic.ttf,Inria Sans,Latin,320,591,1.15,1.199,1,False,False,True,False,False
InriaSans-Italic.ttf,Inria Sans,Latin,320,591,1.15,1.199,1,False,False,True,False,False
InriaSans-Light.ttf,Inria Sans Light,Latin,320,591,1.15,1.199,1,False,False,True,False,False
InriaSans-LightItalic.ttf,Inria Sans Light,Latin,320,591,1.15,1.199,1,False,False,True,False,False
InriaSans-Regular.ttf,Inria Sans,Latin,320,591,1.15,1.199,1,False,False,True,False,False
InriaSerif-Bold.ttf,Inria Serif,Latin,320,597,1.15,1.199,1,False,False,True,False,False
InriaSerif-BoldItalic.ttf,Inria Serif,Latin,320,597,1.15,1.199,1,False,False,True,False,False
InriaSerif-Italic.ttf,Inria Serif,Latin,320,597,1.15,1.199,1,False,False,True,False,False
InriaSerif-Light.ttf,Inria Serif Light,Latin,320,597,1.15,1.199,1,False,False,True,False,False
InriaSerif-LightItalic.ttf,Inria Serif Light,Latin,320,597,1.15,1.199,1,False,False,True,False,False
InriaSerif-Regular.ttf,Inria Serif,Latin,320,597,1.15,1.199,1,False,False,True,False,False
Inspiration-Regular.ttf,Inspiration,Latin,318,665,1.7389937106918238,1.27,3,True,False,True,True,False
"InstrumentSans-Italic[wdth,wght].ttf",Instrument Sans,Latin,278,501,1.2949640287769784,1.22,2,False,False,True,True,False
"InstrumentSans[wdth,wght].ttf",Instrument Sans,Latin,278,501,1.2949640287769784,1.22,2,False,False,True,True,False
InstrumentSerif-Italic.ttf,Instrument Serif,Latin,278,377,1.4424460431654675,1.3,2,False,False,True,True,False
InstrumentSerif-Regular.ttf,Instrument Serif,Latin,278,377,1.4424460431654675,1.3,2,False,False,True,True,False
IntelOneMono-Bold.ttf,Intel One Mono,Latin,309,1059,1.2977346278317152,1.38,2,True,False,False,True,False
IntelOneMono-BoldItalic.ttf,Intel One Mono,Latin,309,1059,1.2977346278317152,1.38,2,True,False,False,True,False
IntelOneMono-Italic.ttf,Intel One Mono,Latin,309,1059,1.2977346278317152,1.38,2,True,False,False,True,False
IntelOneMono-Italic[wght].ttf,Intel One Mono Light,Latin,309,1059,1.2977346278317152,1.38,2,True,False,False,True,False
IntelOneMono-Light.ttf,Intel One Mono Light,Latin,309,1059,1.2977346278317152,1.38,2,True,False,False,True,False
IntelOneMono-LightItalic.ttf,Intel One Mono Light,Latin,309,1059,1.2977346278317152,1.38,2,True,False,False,True,False
IntelOneMono-Medium.ttf,Intel One Mono Medium,Latin,309,1059,1.2977346278317152,1.38,2,True,False,False,True,False
IntelOneMono-MediumItalic.ttf,Intel One Mono Medium,Latin,309,1059,1.2977346278317152,1.38,2,True,False,False,True,False
IntelOneMono-Regular.ttf,Intel One Mono,Latin,309,1059,1.2977346278317152,1.38,2,True,False,False,True,False
IntelOneMono-SemiBold.ttf,Intel One Mono SemiBold,Latin,309,1059,1.2977346278317152,1.38,2,True,False,False,True,False
IntelOneMono-SemiBoldItalic.ttf,Intel One Mono SemiBold,Latin,309,1059,1.2977346278317152,1.38,2,True,False,False,True,False
IntelOneMono[wght].ttf,Intel One Mono Light,Latin,309,1059,1.2977346278317152,1.38,2,True,False,False,True,False
"Inter-Italic[opsz,wght].ttf",Inter,Latin,318,2897,1.4433962264150944,1.2099609375,4,True,False,True,True,True
"Inter-Italic[opsz,wght].ttf",Inter,Cyrillic,249,2897,1.4457831325301205,1.2099609375,4,True,False,True,True,True
"Inter[opsz,wght].ttf",Inter,Latin,318,2933,1.4433962264150944,1.2099609375,4,True,False,True,True,True
"Inter[opsz,wght].ttf",Inter,Cyrillic,249,2933,1.4457831325301205,1.2099609375,4,True,False,True,True,True
InterTight-Italic[wght].ttf,Inter Tight,Latin,318,2547,1.4433962264150944,1.2099609375,4,True,False,True,True,True
InterTight-Italic[wght].ttf,Inter Tight,Cyrillic,255,2547,1.4470588235294117,1.2099609375,4,True,False,True,True,True
InterTight[wght].ttf,Inter Tight,Latin,318,2547,1.4433962264150944,1.2099609375,4,True,False,True,True,True
InterTight[wght].ttf,Inter Tight,Cyrillic,255,2547,1.4470588235294117,1.2099609375,4,True,False,True,True,True
IosevkaCharon-Bold.ttf,Iosevka Charon,Latin,320,11300,1.15,1.28,2,False,False,False,True,True
IosevkaCharon-Bold.ttf,Iosevka Charon,Cyrillic,304,11300,1.1480263157894737,1.28,2,False,False,False,True,True
IosevkaCharon-BoldItalic.ttf,Iosevka Charon,Latin,320,11315,1.15,1.28,2,False,False,False,True,True
IosevkaCharon-BoldItalic.ttf,Iosevka Charon,Cyrillic,304,11315,1.1480263157894737,1.28,2,False,False,False,True,True
IosevkaCharon-Italic.ttf,Iosevka Charon,Latin,320,11315,1.15,1.28,2,False,False,False,True,True
IosevkaCharon-Italic.ttf,Iosevka Charon,Cyrillic,304,11315,1.1480263157894737,1.28,2,False,False,False,True,True
IosevkaCharon-Light.ttf,Iosevka Charon Light,Latin,320,11300,1.15,1.28,2,False,False,False,True,True
IosevkaCharon-Light.ttf,Iosevka Charon Light,Cyrillic,304,11300,1.1480263157894737,1.28,2,False,False,False,True,True
IosevkaCharon-LightItalic.ttf,Iosevka Charon Light,Latin,320,11315,1.15,1.28,2,False,False,False,True,True
IosevkaCharon-LightItalic.ttf,Iosevka Charon Light,Cyrillic,304,11315,1.1480263157894737,1.28,2,False,False,False,True,True
IosevkaCharon-Medium.ttf,Iosevka Charon Medium,Latin,320,11300,1.15,1.28,2,False,False,False,True,True
IosevkaCharon-Medium.ttf,Iosevka Charon Medium,Cyrillic,304,11300,1.1480263157894737,1.28,2,False,False,False,True,True
IosevkaCharon-MediumItalic.ttf,Iosevka Charon Medium,Latin,320,11315,1.15,1.28,2,False,False,False,True,True
IosevkaCharon-MediumItalic.ttf,Iosevka Charon Medium,Cyrillic,304,11315,1.1480263157894737,1.28,2,False,False,False,True,True
IosevkaCharon-Regular.ttf,Iosevka Charon,Latin,320,11300,1.15,1.28,2,False,False,False,True,True
IosevkaCharon-Regular.ttf,Iosevka Charon,Cyrillic,304,11300,1.1480263157894737,1.28,2,False,False,False,True,True
IosevkaCharonMono-Bold.ttf,Iosevka Charon Mono,Latin,320,11828,1.15,1.28,2,False,False,False,True,True
IosevkaCharonMono-Bold.ttf,Iosevka Charon Mono,Cyrillic,304,11828,1.1480263157894737,1.28,2,False,False,False,True,True
IosevkaCharonMono-BoldItalic.ttf,Iosevka Charon Mono,Latin,320,11861,1.15,1.28,2,False,False,False,True,True
IosevkaCharonMono-BoldItalic.ttf,Iosevka Charon Mono,Cyrillic,304,11861,1.1480263157894737,1.28,2,False,False,False,True,True
IosevkaCharonMono-Italic.ttf,Iosevka Charon Mono,Latin,320,11861,1.15,1.28,2,False,False,False,True,True
IosevkaCharonMono-Italic.ttf,Iosevka Charon Mono,Cyrillic,304,11861,1.1480263157894737,1.28,2,False,False,False,True,True
IosevkaCharonMono-Light.ttf,Iosevka Charon Mono Light,Latin,320,11828,1.15,1.28,2,False,False,False,True,True
IosevkaCharonMono-Light.ttf,Iosevka Charon Mono Light,Cyrillic,304,11828,1.1480263157894737,1.28,2,False,False,False,True,True
IosevkaCharonMono-LightItalic.ttf,Iosevka Charon Mono Light,Latin,320,11861,1.15,1.28,2,False,False,False,True,True
IosevkaCharonMono-LightItalic.ttf,Iosevka Charon Mono Light,Cyrillic,304,11861,1.1480263157894737,1.28,2,False,False,False,True,True
IosevkaCharonMono-Medium.ttf,Iosevka Charon Mono Medium,Latin,320,11828,1.15,1.28,2,False,False,False,True,True
IosevkaCharonMono-Medium.ttf,Iosevka Charon Mono Medium,Cyrillic,304,11828,1.1480263157894737,1.28,2,False,False,False,True,True
IosevkaCharonMono-MediumItalic.ttf,Iosevka Charon Mono Medium,Latin,320,11861,1.15,1.28,2,False,False,False,True,True
IosevkaCharonMono-MediumItalic.ttf,Iosevka Charon Mono Medium,Cyrillic,304,11861,1.1480263157894737,1.28,2,False,False,False,True,True
IosevkaCharonMono-Regular.ttf,Iosevka Charon Mono,Latin,320,11828,1.15,1.28,2,False,False,False,True,True
IosevkaCharonMono-Regular.ttf,Iosevka Charon Mono,Cyrillic,304,11828,1.1480263157894737,1.28,2,False,False,False,True,True
IslandMoments-Regular.ttf,Island Moments,Latin,320,901,1.75,1.15,3,True,False,True,True,False
IstokWeb-Bold.ttf,Istok Web,Latin,290,1034,1.4448275862068964,1.439453125,2,False,False,True,True,False
IstokWeb-Bold.ttf,Istok Web,Cyrillic,186,1034,1.435483870967742,1.439453125,2,False,False,True,True,False
IstokWeb-BoldItalic.ttf,Istok Web,Latin,290,991,1.4448275862068964,1.439453125,2,False,False,True,True,False
IstokWeb-BoldItalic.ttf,Istok Web,Cyrillic,186,991,1.435483870967742,1.439453125,2,False,False,True,True,False
IstokWeb-Italic.ttf,Istok Web,Latin,290,991,1.4448275862068964,1.439453125,2,False,False,True,True,False
IstokWeb-Italic.ttf,Istok Web,Cyrillic,186,991,1.435483870967742,1.439453125,2,False,False,True,True,False
IstokWeb-Regular.ttf,Istok Web,Latin,292,1379,1.4417808219178083,1.439453125,2,False,False,True,True,False
IstokWeb-Regular.ttf,Istok Web,Cyrillic,186,1379,1.435483870967742,1.439453125,2,False,False,True,True,False
Italiana-Regular.ttf,Italiana,Latin,192,217,1.0,1.178,0,False,False,False,False,False
Italianno-Regular.ttf,Italianno,Latin,309,814,1.8932038834951457,1.25,3,True,False,True,True,False
Itim-Regular.ttf,Itim,Latin,319,980,3.06269592476489,1.2,2,False,False,True,True,False
Jacquard12-Regular.ttf,Jacquard 12,Latin,278,357,1.1474820143884892,1.0,1,False,False,False,True,False
Jacquard12Charted-Regular.ttf,Jacquard 12 Charted,Latin,278,357,1.1474820143884892,1.0,1,False,False,False,True,False
Jacquard24-Regular.ttf,Jacquard 24,Latin,278,357,1.1474820143884892,1.0,1,False,False,False,True,False
Jacquard24Charted-Regular.ttf,Jacquard 24 Charted,Latin,278,357,1.1474820143884892,1.0,1,False,False,False,True,False
JacquardaBastarda9-Regular.ttf,Jacquarda Bastarda 9,Latin,278,350,1.1474820143884892,1.3125,1,False,False,False,True,False
JacquardaBastarda9Charted-Regular.ttf,Jacquarda Bastarda 9 Charted,Latin,278,350,1.0,1.3125,1,False,False,False,True,False
JacquesFrancois-Regular.ttf,Jacques Francois,Latin,194,215,1.0,1.31884765625,0,False,False,False,False,False
JacquesFrancoisShadow-Regular.ttf,Jacques Francois Shadow,Latin,194,218,1.0,1.31884765625,0,False,False,False,False,False
Jaini-Regular.ttf,Jaini,Latin,289,1684,3.6782006920415227,1.314,4,True,True,True,True,False
Jaini-Regular.ttf,Jaini,Devanagari,133,1684,3.5714285714285716,1.314,4,True,True,True,True,False
JainiPurva-Regular.ttf,Jaini Purva,Latin,289,1693,3.6782006920415227,1.314,4,True,True,True,True,False
JainiPurva-Regular.ttf,Jaini Purva,Devanagari,133,1693,3.5714285714285716,1.314,4,True,True,True,True,False
Jaldi-Bold.ttf,Jaldi,Latin,320,1232,7.6,1.68994140625,3,False,True,True,True,False
Jaldi-Bold.ttf,Jaldi,Devanagari,156,1232,7.487179487179487,1.68994140625,3,False,True,True,True,False
Jaldi-Regular.ttf,Jaldi,Latin,320,1232,7.6,1.68994140625,3,False,True,True,True,False
Jaldi-Regular.ttf,Jaldi,Devanagari,156,1232,7.487179487179487,1.68994140625,3,False,True,True,True,False
Jaro[opsz].ttf,Jaro,Latin,316,1043,1.4240506329113924,1.25,2,False,False,True,True,False
JejuGothic-Regular.ttf,JejuGothic,Latin,152,18315,0.993421052631579,1.085,0,False,False,False,False,False
JejuGothic-Regular.ttf,JejuGothic,Cyrillic,66,18315,1.0,1.085,0,False,False,False,False,False
JejuGothic-Regular.ttf,JejuGothic,Katakana,88,18315,1.0,1.085,0,False,False,False,False,False
JejuGothic-Regular.ttf,JejuGothic,Han,4888,18315,0.9451718494271686,1.085,0,False,False,False,False,False
JejuHallasan-Regular.ttf,JejuHallasan,Latin,152,18315,0.993421052631579,1.006,0,False,False,False,False,False
JejuHallasan-Regular.ttf,JejuHallasan,Cyrillic,66,18315,1.0,1.006,0,False,False,False,False,False
JejuHallasan-Regular.ttf,JejuHallasan,Katakana,88,18315,1.0,1.006,0,False,False,False,False,False
JejuHallasan-Regular.ttf,JejuHallasan,Han,4888,18315,0.9451718494271686,1.006,0,False,False,False,False,False
JejuMyeongjo-Regular.ttf,JejuMyeongjo,Latin,152,18315,0.993421052631579,1.0,0,False,False,False,False,False
JejuMyeongjo-Regular.ttf,JejuMyeongjo,Cyrillic,66,18315,1.0,1.0,0,False,False,False,False,False
JejuMyeongjo-Regular.ttf,JejuMyeongjo,Katakana,88,18315,1.0,1.0,0,False,False,False,False,False
JejuMyeongjo-Regular.ttf,JejuMyeongjo,Han,4888,18315,0.9451718494271686,1.0,0,False,False,False,False,False
Jersey10-Regular.ttf,Jersey 10,Latin,278,363,1.1474820143884892,1.0714285714285714,1,False,False,False,True,False
Jersey10Charted-Regular.ttf,Jersey 10 Charted,Latin,278,363,1.1474820143884892,1.0714285714285714,1,False,False,False,True,False
Jersey15-Regular.ttf,Jersey 15,Latin,278,362,1.1474820143884892,1.0,1,False,False,False,True,False
Jersey15Charted-Regular.ttf,Jersey 15 Charted,Latin,278,362,1.1474820143884892,1.0,1,False,False,False,True,False
Jersey20-Regular.ttf,Jersey 20,Latin,278,362,1.1474820143884892,1.0,1,False,False,False,True,False
Jersey20Charted-Regular.ttf,Jersey 20 Charted,Latin,278,362,1.1474820143884892,1.0,1,False,False,False,True,False
Jersey25-Regular.ttf,Jersey 25,Latin,278,362,1.1474820143884892,1.0,1,False,False,False,True,False
Jersey25Charted-Regular.ttf,Jersey 25 Charted,Latin,278,391,1.1474820143884892,1.0,1,False,False,False,True,False
JetBrainsMono-Italic[wght].ttf,JetBrains Mono,Latin,318,1179,1.4433962264150944,1.32,3,True,False,False,True,True
JetBrainsMono-Italic[wght].ttf,JetBrains Mono,Cyrillic,98,1179,1.4285714285714286,1.32,3,True,False,False,True,True
JetBrainsMono[wght].ttf,JetBrains Mono,Latin,318,1179,1.4433962264150944,1.32,3,True,False,False,True,True
JetBrainsMono[wght].ttf,JetBrains Mono,Cyrillic,98,1179,1.4285714285714286,1.32,3,True,False,False,True,True
JimNightshade-Regular.ttf,Jim Nightshade,Latin,317,372,1.1482649842271293,1.4169921875,1,False,False,True,False,False
Joan-Regular.ttf,Joan,Latin,318,1187,1.5911949685534592,1.292,3,True,False,True,True,False
JockeyOne-Regular.ttf,Jockey One,Latin,312,395,1.1474358974358974,1.398,1,False,False,True,False,False
JollyLodger-Regular.ttf,Jolly Lodger,Latin,201,232,1.0,1.2158203125,0,False,False,False,False,False
Jomhuria-Regular.ttf,Jomhuria,Latin,318,2069,1.9968553459119496,1.0,4,True,False,True,True,True
Jomhuria-Regular.ttf,Jomhuria,Arabic,320,2069,2.05,1.0,4,True,False,True,True,True
Jomolhari-Regular.ttf,Jomolhari,Latin,221,3333,1.5701357466063348,1.6015625,3,True,True,False,False,True
JosefinSans-Italic[wght].ttf,Josefin Sans Thin,Latin,320,617,1.15,1.0,2,False,False,True,True,False
JosefinSans[wght].ttf,Josefin Sans Thin,Latin,320,616,1.45,1.0,2,False,False,True,True,False
JosefinSlab-Italic[wght].ttf,Josefin Slab Thin,Latin,194,216,1.0,1.0,0,False,False,False,False,False
JosefinSlab[wght].ttf,Josefin Slab Thin,Latin,194,216,1.0,1.0,0,False,False,False,False,False
Jost-Italic[wght].ttf,Jost,Latin,320,535,1.0,1.445,0,False,False,False,False,False
Jost-Italic[wght].ttf,Jost,Cyrillic,76,535,1.0,1.445,0,False,False,False,False,False
Jost[wght].ttf,Jost,Latin,320,535,1.0,1.445,0,False,False,False,False,False
Jost[wght].ttf,Jost,Cyrillic,76,535,1.0,1.445,0,False,False,False,False,False
JotiOne-Regular.ttf,Joti One,Latin,317,453,1.5930599369085174,1.334,2,False,False,True,True,False
Jua-Regular.ttf,Jua,Latin,95,2520,1.0,1.25,0,False,False,False,False,False
Judson-Bold.ttf,Judson,Latin,318,719,1.0,1.163,1,False,False,False,True,False
Judson-Italic.ttf,Judson,Latin,318,714,1.0,1.07,1,False,False,False,True,False
Judson-Regular.ttf,Judson,Latin,318,855,1.2955974842767295,1.15,2,False,False,True,True,False
Julee-Regular.ttf,Julee,Latin,317,436,1.444794952681388,1.178,2,False,False,True,True,False
JuliusSansOne-Regular.ttf,Julius Sans One,Latin,201,229,1.0,1.091,0,False,False,False,False,False
Junge-Regular.ttf,Junge,Latin,194,222,1.0,1.21533203125,0,False,False,False,False,False
Jura[wght].ttf,Jura Light,Latin,317,1115,1.7413249211356467,1.183,3,True,False,True,True,False
Jura[wght].ttf,Jura Light,Cyrillic,100,1115,1.75,1.183,3,True,False,True,True,False
JustMeAgainDownHere.ttf,Just Me Again Down Here,Latin,305,353,1.0,1.498,0,False,False,False,False,False
K2D-Bold.ttf,K2D,Latin,319,772,2.1786833855799372,1.3,2,False,False,True,True,False
K2D-BoldItalic.ttf,K2D,Latin,319,772,2.1786833855799372,1.3,2,False,False,True,True,False
K2D-ExtraBold.ttf,K2D,Latin,319,772,2.1786833855799372,1.3,2,False,False,True,True,False
K2D-ExtraBoldItalic.ttf,K2D,Latin,319,772,2.1786833855799372,1.3,2,False,False,True,True,False
K2D-ExtraLight.ttf,K2D,Latin,319,772,2.1786833855799372,1.3,2,False,False,True,True,False
K2D-ExtraLightItalic.ttf,K2D,Latin,319,772,2.1786833855799372,1.3,2,False,False,True,True,False
K2D-Italic.ttf,K2D,Latin,319,772,2.1786833855799372,1.3,2,False,False,True,True,False
K2D-Light.ttf,K2D,Latin,319,772,2.1786833855799372,1.3,2,False,False,True,True,False
K2D-LightItalic.ttf,K2D,Latin,319,772,2.1786833855799372,1.3,2,False,False,True,True,False
K2D-Medium.ttf,K2D,Latin,319,772,2.1786833855799372,1.3,2,False,False,True,True,False
K2D-MediumItalic.ttf,K2D,Latin,319,772,2.1786833855799372,1.3,2,False,False,True,True,False
K2D-Regular.ttf,K2D,Latin,319,772,2.1786833855799372,1.3,2,False,False,True,True,False
K2D-SemiBold.ttf,K2D,Latin,319,772,2.1786833855799372,1.3,2,False,False,True,True,False
K2D-SemiBoldItalic.ttf,K2D,Latin,319,772,2.1786833855799372,1.3,2,False,False,True,True,False
K2D-Thin.ttf,K2D,Latin,319,772,2.1786833855799372,1.3,2,False,False,True,True,False
K2D-ThinItalic.ttf,K2D,Latin,319,772,2.1786833855799372,1.3,2,False,False,True,True,False
Kablammo[MORF].ttf,Kablammo,Latin,317,1106,0.8990536277602523,1.292,2,True,False,False,True,False
Kablammo[MORF].ttf,Kablammo,Cyrillic,235,1106,0.7191489361702128,1.292,2,True,False,False,True,False
Kadwa-Bold.ttf,Kadwa,Latin,320,932,2.5,2.0078125,3,False,True,True,True,False
Kadwa-Bold.ttf,Kadwa,Devanagari,128,932,2.484375,2.0078125,3,False,True,True,True,False
Kadwa-Regular.ttf,Kadwa,Latin,320,931,2.5,2.0078125,3,False,True,True,True,False
Kadwa-Regular.ttf,Kadwa,Devanagari,129,931,2.4728682170542635,2.0078125,3,False,True,True,True,False
KaiseiDecol-Bold.ttf,Kaisei Decol,Latin,202,9368,1.7425742574257426,1.0,1,False,False,True,False,False
KaiseiDecol-Bold.ttf,Kaisei Decol,Cyrillic,66,9368,1.6818181818181819,1.0,1,False,False,True,False,False
KaiseiDecol-Bold.ttf,Kaisei Decol,Katakana,94,9368,1.7446808510638299,1.0,1,False,False,True,False,False
KaiseiDecol-Bold.ttf,Kaisei Decol,Han,6753,9368,1.7492966089145565,1.0,1,False,False,True,False,False
KaiseiDecol-Medium.ttf,Kaisei Decol Medium,Latin,202,9368,1.7425742574257426,1.0,1,False,False,True,False,False
KaiseiDecol-Medium.ttf,Kaisei Decol Medium,Cyrillic,66,9368,1.6818181818181819,1.0,1,False,False,True,False,False
KaiseiDecol-Medium.ttf,Kaisei Decol Medium,Katakana,94,9368,1.7446808510638299,1.0,1,False,False,True,False,False
KaiseiDecol-Medium.ttf,Kaisei Decol Medium,Han,6753,9368,1.7492966089145565,1.0,1,False,False,True,False,False
KaiseiDecol-Regular.ttf,Kaisei Decol,Latin,202,9368,1.7425742574257426,1.0,1,False,False,True,False,False
KaiseiDecol-Regular.ttf,Kaisei Decol,Cyrillic,66,9368,1.6818181818181819,1.0,1,False,False,True,False,False
KaiseiDecol-Regular.ttf,Kaisei Decol,Katakana,94,9368,1.7446808510638299,1.0,1,False,False,True,False,False
KaiseiDecol-Regular.ttf,Kaisei Decol,Han,6753,9368,1.7492966089145565,1.0,1,False,False,True,False,False
KaiseiHarunoUmi-Bold.ttf,Kaisei HarunoUmi,Latin,202,9368,1.7425742574257426,1.0,1,False,False,True,False,False
KaiseiHarunoUmi-Bold.ttf,Kaisei HarunoUmi,Cyrillic,66,9368,1.6818181818181819,1.0,1,False,False,True,False,False
KaiseiHarunoUmi-Bold.ttf,Kaisei HarunoUmi,Katakana,94,9368,1.7446808510638299,1.0,1,False,False,True,False,False
KaiseiHarunoUmi-Bold.ttf,Kaisei HarunoUmi,Han,6753,9368,1.7492966089145565,1.0,1,False,False,True,False,False
KaiseiHarunoUmi-Medium.ttf,Kaisei HarunoUmi Medium,Latin,202,9368,1.7425742574257426,1.0,1,False,False,True,False,False
KaiseiHarunoUmi-Medium.ttf,Kaisei HarunoUmi Medium,Cyrillic,66,9368,1.6818181818181819,1.0,1,False,False,True,False,False
KaiseiHarunoUmi-Medium.ttf,Kaisei HarunoUmi Medium,Katakana,94,9368,1.7446808510638299,1.0,1,False,False,True,False,False
KaiseiHarunoUmi-Medium.ttf,Kaisei HarunoUmi Medium,Han,6753,9368,1.7492966089145565,1.0,1,False,False,True,False,False
KaiseiHarunoUmi-Regular.ttf,Kaisei HarunoUmi,Latin,202,9368,1.7425742574257426,1.0,1,False,False,True,False,False
KaiseiHarunoUmi-Regular.ttf,Kaisei HarunoUmi,Cyrillic,66,9368,1.6818181818181819,1.0,1,False,False,True,False,False
KaiseiHarunoUmi-Regular.ttf,Kaisei HarunoUmi,Katakana,94,9368,1.7446808510638299,1.0,1,False,False,True,False,False
KaiseiHarunoUmi-Regular.ttf,Kaisei HarunoUmi,Han,6753,9368,1.7492966089145565,1.0,1,False,False,True,False,False
KaiseiOpti-Bold.ttf,Kaisei Opti,Latin,202,9368,1.7425742574257426,1.0,1,False,False,True,False,False
KaiseiOpti-Bold.ttf,Kaisei Opti,Cyrillic,66,9368,1.6818181818181819,1.0,1,False,False,True,False,False
KaiseiOpti-Bold.ttf,Kaisei Opti,Katakana,94,9368,1.7446808510638299,1.0,1,False,False,True,False,False
KaiseiOpti-Bold.ttf,Kaisei Opti,Han,6753,9368,1.7492966089145565,1.0,1,False,False,True,False,False
KaiseiOpti-Medium.ttf,Kaisei Opti Medium,Latin,202,9368,1.7425742574257426,1.0,1,False,False,True,False,False
KaiseiOpti-Medium.ttf,Kaisei Opti Medium,Cyrillic,66,9368,1.6818181818181819,1.0,1,False,False,True,False,False
KaiseiOpti-Medium.ttf,Kaisei Opti Medium,Katakana,94,9368,1.7446808510638299,1.0,1,False,False,True,False,False
KaiseiOpti-Medium.ttf,Kaisei Opti Medium,Han,6753,9368,1.7492966089145565,1.0,1,False,False,True,False,False
KaiseiOpti-Regular.ttf,Kaisei Opti,Latin,202,9368,1.7425742574257426,1.0,1,False,False,True,False,False
KaiseiOpti-Regular.ttf,Kaisei Opti,Cyrillic,66,9368,1.6818181818181819,1.0,1,False,False,True,False,False
KaiseiOpti-Regular.ttf,Kaisei Opti,Katakana,94,9368,1.7446808510638299,1.0,1,False,False,True,False,False
KaiseiOpti-Regular.ttf,Kaisei Opti,Han,6753,9368,1.7492966089145565,1.0,1,False,False,True,False,False
KaiseiTokumin-Bold.ttf,Kaisei Tokumin,Latin,202,9368,1.7425742574257426,1.0,1,False,False,True,False,False
KaiseiTokumin-Bold.ttf,Kaisei Tokumin,Cyrillic,66,9368,1.6818181818181819,1.0,1,False,False,True,False,False
KaiseiTokumin-Bold.ttf,Kaisei Tokumin,Katakana,94,9368,1.7446808510638299,1.0,1,False,False,True,False,False
KaiseiTokumin-Bold.ttf,Kaisei Tokumin,Han,6753,9368,1.7492966089145565,1.0,1,False,False,True,False,False
KaiseiTokumin-ExtraBold.ttf,Kaisei Tokumin ExtraBold,Latin,202,9368,1.7425742574257426,1.0,1,False,False,True,False,False
KaiseiTokumin-ExtraBold.ttf,Kaisei Tokumin ExtraBold,Cyrillic,66,9368,1.6818181818181819,1.0,1,False,False,True,False,False
KaiseiTokumin-ExtraBold.ttf,Kaisei Tokumin ExtraBold,Katakana,94,9368,1.7446808510638299,1.0,1,False,False,True,False,False
KaiseiTokumin-ExtraBold.ttf,Kaisei Tokumin ExtraBold,Han,6753,9368,1.7492966089145565,1.0,1,False,False,True,False,False
KaiseiTokumin-Medium.ttf,Kaisei Tokumin Medium,Latin,202,9368,1.7425742574257426,1.0,1,False,False,True,False,False
KaiseiTokumin-Medium.ttf,Kaisei Tokumin Medium,Cyrillic,66,9368,1.6818181818181819,1.0,1,False,False,True,False,False
KaiseiTokumin-Medium.ttf,Kaisei Tokumin Medium,Katakana,94,9368,1.7446808510638299,1.0,1,False,False,True,False,False
KaiseiTokumin-Medium.ttf,Kaisei Tokumin Medium,Han,6753,9368,1.7492966089145565,1.0,1,False,False,True,False,False
KaiseiTokumin-Regular.ttf,Kaisei Tokumin,Latin,202,9368,1.7425742574257426,1.0,1,False,False,True,False,False
KaiseiTokumin-Regular.ttf,Kaisei Tokumin,Cyrillic,66,9368,1.6818181818181819,1.0,1,False,False,True,False,False
KaiseiTokumin-Regular.ttf,Kaisei Tokumin,Katakana,94,9368,1.7446808510638299,1.0,1,False,False,True,False,False
KaiseiTokumin-Regular.ttf,Kaisei Tokumin,Han,6753,9368,1.7492966089145565,1.0,1,False,False,True,False,False
Kalam-Bold.ttf,Kalam,Latin,278,1027,3.212230215827338,1.594,3,False,True,True,True,False
Kalam-Bold.ttf,Kalam,Devanagari,94,1027,3.234042553191489,1.594,3,False,True,True,True,False
Kalam-Light.ttf,Kalam Light,Latin,278,1027,3.212230215827338,1.594,3,False,True,True,True,False
Kalam-Light.ttf,Kalam Light,Devanagari,94,1027,3.234042553191489,1.594,3,False,True,True,True,False
Kalam-Regular.ttf,Kalam,Latin,278,1027,3.212230215827338,1.594,3,False,True,True,True,False
Kalam-Regular.ttf,Kalam,Devanagari,94,1027,3.234042553191489,1.594,3,False,True,True,True,False
"Kalnia[wdth,wght].ttf",Kalnia Thin,Latin,292,384,1.4417808219178083,1.345,3,False,False,True,True,True
"KalniaGlaze[wdth,wght].ttf",Kalnia Glaze Thin,Latin,292,1138,1.4417808219178083,1.345,3,False,False,True,True,True
Kameron[wght].ttf,Kameron,Latin,289,408,1.4463667820069204,1.18701171875,2,False,False,True,True,False
Kanchenjunga-Bold.ttf,Kanchenjunga,Latin,199,365,1.0,1.611328125,2,False,False,False,True,True
Kanchenjunga-Medium.ttf,Kanchenjunga Medium,Latin,199,365,1.0,1.611328125,2,False,False,False,True,True
Kanchenjunga-Regular.ttf,Kanchenjunga,Latin,199,365,1.0,1.611328125,2,False,False,False,True,True
Kanchenjunga-SemiBold.ttf,Kanchenjunga SemiBold,Latin,199,365,1.0,1.611328125,2,False,False,False,True,True
Kanit-Black.ttf,Kanit Black,Latin,320,775,1.75,1.495,2,False,False,True,True,False
Kanit-BlackItalic.ttf,Kanit Black,Latin,319,775,1.7366771159874608,1.495,2,False,False,True,True,False
Kanit-Bold.ttf,Kanit,Latin,320,775,1.75,1.495,2,False,False,True,True,False
Kanit-BoldItalic.ttf,Kanit,Latin,319,775,1.7366771159874608,1.495,2,False,False,True,True,False
Kanit-ExtraBold.ttf,Kanit ExtraBold,Latin,320,775,1.75,1.495,2,False,False,True,True,False
Kanit-ExtraBoldItalic.ttf,Kanit ExtraBold,Latin,319,775,1.7366771159874608,1.495,2,False,False,True,True,False
Kanit-ExtraLight.ttf,Kanit ExtraLight,Latin,320,775,1.75,1.495,2,False,False,True,True,False
Kanit-ExtraLightItalic.ttf,Kanit ExtraLight,Latin,319,775,1.7366771159874608,1.495,2,False,False,True,True,False
Kanit-Italic.ttf,Kanit,Latin,319,775,1.7366771159874608,1.495,2,False,False,True,True,False
Kanit-Light.ttf,Kanit Light,Latin,320,775,1.75,1.495,2,False,False,True,True,False
Kanit-LightItalic.ttf,Kanit Light,Latin,319,775,1.7366771159874608,1.495,2,False,False,True,True,False
Kanit-Medium.ttf,Kanit Medium,Latin,320,775,1.75,1.495,2,False,False,True,True,False
Kanit-MediumItalic.ttf,Kanit Medium,Latin,319,775,1.7366771159874608,1.495,2,False,False,True,True,False
Kanit-Regular.ttf,Kanit,Latin,320,775,1.75,1.495,2,False,False,True,True,False
Kanit-SemiBold.ttf,Kanit SemiBold,Latin,320,775,1.75,1.495,2,False,False,True,True,False
Kanit-SemiBoldItalic.ttf,Kanit SemiBold,Latin,319,775,1.7366771159874608,1.495,2,False,False,True,True,False
Kanit-Thin.ttf,Kanit Thin,Latin,320,775,1.75,1.495,2,False,False,True,True,False
Kanit-ThinItalic.ttf,Kanit Thin,Latin,319,775,1.7366771159874608,1.495,2,False,False,True,True,False
KantumruyPro-Italic[wght].ttf,Kantumruy Pro,Latin,195,560,1.7435897435897436,1.18,2,False,True,False,True,False
KantumruyPro[wght].ttf,Kantumruy Pro,Latin,195,560,1.7435897435897436,1.18,2,False,True,False,True,False
Kapakana[wght].ttf,Kapakana,Latin,214,423,1.0,1.0,0,False,False,False,False,False
Kapakana[wght].ttf,Kapakana,Katakana,93,423,1.0,1.0,0,False,False,False,False,False
Karantina-Bold.ttf,Karantina,Latin,194,280,1.1494845360824741,1.012,3,False,False,True,True,True
Karantina-Light.ttf,Karantina Light,Latin,194,280,1.1494845360824741,1.012,3,False,False,True,True,True
Karantina-Regular.ttf,Karantina,Latin,194,280,1.1494845360824741,1.012,3,False,False,True,True,True
Karla-Italic[wght].ttf,Karla,Latin,294,480,1.4489795918367347,1.169,2,False,False,True,True,False
Karla[wght].ttf,Karla,Latin,294,480,1.4489795918367347,1.169,2,False,False,True,True,False
KarlaTamilInclined-Bold.ttf,Karla Tamil Inclined,Latin,44,273,1.5227272727272727,1.175,1,False,True,False,False,False
KarlaTamilInclined-Bold.ttf,Karla Tamil Inclined,Tamil,63,273,1.5714285714285714,1.175,1,False,True,False,False,False
KarlaTamilInclined-Regular.ttf,Karla Tamil Inclined,Latin,44,273,1.5227272727272727,1.175,1,False,True,False,False,False
KarlaTamilInclined-Regular.ttf,Karla Tamil Inclined,Tamil,63,273,1.5714285714285714,1.175,1,False,True,False,False,False
KarlaTamilUpright-Bold.ttf,Karla Tamil Upright,Latin,44,273,1.5227272727272727,1.0,1,False,True,False,False,False
KarlaTamilUpright-Bold.ttf,Karla Tamil Upright,Tamil,63,273,1.5714285714285714,1.0,1,False,True,False,False,False
KarlaTamilUpright-Regular.ttf,Karla Tamil Upright,Latin,44,273,1.5227272727272727,1.0,1,False,True,False,False,False
KarlaTamilUpright-Regular.ttf,Karla Tamil Upright,Tamil,63,273,1.5714285714285714,1.0,1,False,True,False,False,False
Karma-Bold.ttf,Karma,Latin,320,1167,2.65,1.628,2,False,True,False,True,False
Karma-Bold.ttf,Karma,Devanagari,102,1167,2.6176470588235294,1.628,2,False,True,False,True,False
Karma-Light.ttf,Karma,Latin,320,1167,2.65,1.419,2,False,True,False,True,False
Karma-Light.ttf,Karma,Devanagari,102,1167,2.6176470588235294,1.419,2,False,True,False,True,False
Karma-Medium.ttf,Karma,Latin,320,1167,2.65,1.493,2,False,True,False,True,False
Karma-Medium.ttf,Karma,Devanagari,102,1167,2.6176470588235294,1.493,2,False,True,False,True,False
Karma-Regular.ttf,Karma,Latin,320,1167,2.65,1.453,2,False,True,False,True,False
Karma-Regular.ttf,Karma,Devanagari,102,1167,2.6176470588235294,1.453,2,False,True,False,True,False
Karma-SemiBold.ttf,Karma,Latin,320,1167,2.65,1.544,2,False,True,False,True,False
Karma-SemiBold.ttf,Karma,Devanagari,102,1167,2.6176470588235294,1.544,2,False,True,False,True,False
Katibeh-Regular.ttf,Katibeh,Latin,319,1480,13.376175548589341,1.2,4,True,False,True,True,True
Katibeh-Regular.ttf,Katibeh,Arabic,528,1480,13.568181818181818,1.2,4,True,False,True,True,True
KaushanScript-Regular.ttf,Kaushan Script,Latin,320,414,1.15,1.451,1,False,False,True,False,False
Kavivanar-Regular.ttf,Kavivanar,Latin,300,472,1.6,1.482,3,True,True,False,True,False
Kavivanar-Regular.ttf,Kavivanar,Tamil,72,472,1.5555555555555556,1.482,3,True,True,False,True,False
Kavoon-Regular.ttf,Kavoon,Latin,301,456,1.7475083056478404,1.25,2,False,False,True,True,False
KayPhoDu-Bold.ttf,Kay Pho Du,Latin,199,352,1.0,1.20556640625,1,False,False,False,False,True
KayPhoDu-Medium.ttf,Kay Pho Du Medium,Latin,199,352,1.0,1.20556640625,1,False,False,False,False,True
KayPhoDu-Regular.ttf,Kay Pho Du,Latin,199,352,1.0,1.20556640625,1,False,False,False,False,True
KayPhoDu-SemiBold.ttf,Kay Pho Du SemiBold,Latin,199,352,1.0,1.20556640625,1,False,False,False,False,True
KdamThmorPro-Regular.ttf,Kdam Thmor Pro,Latin,196,538,1.739795918367347,1.546,2,False,True,False,True,False
KeaniaOne-Regular.ttf,Keania One,Latin,209,272,1.0,1.217,0,False,False,False,False,False
Kedebideri-Black.ttf,Kedebideri Black,Latin,199,380,1.0,1.25,2,False,False,False,True,True
Kedebideri-Bold.ttf,Kedebideri,Latin,199,380,1.0,1.25,2,False,False,False,True,True
Kedebideri-ExtraBold.ttf,Kedebideri ExtraBold,Latin,199,380,1.0,1.25,2,False,False,False,True,True
Kedebideri-Medium.ttf,Kedebideri Medium,Latin,199,380,1.0,1.25,2,False,False,False,True,True
Kedebideri-Regular.ttf,Kedebideri,Latin,199,380,1.0,1.25,2,False,False,False,True,True
Kedebideri-SemiBold.ttf,Kedebideri SemiBold,Latin,199,380,1.0,1.25,2,False,False,False,True,True
KellySlab-Regular.ttf,Kelly Slab,Latin,311,453,1.0,1.212,0,False,False,False,False,False
KellySlab-Regular.ttf,Kelly Slab,Cyrillic,94,453,1.0,1.212,0,False,False,False,False,False
Kenia-Regular.ttf,Kenia,Latin,191,200,0.9947643979057592,1.0,0,False,False,False,False,False
Khand-Bold.ttf,Khand,Latin,278,1034,2.7697841726618706,1.529,3,False,True,True,True,False
Khand-Bold.ttf,Khand,Devanagari,104,1034,2.730769230769231,1.529,3,False,True,True,True,False
Khand-Light.ttf,Khand Light,Latin,278,1033,2.7697841726618706,1.529,3,False,True,True,True,False
Khand-Light.ttf,Khand Light,Devanagari,104,1033,2.730769230769231,1.529,3,False,True,True,True,False
Khand-Medium.ttf,Khand Medium,Latin,278,1035,2.7697841726618706,1.529,3,False,True,True,True,False
Khand-Medium.ttf,Khand Medium,Devanagari,104,1035,2.730769230769231,1.529,3,False,True,True,True,False
Khand-Regular.ttf,Khand,Latin,278,1033,2.7697841726618706,1.529,3,False,True,True,True,False
Khand-Regular.ttf,Khand,Devanagari,104,1033,2.730769230769231,1.529,3,False,True,True,True,False
Khand-SemiBold.ttf,Khand SemiBold,Latin,278,1034,2.7697841726618706,1.529,3,False,True,True,True,False
Khand-SemiBold.ttf,Khand SemiBold,Devanagari,104,1034,2.730769230769231,1.529,3,False,True,True,True,False
Khmer.ttf,Khmer,Latin,40,302,1.3,1.7734375,1,False,True,False,False,False
Khula-Bold.ttf,Khula,Latin,100,571,3.1,1.6056622851365014,2,False,True,False,True,False
Khula-Bold.ttf,Khula,Devanagari,128,571,3.078125,1.6056622851365014,2,False,True,False,True,False
Khula-ExtraBold.ttf,Khula,Latin,100,571,3.1,1.6056622851365014,2,False,True,False,True,False
Khula-ExtraBold.ttf,Khula,Devanagari,128,571,3.078125,1.6056622851365014,2,False,True,False,True,False
Khula-Light.ttf,Khula,Latin,101,571,3.0792079207920793,1.6056622851365014,2,False,True,False,True,False
Khula-Light.ttf,Khula,Devanagari,128,571,3.078125,1.6056622851365014,2,False,True,False,True,False
Khula-Regular.ttf,Khula,Latin,100,571,3.1,1.6056622851365014,2,False,True,False,True,False
Khula-Regular.ttf,Khula,Devanagari,128,571,3.078125,1.6056622851365014,2,False,True,False,True,False
Khula-SemiBold.ttf,Khula,Latin,100,571,3.1,1.6056622851365014,2,False,True,False,True,False
Khula-SemiBold.ttf,Khula,Devanagari,128,571,3.078125,1.6056622851365014,2,False,True,False,True,False
Khyay-Regular.ttf,Myanmar Khyay,Latin,215,506,1.441860465116279,1.307,3,False,True,True,True,False
Kings-Regular.ttf,Kings,Latin,316,1009,1.5949367088607596,1.4,3,True,False,True,True,False
KirangHaerang-Regular.ttf,Kirang Haerang,Latin,114,5638,1.2982456140350878,1.25,1,True,False,False,False,False
KiteOne-Regular.ttf,Kite One,Latin,318,452,1.4433962264150944,1.445,2,False,False,True,True,False
KiwiMaru-Light.ttf,Kiwi Maru Light,Latin,202,9505,1.4455445544554455,1.0,1,False,False,True,False,False
KiwiMaru-Light.ttf,Kiwi Maru Light,Cyrillic,66,9505,1.4090909090909092,1.0,1,False,False,True,False,False
KiwiMaru-Light.ttf,Kiwi Maru Light,Katakana,94,9505,1.446808510638298,1.0,1,False,False,True,False,False
KiwiMaru-Light.ttf,Kiwi Maru Light,Han,6844,9505,1.4492986557568672,1.0,1,False,False,True,False,False
KiwiMaru-Medium.ttf,Kiwi Maru Medium,Latin,202,9505,1.4455445544554455,1.0,1,False,False,True,False,False
KiwiMaru-Medium.ttf,Kiwi Maru Medium,Cyrillic,66,9505,1.4090909090909092,1.0,1,False,False,True,False,False
KiwiMaru-Medium.ttf,Kiwi Maru Medium,Katakana,94,9505,1.446808510638298,1.0,1,False,False,True,False,False
KiwiMaru-Medium.ttf,Kiwi Maru Medium,Han,6844,9505,1.4492986557568672,1.0,1,False,False,True,False,False
KiwiMaru-Regular.ttf,Kiwi Maru,Latin,202,9505,1.4455445544554455,1.0,1,False,False,True,False,False
KiwiMaru-Regular.ttf,Kiwi Maru,Cyrillic,66,9505,1.4090909090909092,1.0,1,False,False,True,False,False
KiwiMaru-Regular.ttf,Kiwi Maru,Katakana,94,9505,1.446808510638298,1.0,1,False,False,True,False,False
KiwiMaru-Regular.ttf,Kiwi Maru,Han,6844,9505,1.4492986557568672,1.0,1,False,False,True,False,False
KleeOne-Regular.ttf,Klee One,Latin,221,15450,1.4479638009049773,1.0,1,False,False,True,False,False
KleeOne-Regular.ttf,Klee One,Cyrillic,66,15450,1.4090909090909092,1.0,1,False,False,True,False,False
KleeOne-Regular.ttf,Klee One,Katakana,94,15450,1.446808510638298,1.0,1,False,False,True,False,False
KleeOne-Regular.ttf,Klee One,Han,8094,15450,1.4492216456634543,1.0,1,False,False,True,False,False
KleeOne-SemiBold.ttf,Klee One SemiBold,Latin,221,15450,1.4479638009049773,1.0,1,False,False,True,False,False
KleeOne-SemiBold.ttf,Klee One SemiBold,Cyrillic,66,15450,1.4090909090909092,1.0,1,False,False,True,False,False
KleeOne-SemiBold.ttf,Klee One SemiBold,Katakana,94,15450,1.446808510638298,1.0,1,False,False,True,False,False
KleeOne-SemiBold.ttf,Klee One SemiBold,Han,8094,15450,1.4492216456634543,1.0,1,False,False,True,False,False
Knewave-Regular.ttf,Knewave,Latin,181,210,0.994475138121547,1.554,0,False,False,False,False,False
Kodchasan-Bold.ttf,Kodchasan,Latin,320,774,2.2,1.3,2,False,False,True,True,False
Kodchasan-BoldItalic.ttf,Kodchasan,Latin,320,774,2.2,1.3,2,False,False,True,True,False
Kodchasan-ExtraLight.ttf,Kodchasan,Latin,320,774,2.2,1.3,2,False,False,True,True,False
Kodchasan-ExtraLightItalic.ttf,Kodchasan,Latin,320,774,2.2,1.3,2,False,False,True,True,False
Kodchasan-Italic.ttf,Kodchasan,Latin,320,774,2.2,1.3,2,False,False,True,True,False
Kodchasan-Light.ttf,Kodchasan,Latin,320,774,2.2,1.3,2,False,False,True,True,False
Kodchasan-LightItalic.ttf,Kodchasan,Latin,320,774,2.2,1.3,2,False,False,True,True,False
Kodchasan-Medium.ttf,Kodchasan,Latin,320,774,2.2,1.3,2,False,False,True,True,False
Kodchasan-MediumItalic.ttf,Kodchasan,Latin,320,774,2.2,1.3,2,False,False,True,True,False
Kodchasan-Regular.ttf,Kodchasan,Latin,320,774,2.2,1.3,2,False,False,True,True,False
Kodchasan-SemiBold.ttf,Kodchasan,Latin,320,774,2.2,1.3,2,False,False,True,True,False
Kodchasan-SemiBoldItalic.ttf,Kodchasan,Latin,320,774,2.2,1.3,2,False,False,True,True,False
KodeMono[wght].ttf,Kode Mono,Latin,281,488,1.298932384341637,1.28,3,True,False,False,True,True
KoHo-Bold.ttf,KoHo,Latin,320,774,2.2,1.3,2,False,False,True,True,False
KoHo-BoldItalic.ttf,KoHo,Latin,320,774,2.2,1.3,2,False,False,True,True,False
KoHo-ExtraLight.ttf,KoHo,Latin,320,774,2.2,1.3,2,False,False,True,True,False
KoHo-ExtraLightItalic.ttf,KoHo,Latin,320,774,2.2,1.3,2,False,False,True,True,False
KoHo-Italic.ttf,KoHo,Latin,320,774,2.2,1.3,2,False,False,True,True,False
KoHo-Light.ttf,KoHo,Latin,320,774,2.2,1.3,2,False,False,True,True,False
KoHo-LightItalic.ttf,KoHo,Latin,320,774,2.2,1.3,2,False,False,True,True,False
KoHo-Medium.ttf,KoHo,Latin,320,774,2.2,1.3,2,False,False,True,True,False
KoHo-MediumItalic.ttf,KoHo,Latin,320,774,2.2,1.3,2,False,False,True,True,False
KoHo-Regular.ttf,KoHo,Latin,320,774,2.2,1.3,2,False,False,True,True,False
KoHo-SemiBold.ttf,KoHo,Latin,320,774,2.2,1.3,2,False,False,True,True,False
KoHo-SemiBoldItalic.ttf,KoHo,Latin,320,774,2.2,1.3,2,False,False,True,True,False
KohSantepheap-Black.ttf,Koh Santepheap Black,Latin,99,522,1.2828282828282829,1.333984375,1,False,True,False,False,False
KohSantepheap-Bold.ttf,Koh Santepheap,Latin,99,522,1.2828282828282829,1.333984375,1,False,True,False,False,False
KohSantepheap-Light.ttf,Koh Santepheap Light,Latin,99,522,1.2828282828282829,1.333984375,1,False,True,False,False,False
KohSantepheap-Regular.ttf,Koh Santepheap,Latin,99,522,1.2828282828282829,1.333984375,1,False,True,False,False,False
KohSantepheap-Thin.ttf,Koh Santepheap Thin,Latin,99,522,1.2828282828282829,1.333984375,1,False,True,False,False,False
Kokoro-Regular.ttf,Kokoro,Katakana,90,231,1.0,1.5,0,False,False,False,False,False
KolkerBrush-Regular.ttf,Kolker Brush,Latin,316,642,1.4462025316455696,1.1,2,False,False,True,True,False
KonkhmerSleokchher-Regular.ttf,Konkhmer Sleokchher,Latin,280,534,1.45,1.806640625,2,False,True,False,True,False
KoPubBatang-Bold.ttf,KoPub Batang,Latin,146,21123,1.0,1.094,0,False,False,False,False,False
KoPubBatang-Bold.ttf,KoPub Batang,Cyrillic,66,21123,1.0,1.094,0,False,False,False,False,False
KoPubBatang-Bold.ttf,KoPub Batang,Katakana,86,21123,1.0,1.094,0,False,False,False,False,False
KoPubBatang-Bold.ttf,KoPub Batang,Han,4887,21123,1.0,1.094,0,False,False,False,False,False
KoPubBatang-Light.ttf,KoPub Batang,Latin,146,21123,1.0,1.094,0,False,False,False,False,False
KoPubBatang-Light.ttf,KoPub Batang,Cyrillic,66,21123,1.0,1.094,0,False,False,False,False,False
KoPubBatang-Light.ttf,KoPub Batang,Katakana,86,21123,1.0,1.094,0,False,False,False,False,False
KoPubBatang-Light.ttf,KoPub Batang,Han,4887,21123,1.0,1.094,0,False,False,False,False,False
KoPubBatang-Regular.ttf,KoPub Batang,Latin,146,21118,1.0,1.094,0,False,False,False,False,False
KoPubBatang-Regular.ttf,KoPub Batang,Cyrillic,66,21118,1.0,1.094,0,False,False,False,False,False
KoPubBatang-Regular.ttf,KoPub Batang,Katakana,86,21118,1.0,1.094,0,False,False,False,False,False
KoPubBatang-Regular.ttf,KoPub Batang,Han,4887,21118,1.0,1.094,0,False,False,False,False,False
KottaOne-Regular.ttf,Kotta One,Latin,224,260,1.0,1.203,0,False,False,False,False,False
Koulen-Regular.ttf,Koulen,Latin,98,277,1.2857142857142858,1.806640625,1,False,True,False,False,False
Kreon[wght].ttf,Kreon Light,Latin,292,407,1.0,1.26,1,False,False,False,True,False
Kristi-Regular.ttf,Kristi,Latin,190,212,1.1473684210526316,1.25,1,True,False,False,False,False
KronaOne-Regular.ttf,Krona One,Latin,336,424,1.0,1.25,0,False,False,False,False,False
Krub-Bold.ttf,Krub,Latin,319,772,2.1786833855799372,1.3,2,False,False,True,True,False
Krub-BoldItalic.ttf,Krub,Latin,319,772,2.1786833855799372,1.3,2,False,False,True,True,False
Krub-ExtraLight.ttf,Krub,Latin,319,772,2.1786833855799372,1.3,2,False,False,True,True,False
Krub-ExtraLightItalic.ttf,Krub,Latin,319,772,2.1786833855799372,1.3,2,False,False,True,True,False
Krub-Italic.ttf,Krub,Latin,319,772,2.1786833855799372,1.3,2,False,False,True,True,False
Krub-Light.ttf,Krub,Latin,319,772,2.1786833855799372,1.3,2,False,False,True,True,False
Krub-LightItalic.ttf,Krub,Latin,319,772,2.1786833855799372,1.3,2,False,False,True,True,False
Krub-Medium.ttf,Krub,Latin,319,772,2.1786833855799372,1.3,2,False,False,True,True,False
Krub-MediumItalic.ttf,Krub,Latin,319,772,2.1786833855799372,1.3,2,False,False,True,True,False
Krub-Regular.ttf,Krub,Latin,319,772,2.1786833855799372,1.3,2,False,False,True,True,False
Krub-SemiBold.ttf,Krub,Latin,319,772,2.1786833855799372,1.3,2,False,False,True,True,False
Krub-SemiBoldItalic.ttf,Krub,Latin,319,772,2.1786833855799372,1.3,2,False,False,True,True,False
Kufam-Italic[wght].ttf,Kufam,Latin,320,2332,2.5,1.3,4,True,False,True,True,True
Kufam-Italic[wght].ttf,Kufam,Arabic,320,2332,2.5,1.3,4,True,False,True,True,True
Kufam[wght].ttf,Kufam,Latin,320,2332,2.5,1.3,4,True,False,True,True,True
Kufam[wght].ttf,Kufam,Arabic,320,2332,2.5,1.3,4,True,False,True,True,True
KulimPark-Bold.ttf,Kulim Park,Latin,292,418,1.2945205479452055,1.135,2,False,False,True,True,False
KulimPark-BoldItalic.ttf,Kulim Park,Latin,292,423,1.2945205479452055,1.135,2,False,False,True,True,False
KulimPark-ExtraLight.ttf,Kulim Park ExtraLight,Latin,292,418,1.2945205479452055,1.135,2,False,False,True,True,False
KulimPark-ExtraLightItalic.ttf,Kulim Park ExtraLight,Latin,292,423,1.2945205479452055,1.135,2,False,False,True,True,False
KulimPark-Italic.ttf,Kulim Park,Latin,292,423,1.2945205479452055,1.135,2,False,False,True,True,False
KulimPark-Light.ttf,Kulim Park Light,Latin,292,418,1.2945205479452055,1.135,2,False,False,True,True,False
KulimPark-LightItalic.ttf,Kulim Park Light,Latin,292,423,1.2945205479452055,1.135,2,False,False,True,True,False
KulimPark-Regular.ttf,Kulim Park,Latin,292,418,1.2945205479452055,1.135,2,False,False,True,True,False
KulimPark-SemiBold.ttf,Kulim Park SemiBold,Latin,292,418,1.2945205479452055,1.135,2,False,False,True,True,False
KulimPark-SemiBoldItalic.ttf,Kulim Park SemiBold,Latin,292,423,1.2945205479452055,1.135,2,False,False,True,True,False
KumarOne-Regular.ttf,Kumar One,Latin,269,868,4.717472118959108,1.779,1,False,True,False,False,False
KumarOneOutline-Regular.ttf,Kumar One Outline,Latin,269,868,4.717472118959108,1.779,1,False,True,False,False,False
"KumbhSans[YOPQ,wght].ttf",Kumbh Sans,Latin,317,416,1.444794952681388,1.240234375,3,False,False,True,True,True
Kurale-Regular.ttf,Kurale,Latin,320,1006,2.2,1.478,3,False,True,True,True,False
Kurale-Regular.ttf,Kurale,Cyrillic,182,1006,2.1868131868131866,1.478,3,False,True,True,True,False
Kurale-Regular.ttf,Kurale,Devanagari,154,1006,2.1948051948051948,1.478,3,False,True,True,True,False
LaBelleAurore.ttf,La Belle Aurore,Latin,308,354,0.9967532467532467,1.8544921875,0,False,False,False,False,False
Labrada-Italic[wght].ttf,Labrada,Latin,313,734,1.4408945686900958,1.445,2,False,False,True,True,False
Labrada[wght].ttf,Labrada,Latin,310,727,1.4451612903225806,1.445,2,False,False,True,True,False
Lacquer-Regular.ttf,Lacquer,Latin,201,445,1.1492537313432836,1.2,1,False,False,False,True,False
Laila-Bold.ttf,Laila,Latin,202,931,2.782178217821782,1.55,3,False,True,True,True,False
Laila-Bold.ttf,Laila,Devanagari,100,931,2.8,1.55,3,False,True,True,True,False
Laila-Light.ttf,Laila,Latin,202,931,2.782178217821782,1.55,3,False,True,True,True,False
Laila-Light.ttf,Laila,Devanagari,100,931,2.8,1.55,3,False,True,True,True,False
Laila-Medium.ttf,Laila,Latin,202,931,2.782178217821782,1.55,3,False,True,True,True,False
Laila-Medium.ttf,Laila,Devanagari,100,931,2.8,1.55,3,False,True,True,True,False
Laila-Regular.ttf,Laila,Latin,202,931,2.782178217821782,1.55,3,False,True,True,True,False
Laila-Regular.ttf,Laila,Devanagari,100,931,2.8,1.55,3,False,True,True,True,False
Laila-SemiBold.ttf,Laila,Latin,202,931,2.782178217821782,1.55,3,False,True,True,True,False
Laila-SemiBold.ttf,Laila,Devanagari,100,931,2.8,1.55,3,False,True,True,True,False
LakkiReddy-Regular.ttf,Lakki Reddy,Latin,193,882,2.0155440414507773,1.6630859375,2,False,True,False,True,False
LakkiReddy-Regular.ttf,Lakki Reddy,Telugu,93,882,1.978494623655914,1.6630859375,2,False,True,False,True,False
Lalezar-Regular.ttf,Lalezar,Latin,286,1221,5.111888111888112,1.567,4,True,False,True,True,True
Lalezar-Regular.ttf,Lalezar,Arabic,379,1221,5.137203166226913,1.567,4,True,False,True,True,True
Lancelot-Regular.ttf,Lancelot,Latin,195,247,1.0,1.10498046875,0,False,False,False,False,False
Langar-Regular.ttf,Langar,Latin,286,640,2.762237762237762,1.394,4,True,True,True,True,False
Lateef-Bold.ttf,Lateef,Latin,199,1830,3.3316582914572863,1.44580078125,4,True,False,True,True,True
Lateef-Bold.ttf,Lateef,Arabic,335,1830,3.388059701492537,1.44580078125,4,True,False,True,True,True
Lateef-ExtraBold.ttf,Lateef ExtraBold,Latin,199,1830,3.3316582914572863,1.44580078125,4,True,False,True,True,True
Lateef-ExtraBold.ttf,Lateef ExtraBold,Arabic,335,1830,3.388059701492537,1.44580078125,4,True,False,True,True,True
Lateef-ExtraLight.ttf,Lateef ExtraLight,Latin,199,1828,3.3316582914572863,1.44580078125,4,True,False,True,True,True
Lateef-ExtraLight.ttf,Lateef ExtraLight,Arabic,335,1828,3.388059701492537,1.44580078125,4,True,False,True,True,True
Lateef-Light.ttf,Lateef Light,Latin,199,1830,3.3316582914572863,1.44580078125,4,True,False,True,True,True
Lateef-Light.ttf,Lateef Light,Arabic,335,1830,3.388059701492537,1.44580078125,4,True,False,True,True,True
Lateef-Medium.ttf,Lateef Medium,Latin,199,1830,3.3316582914572863,1.44580078125,4,True,False,True,True,True
Lateef-Medium.ttf,Lateef Medium,Arabic,335,1830,3.388059701492537,1.44580078125,4,True,False,True,True,True
Lateef-Regular.ttf,Lateef,Latin,199,1830,3.3316582914572863,1.44580078125,4,True,False,True,True,True
Lateef-Regular.ttf,Lateef,Arabic,335,1830,3.388059701492537,1.44580078125,4,True,False,True,True,True
Lateef-SemiBold.ttf,Lateef SemiBold,Latin,199,1830,3.3316582914572863,1.44580078125,4,True,False,True,True,True
Lateef-SemiBold.ttf,Lateef SemiBold,Arabic,335,1830,3.388059701492537,1.44580078125,4,True,False,True,True,True
Lato-Black.ttf,Lato,Latin,320,3023,3.196875,1.2,4,True,False,True,True,True
Lato-Black.ttf,Lato,Cyrillic,275,3023,3.2363636363636363,1.2,4,True,False,True,True,True
Lato-BlackItalic.ttf,Lato,Latin,320,3023,3.196875,1.2,4,True,False,True,True,True
Lato-BlackItalic.ttf,Lato,Cyrillic,275,3023,3.2363636363636363,1.2,4,True,False,True,True,True
Lato-Bold.ttf,Lato,Latin,320,3023,3.196875,1.2,4,True,False,True,True,True
Lato-Bold.ttf,Lato,Cyrillic,275,3023,3.2363636363636363,1.2,4,True,False,True,True,True
Lato-BoldItalic.ttf,Lato,Latin,320,3023,3.196875,1.2,4,True,False,True,True,True
Lato-BoldItalic.ttf,Lato,Cyrillic,275,3023,3.2363636363636363,1.2,4,True,False,True,True,True
Lato-ExtraBold.ttf,Lato,Latin,320,3023,3.196875,1.2,4,True,False,True,True,True
Lato-ExtraBold.ttf,Lato,Cyrillic,275,3023,3.2363636363636363,1.2,4,True,False,True,True,True
Lato-ExtraBoldItalic.ttf,Lato,Latin,320,3023,3.196875,1.2,4,True,False,True,True,True
Lato-ExtraBoldItalic.ttf,Lato,Cyrillic,275,3023,3.2363636363636363,1.2,4,True,False,True,True,True
Lato-ExtraLight.ttf,Lato,Latin,320,3023,3.196875,1.2,4,True,False,True,True,True
Lato-ExtraLight.ttf,Lato,Cyrillic,275,3023,3.2363636363636363,1.2,4,True,False,True,True,True
Lato-ExtraLightItalic.ttf,Lato,Latin,320,3023,3.196875,1.2,4,True,False,True,True,True
Lato-ExtraLightItalic.ttf,Lato,Cyrillic,275,3023,3.2363636363636363,1.2,4,True,False,True,True,True
Lato-Italic.ttf,Lato,Latin,320,3023,3.196875,1.2,4,True,False,True,True,True
Lato-Italic.ttf,Lato,Cyrillic,275,3023,3.2363636363636363,1.2,4,True,False,True,True,True
Lato-Light.ttf,Lato,Latin,320,3023,3.196875,1.2,4,True,False,True,True,True
Lato-Light.ttf,Lato,Cyrillic,275,3023,3.2363636363636363,1.2,4,True,False,True,True,True
Lato-LightItalic.ttf,Lato,Latin,320,3023,3.196875,1.2,4,True,False,True,True,True
Lato-LightItalic.ttf,Lato,Cyrillic,275,3023,3.2363636363636363,1.2,4,True,False,True,True,True
Lato-Medium.ttf,Lato,Latin,320,3023,3.196875,1.2,4,True,False,True,True,True
Lato-Medium.ttf,Lato,Cyrillic,275,3023,3.2363636363636363,1.2,4,True,False,True,True,True
Lato-MediumItalic.ttf,Lato,Latin,320,3023,3.196875,1.2,4,True,False,True,True,True
Lato-MediumItalic.ttf,Lato,Cyrillic,275,3023,3.2363636363636363,1.2,4,True,False,True,True,True
Lato-Regular.ttf,Lato,Latin,320,3023,3.196875,1.2,4,True,False,True,True,True
Lato-Regular.ttf,Lato,Cyrillic,275,3023,3.2363636363636363,1.2,4,True,False,True,True,True
Lato-SemiBold.ttf,Lato,Latin,320,3023,3.196875,1.2,4,True,False,True,True,True
Lato-SemiBold.ttf,Lato,Cyrillic,275,3023,3.2363636363636363,1.2,4,True,False,True,True,True
Lato-SemiBoldItalic.ttf,Lato,Latin,320,3023,3.196875,1.2,4,True,False,True,True,True
Lato-SemiBoldItalic.ttf,Lato,Cyrillic,275,3023,3.2363636363636363,1.2,4,True,False,True,True,True
Lato-Thin.ttf,Lato,Latin,320,3023,3.196875,1.2,4,True,False,True,True,True
Lato-Thin.ttf,Lato,Cyrillic,275,3023,3.2363636363636363,1.2,4,True,False,True,True,True
Lato-ThinItalic.ttf,Lato,Latin,320,3023,3.196875,1.2,4,True,False,True,True,True
Lato-ThinItalic.ttf,Lato,Cyrillic,275,3023,3.2363636363636363,1.2,4,True,False,True,True,True
LavishlyYours-Regular.ttf,Lavishly Yours,Latin,317,648,1.444794952681388,1.6,2,False,False,True,True,False
LeagueGothic[wdth].ttf,League Gothic,Latin,301,529,1.4485049833887043,1.2,2,False,False,True,True,False
LeagueScript-Regular.ttf,League Script,Latin,173,207,1.138728323699422,1.1067708333333333,1,False,False,True,False,False
LeagueSpartan[wght].ttf,League Spartan Thin,Latin,316,635,1.5949367088607596,0.92,3,True,False,True,True,False
LeckerliOne-Regular.ttf,Leckerli One,Latin,195,217,0.9948717948717949,1.345,0,False,False,False,False,False
Ledger-Regular.ttf,Ledger,Latin,306,452,1.0,1.391,0,False,False,False,False,False
Ledger-Regular.ttf,Ledger,Cyrillic,94,452,1.0,1.391,0,False,False,False,False,False
Lekton-Bold.ttf,Lekton,Latin,297,950,1.5925925925925926,1.0,2,True,False,True,False,False
Lekton-Italic.ttf,Lekton,Latin,165,205,1.0,1.0,0,False,False,False,False,False
Lekton-Regular.ttf,Lekton,Latin,297,950,1.5925925925925926,1.0,2,True,False,True,False,False
Lemon-Regular.ttf,Lemon,Latin,318,440,1.4433962264150944,1.306,2,False,False,True,True,False
Lemonada[wght].ttf,Lemonada,Latin,319,827,2.1786833855799372,1.998,4,True,False,True,True,True
Lemonada[wght].ttf,Lemonada,Arabic,239,827,2.1715481171548117,1.998,4,True,False,True,True,True
LemonadaVFBeta.ttf,Lemonada,Latin,317,823,11.675078864353312,1.998,4,True,False,True,True,True
LemonadaVFBeta.ttf,Lemonada,Arabic,239,823,11.543933054393305,1.998,4,True,False,True,True,True
Lexend[wght].ttf,Lexend,Latin,319,850,1.5893416927899686,1.25,2,False,False,True,True,False
LexendDeca[wght].ttf,Lexend Deca,Latin,319,850,1.5893416927899686,1.25,2,False,False,True,True,False
LexendExa[wght].ttf,Lexend Exa,Latin,319,850,1.5893416927899686,1.25,2,False,False,True,True,False
LexendGiga[wght].ttf,Lexend Giga,Latin,319,850,1.5893416927899686,1.25,2,False,False,True,True,False
LexendMega[wght].ttf,Lexend Mega,Latin,319,850,1.5893416927899686,1.25,2,False,False,True,True,False
LexendPeta[wght].ttf,Lexend Peta,Latin,319,850,1.5893416927899686,1.25,2,False,False,True,True,False
LexendTera[wght].ttf,Lexend Tera,Latin,319,850,1.5893416927899686,1.25,2,False,False,True,True,False
LexendZetta[wght].ttf,Lexend Zetta,Latin,319,850,1.5893416927899686,1.25,2,False,False,True,True,False
LibertinusKeyboard-Regular.ttf,Libertinus Keyboard,Latin,299,421,1.1438127090301002,1.14,2,False,False,True,False,True
LibertinusMath-Regular.ttf,Libertinus Math,Latin,319,4379,1.0,1.14,2,False,False,False,True,True
LibertinusMath-Regular.ttf,Libertinus Math,Cyrillic,230,4379,1.0,1.14,2,False,False,False,True,True
LibertinusMono-Regular.ttf,Libertinus Mono,Latin,319,618,1.0,1.14,1,False,False,False,True,False
LibertinusSans-Bold.ttf,Libertinus Sans,Latin,319,2592,1.0,1.14,2,False,False,False,True,True
LibertinusSans-Bold.ttf,Libertinus Sans,Cyrillic,134,2592,1.0,1.14,2,False,False,False,True,True
LibertinusSans-Italic.ttf,Libertinus Sans,Latin,319,2465,1.0,1.14,2,False,False,False,True,True
LibertinusSans-Italic.ttf,Libertinus Sans,Cyrillic,230,2465,1.0,1.14,2,False,False,False,True,True
LibertinusSans-Regular.ttf,Libertinus Sans,Latin,319,2438,1.0,1.14,2,False,False,False,True,True
LibertinusSans-Regular.ttf,Libertinus Sans,Cyrillic,142,2438,1.0,1.14,2,False,False,False,True,True
LibertinusSerif-Bold.ttf,Libertinus Serif,Latin,319,2495,1.0,1.14,2,False,False,False,True,True
LibertinusSerif-Bold.ttf,Libertinus Serif,Cyrillic,207,2495,1.0,1.14,2,False,False,False,True,True
LibertinusSerif-BoldItalic.ttf,Libertinus Serif,Latin,319,2004,1.0,1.14,2,False,False,False,True,True
LibertinusSerif-BoldItalic.ttf,Libertinus Serif,Cyrillic,86,2004,1.0,1.14,2,False,False,False,True,True
LibertinusSerif-Italic.ttf,Libertinus Serif,Latin,319,2447,1.0,1.14,2,False,False,False,True,True
LibertinusSerif-Italic.ttf,Libertinus Serif,Cyrillic,230,2447,1.0,1.14,2,False,False,False,True,True
LibertinusSerif-Regular.ttf,Libertinus Serif,Latin,319,2731,1.0,1.14,2,False,False,False,True,True
LibertinusSerif-Regular.ttf,Libertinus Serif,Cyrillic,230,2731,1.0,1.14,2,False,False,False,True,True
LibertinusSerif-SemiBold.ttf,Libertinus Serif SemiBold,Latin,319,2411,1.0,1.14,2,False,False,False,True,True
LibertinusSerif-SemiBold.ttf,Libertinus Serif SemiBold,Cyrillic,207,2411,1.0,1.14,2,False,False,False,True,True
LibertinusSerif-SemiBoldItalic.ttf,Libertinus Serif SemiBold,Latin,319,2425,1.0,1.14,2,False,False,False,True,True
LibertinusSerif-SemiBoldItalic.ttf,Libertinus Serif SemiBold,Cyrillic,207,2425,1.0,1.14,2,False,False,False,True,True
LibertinusSerifDisplay-Regular.ttf,Libertinus Serif Display,Latin,319,2280,1.0,1.14,2,False,False,False,True,True
LibertinusSerifDisplay-Regular.ttf,Libertinus Serif Display,Cyrillic,229,2280,1.0,1.14,2,False,False,False,True,True
LibreBarcode128-Regular.ttf,Libre Barcode 128,Latin,111,221,1.1441441441441442,1.0,1,True,False,False,False,False
LibreBarcode128Text-Regular.ttf,Libre Barcode 128 Text,Latin,111,415,1.1441441441441442,1.0,1,True,False,False,False,False
LibreBarcode39-Regular.ttf,Libre Barcode 39,Latin,74,121,1.1486486486486487,1.0,1,True,False,False,False,False
LibreBarcode39Extended-Regular.ttf,Libre Barcode 39 Extended,Latin,130,179,1.146153846153846,1.0,1,True,False,False,False,False
LibreBarcode39ExtendedText-Regular.ttf,Libre Barcode 39 Extended Text,Latin,130,272,1.146153846153846,1.0,1,True,False,False,False,False
LibreBarcode39Text-Regular.ttf,Libre Barcode 39 Text,Latin,74,163,1.1486486486486487,1.0,1,True,False,False,False,False
LibreBarcodeEAN13Text-Regular.ttf,Libre Barcode EAN13 Text,Latin,139,155,1.143884892086331,0.9375,1,True,False,False,False,False
LibreBaskerville-Italic[wght].ttf,Libre Baskerville,Latin,316,864,1.4462025316455696,1.24,2,False,False,True,True,False
LibreBaskerville[wght].ttf,Libre Baskerville,Latin,316,861,1.4462025316455696,1.24,2,False,False,True,True,False
LibreBodoni-Italic[wght].ttf,Libre Bodoni,Latin,319,644,1.4420062695924765,1.25,2,False,False,True,True,False
LibreBodoni[wght].ttf,Libre Bodoni,Latin,319,644,1.4420062695924765,1.25,2,False,False,True,True,False
LibreCaslonDisplay-Regular.ttf,Libre Caslon Display,Latin,320,551,1.3,1.236,2,False,False,True,True,False
LibreCaslonText-Italic[wght].ttf,Libre Caslon Text,Latin,320,554,1.3,1.23,2,False,False,True,True,False
LibreCaslonText[wght].ttf,Libre Caslon Text,Latin,320,548,1.3,1.23,2,False,False,True,True,False
LibreFranklin-Italic[wght].ttf,Libre Franklin Thin,Latin,317,1012,1.2965299684542586,1.212,2,False,False,True,True,False
LibreFranklin-Italic[wght].ttf,Libre Franklin Thin,Cyrillic,236,1012,1.2966101694915255,1.212,2,False,False,True,True,False
LibreFranklin[wght].ttf,Libre Franklin Thin,Latin,317,1007,1.2965299684542586,1.212,2,False,False,True,True,False
LibreFranklin[wght].ttf,Libre Franklin Thin,Cyrillic,236,1007,1.2966101694915255,1.212,2,False,False,True,True,False
Licorice-Regular.ttf,Licorice,Latin,316,633,1.4462025316455696,1.25,2,False,False,True,True,False
LifeSavers-Bold.ttf,Life Savers,Latin,317,471,1.444794952681388,1.222,2,False,False,True,True,False
LifeSavers-ExtraBold.ttf,Life Savers ExtraBold,Latin,317,471,1.444794952681388,1.222,2,False,False,True,True,False
LifeSavers-Regular.ttf,Life Savers,Latin,317,471,1.444794952681388,1.222,2,False,False,True,True,False
Lilex-Italic[wght].ttf,Lilex,Latin,318,1411,1.2955974842767295,1.3,2,True,False,False,True,False
Lilex-Italic[wght].ttf,Lilex,Cyrillic,194,1411,1.2989690721649485,1.3,2,True,False,False,True,False
Lilex[wght].ttf,Lilex,Latin,318,1410,1.2955974842767295,1.3,2,True,False,False,True,False
Lilex[wght].ttf,Lilex,Cyrillic,194,1410,1.2989690721649485,1.3,2,True,False,False,True,False
LilitaOne-Regular.ttf,Lilita One,Latin,199,229,1.0,1.141,0,False,False,False,False,False
LilyScriptOne-Regular.ttf,Lily Script One,Latin,200,252,1.0,1.376,0,False,False,False,False,False
Limelight-Regular.ttf,Limelight,Latin,336,427,1.0,1.2197265625,0,False,False,False,False,False
LindenHill-Italic.ttf,Linden Hill,Latin,316,590,1.2974683544303798,1.347900390625,2,False,False,True,False,True
LindenHill-Regular.ttf,Linden Hill,Latin,316,765,1.1487341772151898,1.347900390625,2,False,False,True,False,True
"Linefont[wdth,wght].ttf",Linefont Thin,Latin,313,388,0.4728434504792332,1.4,3,False,False,True,True,True
LINESeedJP-Bold.ttf,LINE Seed JP,Latin,280,9225,1.4357142857142857,1.1,1,False,False,True,False,False
LINESeedJP-Bold.ttf,LINE Seed JP,Cyrillic,88,9225,1.4431818181818181,1.1,1,False,False,True,False,False
LINESeedJP-Bold.ttf,LINE Seed JP,Katakana,94,9225,1.446808510638298,1.1,1,False,False,True,False,False
LINESeedJP-Bold.ttf,LINE Seed JP,Han,6758,9225,1.4496892571766795,1.1,1,False,False,True,False,False
LINESeedJP-ExtraBold.ttf,LINE Seed JP ExtraBold,Latin,280,9225,1.4357142857142857,1.1,1,False,False,True,False,False
LINESeedJP-ExtraBold.ttf,LINE Seed JP ExtraBold,Cyrillic,88,9225,1.4431818181818181,1.1,1,False,False,True,False,False
LINESeedJP-ExtraBold.ttf,LINE Seed JP ExtraBold,Katakana,94,9225,1.446808510638298,1.1,1,False,False,True,False,False
LINESeedJP-ExtraBold.ttf,LINE Seed JP ExtraBold,Han,6758,9225,1.4496892571766795,1.1,1,False,False,True,False,False
LINESeedJP-Regular.ttf,LINE Seed JP,Latin,280,9225,1.4357142857142857,1.1,1,False,False,True,False,False
LINESeedJP-Regular.ttf,LINE Seed JP,Cyrillic,88,9225,1.4431818181818181,1.1,1,False,False,True,False,False
LINESeedJP-Regular.ttf,LINE Seed JP,Katakana,94,9225,1.446808510638298,1.1,1,False,False,True,False,False
LINESeedJP-Regular.ttf,LINE Seed JP,Han,6758,9225,1.4496892571766795,1.1,1,False,False,True,False,False
LINESeedJP-Thin.ttf,LINE Seed JP Thin,Latin,280,9225,1.4357142857142857,1.1,1,False,False,True,False,False
LINESeedJP-Thin.ttf,LINE Seed JP Thin,Cyrillic,88,9225,1.4431818181818181,1.1,1,False,False,True,False,False
LINESeedJP-Thin.ttf,LINE Seed JP Thin,Katakana,94,9225,1.446808510638298,1.1,1,False,False,True,False,False
LINESeedJP-Thin.ttf,LINE Seed JP Thin,Han,6758,9225,1.4496892571766795,1.1,1,False,False,True,False,False
LisuBosa-Black.ttf,Lisu Bosa Black,Latin,199,341,1.0,1.0,1,False,False,False,False,True
LisuBosa-BlackItalic.ttf,Lisu Bosa Black,Latin,199,341,1.0,1.0,1,False,False,False,False,True
LisuBosa-Bold.ttf,Lisu Bosa,Latin,199,341,1.0,1.0,1,False,False,False,False,True
LisuBosa-BoldItalic.ttf,Lisu Bosa,Latin,199,341,1.0,1.0,1,False,False,False,False,True
LisuBosa-ExtraBold.ttf,Lisu Bosa ExtraBold,Latin,199,341,1.0,1.0,1,False,False,False,False,True
LisuBosa-ExtraBoldItalic.ttf,Lisu Bosa ExtraBold,Latin,199,341,1.0,1.0,1,False,False,False,False,True
LisuBosa-ExtraLight.ttf,Lisu Bosa ExtraLight,Latin,199,341,1.0,1.0,1,False,False,False,False,True
LisuBosa-ExtraLightItalic.ttf,Lisu Bosa ExtraLight,Latin,199,341,1.0,1.0,1,False,False,False,False,True
LisuBosa-Italic.ttf,Lisu Bosa,Latin,199,341,1.0,1.0,1,False,False,False,False,True
LisuBosa-Light.ttf,Lisu Bosa Light,Latin,199,341,1.0,1.0,1,False,False,False,False,True
LisuBosa-LightItalic.ttf,Lisu Bosa Light,Latin,199,341,1.0,1.0,1,False,False,False,False,True
LisuBosa-Medium.ttf,Lisu Bosa Medium,Latin,199,341,1.0,1.0,1,False,False,False,False,True
LisuBosa-MediumItalic.ttf,Lisu Bosa Medium,Latin,199,341,1.0,1.0,1,False,False,False,False,True
LisuBosa-Regular.ttf,Lisu Bosa,Latin,199,341,1.0,1.0,1,False,False,False,False,True
LisuBosa-SemiBold.ttf,Lisu Bosa SemiBold,Latin,199,341,1.0,1.0,1,False,False,False,False,True
LisuBosa-SemiBoldItalic.ttf,Lisu Bosa SemiBold,Latin,199,341,1.0,1.0,1,False,False,False,False,True
Liter-Regular.ttf,Liter,Latin,278,482,1.1474820143884892,1.426,1,False,False,False,True,False
Liter-Regular.ttf,Liter,Cyrillic,104,482,1.1442307692307692,1.426,1,False,False,False,True,False
"Literata-Italic[opsz,wght].ttf",Literata,Latin,318,1769,1.5911949685534592,1.485,2,False,False,True,True,False
"Literata-Italic[opsz,wght].ttf",Literata,Cyrillic,118,1769,1.576271186440678,1.485,2,False,False,True,True,False
"Literata[opsz,wght].ttf",Literata,Latin,318,1789,1.5911949685534592,1.485,2,False,False,True,True,False
"Literata[opsz,wght].ttf",Literata,Cyrillic,118,1789,1.576271186440678,1.485,2,False,False,True,True,False
LiuJianMaoCao-Regular.ttf,Liu Jian Mao Cao,Latin,109,7018,1.0,1.0,0,False,False,False,False,False
LiuJianMaoCao-Regular.ttf,Liu Jian Mao Cao,Han,6763,7018,1.0,1.0,0,False,False,False,False,False
Livvic-Black.ttf,Livvic Black,Latin,317,786,1.7413249211356467,1.255,3,True,False,True,True,False
Livvic-BlackItalic.ttf,Livvic Black,Latin,317,786,1.5930599369085174,1.255,3,True,False,True,True,False
Livvic-Bold.ttf,Livvic,Latin,317,786,1.7413249211356467,1.255,3,True,False,True,True,False
Livvic-BoldItalic.ttf,Livvic,Latin,317,786,1.5930599369085174,1.255,3,True,False,True,True,False
Livvic-ExtraLight.ttf,Livvic ExtraLight,Latin,317,786,1.7413249211356467,1.255,3,True,False,True,True,False
Livvic-ExtraLightItalic.ttf,Livvic ExtraLight,Latin,317,786,1.5930599369085174,1.255,3,True,False,True,True,False
Livvic-Italic.ttf,Livvic,Latin,317,786,1.5930599369085174,1.255,3,True,False,True,True,False
Livvic-Light.ttf,Livvic Light,Latin,317,786,1.7413249211356467,1.255,3,True,False,True,True,False
Livvic-LightItalic.ttf,Livvic Light,Latin,317,786,1.5930599369085174,1.255,3,True,False,True,True,False
Livvic-Medium.ttf,Livvic Medium,Latin,317,786,1.7413249211356467,1.255,3,True,False,True,True,False
Livvic-MediumItalic.ttf,Livvic Medium,Latin,317,786,1.5930599369085174,1.255,3,True,False,True,True,False
Livvic-Regular.ttf,Livvic,Latin,317,786,1.7413249211356467,1.255,3,True,False,True,True,False
Livvic-SemiBold.ttf,Livvic SemiBold,Latin,317,786,1.7413249211356467,1.255,3,True,False,True,True,False
Livvic-SemiBoldItalic.ttf,Livvic SemiBold,Latin,317,786,1.5930599369085174,1.255,3,True,False,True,True,False
Livvic-Thin.ttf,Livvic Thin,Latin,317,786,1.7413249211356467,1.255,3,True,False,True,True,False
Livvic-ThinItalic.ttf,Livvic Thin,Latin,317,786,1.5930599369085174,1.255,3,True,False,True,True,False
Lobster-Regular.ttf,Lobster,Latin,321,1174,9.373831775700934,1.25,3,True,False,True,True,False
Lobster-Regular.ttf,Lobster,Cyrillic,182,1174,9.307692307692308,1.25,3,True,False,True,True,False
LobsterTwo-Bold.ttf,Lobster Two,Latin,226,357,1.1460176991150441,1.25,1,False,False,True,False,False
LobsterTwo-BoldItalic.ttf,Lobster Two,Latin,226,357,1.1460176991150441,1.25,1,False,False,True,False,False
LobsterTwo-Italic.ttf,Lobster Two,Latin,226,357,1.1460176991150441,1.25,1,False,False,True,False,False
LobsterTwo-Regular.ttf,Lobster Two,Latin,226,357,1.1460176991150441,1.25,1,False,False,True,False,False
Lohit-Bengali.ttf,Lohit Bengali,Latin,48,487,2.6041666666666665,1.3315994798439532,3,True,True,False,True,False
Lohit-Bengali.ttf,Lohit Bengali,Bengali,92,487,2.5543478260869565,1.3315994798439532,3,True,True,False,True,False
Lohit-Devanagari.ttf,Lohit Devanagari,Latin,47,423,2.6382978723404253,1.33203125,2,False,True,False,True,False
Lohit-Devanagari.ttf,Lohit Devanagari,Devanagari,155,423,2.632258064516129,1.33203125,2,False,True,False,True,False
Lohit-Tamil.ttf,Lohit Tamil,Latin,48,247,1.7291666666666667,2.01953125,2,False,True,False,True,False
Lohit-Tamil.ttf,Lohit Tamil,Tamil,72,247,1.6944444444444444,2.01953125,2,False,True,False,True,False
LondrinaOutline-Regular.ttf,Londrina Outline,Latin,200,231,1.15,1.183,1,False,False,True,False,False
LondrinaShadow-Regular.ttf,Londrina Shadow,Latin,198,231,1.0,1.183,0,False,False,False,False,False
LondrinaSketch-Regular.ttf,Londrina Sketch,Latin,198,231,1.0,1.183,0,False,False,False,False,False
LondrinaSolid-Black.ttf,Londrina Solid,Latin,200,231,1.0,1.183,0,False,False,False,False,False
LondrinaSolid-Light.ttf,Londrina Solid,Latin,200,236,1.0,1.183,0,False,False,False,False,False
LondrinaSolid-Regular.ttf,Londrina Solid,Latin,200,231,1.0,1.183,0,False,False,False,False,False
LondrinaSolid-Thin.ttf,Londrina Solid,Latin,200,234,1.0,1.183,0,False,False,False,False,False
LongCang-Regular.ttf,Long Cang,Latin,109,7017,1.0,1.0,0,False,False,False,False,False
LongCang-Regular.ttf,Long Cang,Han,6763,7017,1.0,1.0,0,False,False,False,False,False
Lora-Italic[wght].ttf,Lora,Latin,318,889,1.5911949685534592,1.28,3,True,False,True,True,False
Lora-Italic[wght].ttf,Lora,Cyrillic,240,889,1.6,1.28,3,True,False,True,True,False
Lora[wght].ttf,Lora,Latin,318,892,1.5911949685534592,1.28,3,True,False,True,True,False
Lora[wght].ttf,Lora,Cyrillic,240,892,1.6,1.28,3,True,False,True,True,False
LovedbytheKing.ttf,Loved by the King,Latin,309,355,0.9967637540453075,1.72607421875,0,False,False,False,False,False
LoveLight-Regular.ttf,Love Light,Latin,316,636,1.4462025316455696,1.4,2,False,False,True,True,False
LoversQuarrel-Regular.ttf,Lovers Quarrel,Latin,294,505,1.4489795918367347,1.127,2,False,False,True,True,False
LoveYaLikeASister.ttf,Love Ya Like A Sister,Latin,307,355,1.0,1.2451171875,0,False,False,False,False,False
Lugrasimo-Regular.ttf,Lugrasimo,Latin,195,241,1.0,1.0,0,False,False,False,False,False
Lumanosimo-Regular.ttf,Lumanosimo,Latin,195,260,1.0,1.0,0,False,False,False,False,False
Lunasima-Bold.ttf,Lunasima,Latin,321,1945,1.4485981308411215,1.06982421875,2,False,False,True,False,True
Lunasima-Bold.ttf,Lunasima,Cyrillic,260,1945,1.45,1.06982421875,2,False,False,True,False,True
Lunasima-Regular.ttf,Lunasima,Latin,321,1945,1.4485981308411215,1.06982421875,2,False,False,True,False,True
Lunasima-Regular.ttf,Lunasima,Cyrillic,260,1945,1.45,1.06982421875,2,False,False,True,False,True
Lusitana-Bold.ttf,Lusitana,Latin,193,210,1.0,1.297,0,False,False,False,False,False
Lusitana-Regular.ttf,Lusitana,Latin,194,214,1.0,1.297,0,False,False,False,False,False
Lustria-Regular.ttf,Lustria,Latin,218,264,1.0,1.182,0,False,False,False,False,False
LuxuriousRoman-Regular.ttf,Luxurious Roman,Latin,316,647,1.5949367088607596,1.2,2,False,False,True,True,False
LuxuriousScript-Regular.ttf,Luxurious Script,Latin,316,1287,1.8924050632911393,1.2,3,True,False,True,True,False
LXGWMarkerGothic-Regular.ttf,LXGW Marker Gothic,Latin,318,15571,1.2893081761006289,1.18,3,True,False,False,True,True
LXGWMarkerGothic-Regular.ttf,LXGW Marker Gothic,Cyrillic,155,15571,1.2967741935483872,1.18,3,True,False,False,True,True
LXGWMarkerGothic-Regular.ttf,LXGW Marker Gothic,Katakana,95,15571,1.2947368421052632,1.18,3,True,False,False,True,True
LXGWMarkerGothic-Regular.ttf,LXGW Marker Gothic,Han,13043,15571,1.2999309974699071,1.18,3,True,False,False,True,True
LXGWWenKaiMonoTC-Bold.ttf,霞鶩文楷等寬 TC,Latin,318,22487,1.4433962264150944,1.0,2,True,False,True,False,False
LXGWWenKaiMonoTC-Bold.ttf,霞鶩文楷等寬 TC,Cyrillic,156,22487,1.4423076923076923,1.0,2,True,False,True,False,False
LXGWWenKaiMonoTC-Bold.ttf,霞鶩文楷等寬 TC,Katakana,112,22487,1.4285714285714286,1.0,2,True,False,True,False,False
LXGWWenKaiMonoTC-Bold.ttf,霞鶩文楷等寬 TC,Han,17183,22487,1.432113135075365,1.0,2,True,False,True,False,False
LXGWWenKaiMonoTC-Light.ttf,霞鶩文楷等寬 TC Light,Latin,318,22495,1.4433962264150944,1.0,2,True,False,True,False,False
LXGWWenKaiMonoTC-Light.ttf,霞鶩文楷等寬 TC Light,Cyrillic,156,22495,1.4423076923076923,1.0,2,True,False,True,False,False
LXGWWenKaiMonoTC-Light.ttf,霞鶩文楷等寬 TC Light,Katakana,112,22495,1.4285714285714286,1.0,2,True,False,True,False,False
LXGWWenKaiMonoTC-Light.ttf,霞鶩文楷等寬 TC Light,Han,17183,22495,1.432113135075365,1.0,2,True,False,True,False,False
LXGWWenKaiMonoTC-Regular.ttf,霞鶩文楷等寬 TC,Latin,318,22487,1.4433962264150944,1.0,2,True,False,True,False,False
LXGWWenKaiMonoTC-Regular.ttf,霞鶩文楷等寬 TC,Cyrillic,156,22487,1.4423076923076923,1.0,2,True,False,True,False,False
LXGWWenKaiMonoTC-Regular.ttf,霞鶩文楷等寬 TC,Katakana,112,22487,1.4285714285714286,1.0,2,True,False,True,False,False
LXGWWenKaiMonoTC-Regular.ttf,霞鶩文楷等寬 TC,Han,17183,22487,1.432113135075365,1.0,2,True,False,True,False,False
LXGWWenKaiTC-Bold.ttf,霞鶩文楷 TC,Latin,318,22467,1.4433962264150944,1.0,2,True,False,True,False,False
LXGWWenKaiTC-Bold.ttf,霞鶩文楷 TC,Cyrillic,156,22467,1.4423076923076923,1.0,2,True,False,True,False,False
LXGWWenKaiTC-Bold.ttf,霞鶩文楷 TC,Katakana,112,22467,1.4285714285714286,1.0,2,True,False,True,False,False
LXGWWenKaiTC-Bold.ttf,霞鶩文楷 TC,Han,17183,22467,1.432113135075365,1.0,2,True,False,True,False,False
LXGWWenKaiTC-Light.ttf,霞鶩文楷 TC Light,Latin,318,22475,1.4433962264150944,1.0,2,True,False,True,False,False
LXGWWenKaiTC-Light.ttf,霞鶩文楷 TC Light,Cyrillic,156,22475,1.4423076923076923,1.0,2,True,False,True,False,False
LXGWWenKaiTC-Light.ttf,霞鶩文楷 TC Light,Katakana,112,22475,1.4285714285714286,1.0,2,True,False,True,False,False
LXGWWenKaiTC-Light.ttf,霞鶩文楷 TC Light,Han,17183,22475,1.432113135075365,1.0,2,True,False,True,False,False
LXGWWenKaiTC-Regular.ttf,霞鶩文楷 TC,Latin,318,22467,1.4433962264150944,1.0,2,True,False,True,False,False
LXGWWenKaiTC-Regular.ttf,霞鶩文楷 TC,Cyrillic,156,22467,1.4423076923076923,1.0,2,True,False,True,False,False
LXGWWenKaiTC-Regular.ttf,霞鶩文楷 TC,Katakana,112,22467,1.4285714285714286,1.0,2,True,False,True,False,False
LXGWWenKaiTC-Regular.ttf,霞鶩文楷 TC,Han,17183,22467,1.432113135075365,1.0,2,True,False,True,False,False
Macondo-Regular.ttf,Macondo,Latin,218,311,1.0,1.18,0,False,False,False,False,False
MacondoSwashCaps-Regular.ttf,Macondo Swash Caps,Latin,217,247,1.0,1.18,0,False,False,False,False,False
Mada[wght].ttf,Mada,Latin,308,986,1.8928571428571428,1.3,4,True,False,True,True,True
Mada[wght].ttf,Mada,Arabic,251,986,1.8286852589641434,1.3,4,True,False,True,True,True
MadimiOne-Regular.ttf,Madimi One,Latin,281,351,1.4483985765124556,1.32,2,False,False,True,True,False
Magra-Bold.ttf,Magra,Latin,313,428,1.0,1.215,0,False,False,False,False,False
Magra-Regular.ttf,Magra,Latin,313,428,1.0,1.215,0,False,False,False,False,False
Maitree-Bold.ttf,Maitree,Latin,320,774,2.05,1.2,2,False,False,True,True,False
Maitree-ExtraLight.ttf,Maitree,Latin,320,774,2.05,1.2,2,False,False,True,True,False
Maitree-Light.ttf,Maitree,Latin,320,774,2.05,1.2,2,False,False,True,True,False
Maitree-Medium.ttf,Maitree,Latin,320,774,2.05,1.2,2,False,False,True,True,False
Maitree-Regular.ttf,Maitree,Latin,320,774,2.05,1.2,2,False,False,True,True,False
Maitree-SemiBold.ttf,Maitree,Latin,320,775,2.05,1.2,2,False,False,True,True,False
MajorMonoDisplay-Regular.ttf,Major Mono Display,Latin,316,720,1.5949367088607596,1.0,2,False,False,True,True,False
Mako-Regular.ttf,Mako,Latin,289,401,1.4463667820069204,1.30810546875,2,False,False,True,True,False
Mali-Bold.ttf,Mali,Latin,319,773,2.1786833855799372,1.3,2,False,False,True,True,False
Mali-BoldItalic.ttf,Mali,Latin,319,773,2.1786833855799372,1.3,2,False,False,True,True,False
Mali-ExtraLight.ttf,Mali,Latin,319,773,2.1786833855799372,1.3,2,False,False,True,True,False
Mali-ExtraLightItalic.ttf,Mali,Latin,319,773,2.1786833855799372,1.3,2,False,False,True,True,False
Mali-Italic.ttf,Mali,Latin,319,773,2.1786833855799372,1.3,2,False,False,True,True,False
Mali-Light.ttf,Mali,Latin,319,773,2.1786833855799372,1.3,2,False,False,True,True,False
Mali-LightItalic.ttf,Mali,Latin,319,773,2.1786833855799372,1.3,2,False,False,True,True,False
Mali-Medium.ttf,Mali,Latin,319,773,2.1786833855799372,1.3,2,False,False,True,True,False
Mali-MediumItalic.ttf,Mali,Latin,319,773,2.1786833855799372,1.3,2,False,False,True,True,False
Mali-Regular.ttf,Mali,Latin,319,773,2.1786833855799372,1.3,2,False,False,True,True,False
Mali-SemiBold.ttf,Mali,Latin,319,773,2.1786833855799372,1.3,2,False,False,True,True,False
Mali-SemiBoldItalic.ttf,Mali,Latin,319,773,2.1786833855799372,1.3,2,False,False,True,True,False
Mallanna-Regular.ttf,Mallanna,Latin,104,1234,1.8653846153846154,1.849425287356322,1,False,True,False,False,False
Mallanna-Regular.ttf,Mallanna,Telugu,94,1234,1.8936170212765957,1.849425287356322,1,False,True,False,False,False
Maname-Regular.ttf,Maname,Latin,307,1142,2.3485342019543975,1.2,3,False,True,True,True,False
Mandali-Regular.ttf,Mandali,Latin,104,1235,1.8653846153846154,1.9772151898734178,1,False,True,False,False,False
Mandali-Regular.ttf,Mandali,Telugu,94,1235,1.8936170212765957,1.9772151898734178,1,False,True,False,False,False
Manjari-Bold.ttf,Manjari,Latin,255,909,2.3411764705882354,1.171875,2,False,True,False,True,False
Manjari-Regular.ttf,Manjari,Latin,255,915,2.3411764705882354,1.0986328125,2,False,True,False,True,False
Manjari-Thin.ttf,Manjari Thin,Latin,255,915,2.3411764705882354,1.07421875,2,False,True,False,True,False
Manrope[wght].ttf,Manrope ExtraLight,Latin,307,742,1.299674267100977,1.366,2,True,False,True,False,False
Manrope[wght].ttf,Manrope ExtraLight,Cyrillic,104,742,1.2884615384615385,1.366,2,True,False,True,False,False
Mansalva-Regular.ttf,Mansalva,Latin,319,885,1.5893416927899686,1.578,2,True,False,True,False,False
Manuale-Italic[wght].ttf,Manuale,Latin,321,822,1.4485981308411215,1.437,2,False,False,True,True,False
Manuale[wght].ttf,Manuale,Latin,321,824,1.4485981308411215,1.437,2,False,False,True,True,False
ManufacturingConsent-Regular.ttf,Manufacturing Consent,Latin,305,355,1.5901639344262295,1.2,3,True,False,True,True,False
Marcellus-Regular.ttf,Marcellus,Latin,318,370,1.1477987421383649,1.25390625,1,False,False,True,False,False
MarcellusSC-Regular.ttf,Marcellus SC,Latin,318,370,1.1477987421383649,1.25390625,1,False,False,True,False,False
MarckScript-Regular.ttf,Marck Script,Latin,304,445,1.0,1.249,0,False,False,False,False,False
MarckScript-Regular.ttf,Marck Script,Cyrillic,94,445,1.0,1.249,0,False,False,False,False,False
Margarine-Regular.ttf,Margarine,Latin,318,372,1.1477987421383649,1.34423828125,1,False,False,True,False,False
Marhey[wght].ttf,Marhey Light,Latin,294,1223,2.3469387755102042,1.74,4,True,False,True,True,True
Marhey[wght].ttf,Marhey Light,Arabic,122,1223,2.3278688524590163,1.74,4,True,False,True,True,True
MarkaziText[wght].ttf,Markazi Text,Latin,320,1239,2.05,1.2001953125,4,True,False,True,True,True
MarkaziText[wght].ttf,Markazi Text,Arabic,301,1239,2.046511627906977,1.2001953125,4,True,False,True,True,True
MarkaziText-VF.ttf,Markazi Text,Latin,319,1240,2.031347962382445,1.2001953125,4,True,False,True,True,True
MarkaziText-VF.ttf,Markazi Text,Arabic,300,1240,2.05,1.2001953125,4,True,False,True,True,True
MarkoOne-Regular.ttf,Marko One,Latin,193,222,1.0,1.3408203125,0,False,False,False,False,False
Marmelad-Regular.ttf,Marmelad,Latin,319,812,1.4420062695924765,1.193,2,False,False,True,True,False
Marmelad-Regular.ttf,Marmelad,Cyrillic,182,812,1.445054945054945,1.193,2,False,False,True,True,False
Martel-Bold.ttf,Martel,Latin,284,718,7.802816901408451,1.687,3,False,True,True,True,False
Martel-Bold.ttf,Martel,Devanagari,122,718,7.786885245901639,1.687,3,False,True,True,True,False
Martel-DemiBold.ttf,Martel DemiBold,Latin,284,718,7.802816901408451,1.687,3,False,True,True,True,False
Martel-DemiBold.ttf,Martel DemiBold,Devanagari,122,718,7.786885245901639,1.687,3,False,True,True,True,False
Martel-ExtraBold.ttf,Martel ExtraBold,Latin,284,718,7.802816901408451,1.687,3,False,True,True,True,False
Martel-ExtraBold.ttf,Martel ExtraBold,Devanagari,122,718,7.786885245901639,1.687,3,False,True,True,True,False
Martel-Heavy.ttf,Martel Heavy,Latin,284,718,7.802816901408451,1.687,3,False,True,True,True,False
Martel-Heavy.ttf,Martel Heavy,Devanagari,122,718,7.786885245901639,1.687,3,False,True,True,True,False
Martel-Light.ttf,Martel Light,Latin,284,718,7.802816901408451,1.687,3,False,True,True,True,False
Martel-Light.ttf,Martel Light,Devanagari,122,718,7.786885245901639,1.687,3,False,True,True,True,False
Martel-Regular.ttf,Martel,Latin,284,718,7.802816901408451,1.687,3,False,True,True,True,False
Martel-Regular.ttf,Martel,Devanagari,122,718,7.786885245901639,1.687,3,False,True,True,True,False
Martel-UltraLight.ttf,Martel UltraLight,Latin,284,718,7.802816901408451,1.687,3,False,True,True,True,False
Martel-UltraLight.ttf,Martel UltraLight,Devanagari,122,718,7.786885245901639,1.687,3,False,True,True,True,False
MartelSans-Black.ttf,Martel Sans,Latin,286,721,8.342657342657343,1.824,3,False,True,True,True,False
MartelSans-Black.ttf,Martel Sans,Devanagari,122,721,8.37704918032787,1.824,3,False,True,True,True,False
MartelSans-Bold.ttf,Martel Sans,Latin,286,721,8.342657342657343,1.824,3,False,True,True,True,False
MartelSans-Bold.ttf,Martel Sans,Devanagari,122,721,8.37704918032787,1.824,3,False,True,True,True,False
MartelSans-ExtraBold.ttf,Martel Sans,Latin,286,721,8.342657342657343,1.824,3,False,True,True,True,False
MartelSans-ExtraBold.ttf,Martel Sans,Devanagari,122,721,8.37704918032787,1.824,3,False,True,True,True,False
MartelSans-ExtraLight.ttf,Martel Sans,Latin,286,721,8.342657342657343,1.824,3,False,True,True,True,False
MartelSans-ExtraLight.ttf,Martel Sans,Devanagari,122,721,8.37704918032787,1.824,3,False,True,True,True,False
MartelSans-Light.ttf,Martel Sans,Latin,286,721,8.342657342657343,1.824,3,False,True,True,True,False
MartelSans-Light.ttf,Martel Sans,Devanagari,122,721,8.37704918032787,1.824,3,False,True,True,True,False
MartelSans-Regular.ttf,Martel Sans,Latin,286,721,8.342657342657343,1.824,3,False,True,True,True,False
MartelSans-Regular.ttf,Martel Sans,Devanagari,122,721,8.37704918032787,1.824,3,False,True,True,True,False
MartelSans-SemiBold.ttf,Martel Sans,Latin,286,721,8.342657342657343,1.824,3,False,True,True,True,False
MartelSans-SemiBold.ttf,Martel Sans,Devanagari,122,721,8.37704918032787,1.824,3,False,True,True,True,False
"MartianMono[wdth,wght].ttf",Martian Mono SemiExpanded,Latin,301,567,1.4485049833887043,1.2,2,True,False,False,True,False
"MartianMono[wdth,wght].ttf",Martian Mono SemiExpanded,Cyrillic,84,567,1.4285714285714286,1.2,2,True,False,False,True,False
Marvel-Bold.ttf,Marvel,Latin,175,195,0.9942857142857143,1.21,0,False,False,False,False,False
Marvel-BoldItalic.ttf,Marvel,Latin,175,195,0.9942857142857143,1.21,0,False,False,False,False,False
Marvel-Italic.ttf,Marvel,Latin,175,195,0.9942857142857143,1.21,0,False,False,False,False,False
Marvel-Regular.ttf,Marvel,Latin,175,195,0.9942857142857143,1.21,0,False,False,False,False,False
MaShanZheng-Regular.ttf,Ma Shan Zheng,Latin,109,7017,1.0,1.0,0,False,False,False,False,False
MaShanZheng-Regular.ttf,Ma Shan Zheng,Han,6763,7017,1.0,1.0,0,False,False,False,False,False
Matangi[wght].ttf,Matangi Light,Latin,202,1723,3.222772277227723,1.56,3,False,True,True,True,False
Matangi[wght].ttf,Matangi Light,Devanagari,128,1723,3.2265625,1.56,3,False,True,True,True,False
Mate-Italic.ttf,Mate,Latin,317,432,1.444794952681388,1.22,2,False,False,True,True,False
Mate-Regular.ttf,Mate,Latin,317,432,1.444794952681388,1.22,2,False,False,True,True,False
Matemasie-Regular.ttf,Matemasie,Latin,286,407,1.1468531468531469,1.48,1,False,False,False,True,False
MateSC-Regular.ttf,Mate SC,Latin,317,473,1.444794952681388,1.22,2,False,False,True,True,False
MavenPro[wght].ttf,Maven Pro,Latin,320,730,1.3,1.175,2,False,False,True,True,False
MavenProVFBeta.ttf,Maven Pro VF Beta,Latin,320,722,1.3,1.175,2,False,False,True,True,False
McLaren-Regular.ttf,McLaren,Latin,319,375,1.1473354231974922,1.4345703125,1,False,False,True,False,False
MeaCulpa-Regular.ttf,Mea Culpa,Latin,316,641,1.4462025316455696,1.4,2,False,False,True,True,False
Meddon.ttf,Meddon,Latin,320,460,1.0,2.10791015625,0,False,False,False,False,False
MedievalSharp.ttf,MedievalSharp,Latin,319,404,1.0,1.1298828125,0,False,False,False,False,False
MedulaOne-Regular.ttf,Medula One,Latin,199,230,1.0,1.008,0,False,False,False,False,False
MeeraInimai-Regular.ttf,Meera Inimai,Latin,196,414,1.5918367346938775,1.08984375,1,False,True,False,False,False
MeeraInimai-Regular.ttf,Meera Inimai,Tamil,72,414,1.5555555555555556,1.08984375,1,False,True,False,False,False
Megrim.ttf,Megrim,Latin,303,352,1.0,1.09,0,False,False,False,False,False
MeieScript-Regular.ttf,Meie Script,Latin,194,222,0.9948453608247423,1.2666015625,0,False,False,False,False,False
Menbere[wght].ttf,Menbere,Latin,308,1333,1.448051948051948,1.567,3,True,False,True,True,False
MeowScript-Regular.ttf,Meow Script,Latin,316,2411,1.5949367088607596,1.2,2,False,False,True,True,False
MergeOne-Regular.ttf,Merge One,Latin,295,343,1.0,1.177,0,False,False,False,False,False
Merienda[wght].ttf,Merienda,Latin,316,656,1.5949367088607596,1.444,3,True,False,True,True,False
"Merriweather-Italic[opsz,wdth,wght].ttf",Merriweather Light,Latin,317,2381,1.5930599369085174,1.257,3,True,False,True,True,False
"Merriweather-Italic[opsz,wdth,wght].ttf",Merriweather Light,Cyrillic,271,2381,1.5904059040590406,1.257,3,True,False,True,True,False
"Merriweather[opsz,wdth,wght].ttf",Merriweather Light,Latin,317,2384,1.5930599369085174,1.257,3,True,False,True,True,False
"Merriweather[opsz,wdth,wght].ttf",Merriweather Light,Cyrillic,271,2384,1.5904059040590406,1.257,3,True,False,True,True,False
MerriweatherSans-Italic[wght].ttf,Merriweather Sans,Latin,320,1174,1.45,1.257,2,False,False,True,True,False
MerriweatherSans[wght].ttf,Merriweather Sans,Latin,320,1173,1.45,1.257,2,False,False,True,True,False
MervaleScript-Regular.ttf,Mervale Script,Latin,318,371,1.1477987421383649,1.32421875,1,False,False,True,False,False
Metal-Regular.ttf,Metal,Latin,98,360,1.2857142857142858,2.05078125,1,False,True,False,False,False
MetalMania-Regular.ttf,Metal Mania,Latin,219,268,1.0,1.23828125,0,False,False,False,False,False
Metamorphous-Regular.ttf,Metamorphous,Latin,336,425,1.0,1.25,0,False,False,False,False,False
Metrophobic-Regular.ttf,Metrophobic,Latin,318,602,1.4433962264150944,1.23291015625,2,False,False,True,True,False
Miama-Regular.ttf,Miama,Latin,318,1113,1.0,3.127,0,False,False,False,False,False
Michroma-Regular.ttf,Michroma,Latin,315,498,1.4476190476190476,1.421875,2,False,False,True,True,False
Micro5-Regular.ttf,Micro 5,Latin,278,360,1.1474820143884892,1.0,1,False,False,False,True,False
Micro5Charted-Regular.ttf,Micro 5 Charted,Latin,278,360,1.1474820143884892,1.0,1,False,False,False,True,False
Milonga-Regular.ttf,Milonga,Latin,319,447,1.1473354231974922,1.25,1,False,False,True,False,False
Miltonian-Regular.ttf,Miltonian,Latin,198,258,1.0,1.192,0,False,False,False,False,False
MiltonianTattoo-Regular.ttf,Miltonian Tattoo,Latin,198,259,1.0,1.192,0,False,False,False,False,False
Mina-Bold.ttf,Mina,Latin,311,931,3.2186495176848875,1.59,3,True,True,False,True,False
Mina-Bold.ttf,Mina,Bengali,92,931,3.119565217391304,1.59,3,True,True,False,True,False
Mina-Regular.ttf,Mina,Latin,307,927,3.247557003257329,1.59,3,True,True,False,True,False
Mina-Regular.ttf,Mina,Bengali,92,927,3.119565217391304,1.59,3,True,True,False,True,False
Mingzat-Regular.ttf,Mingzat,Latin,199,457,1.2914572864321607,2.097,2,False,False,False,True,True
Miniver-Regular.ttf,Miniver,Latin,200,229,1.0,1.4580078125,0,False,False,False,False,False
MirandaSans-Italic[wght].ttf,Miranda Sans,Latin,316,460,1.4462025316455696,1.23,3,True,False,True,True,False
MirandaSans[wght].ttf,Miranda Sans,Latin,316,460,1.4462025316455696,1.23,3,True,False,True,True,False
MiriamLibre[wght].ttf,Miriam Libre,Latin,289,476,1.4463667820069204,1.313,3,False,False,True,True,True
Mirza-Bold.ttf,Mirza,Latin,291,1432,14.594501718213058,1.2,4,True,False,True,True,True
Mirza-Bold.ttf,Mirza,Arabic,528,1432,14.765151515151516,1.2,4,True,False,True,True,True
Mirza-Medium.ttf,Mirza,Latin,291,1432,14.594501718213058,1.2,4,True,False,True,True,True
Mirza-Medium.ttf,Mirza,Arabic,528,1432,14.765151515151516,1.2,4,True,False,True,True,True
Mirza-Regular.ttf,Mirza,Latin,291,1432,14.594501718213058,1.2,4,True,False,True,True,True
Mirza-Regular.ttf,Mirza,Arabic,528,1432,14.765151515151516,1.2,4,True,False,True,True,True
Mirza-SemiBold.ttf,Mirza,Latin,291,1432,14.594501718213058,1.2,4,True,False,True,True,True
Mirza-SemiBold.ttf,Mirza,Arabic,528,1432,14.765151515151516,1.2,4,True,False,True,True,True
MissFajardose-Regular.ttf,Miss Fajardose,Latin,199,236,1.0,1.248,0,False,False,False,False,False
Mitr-Bold.ttf,Mitr,Latin,319,774,2.1786833855799372,1.2,2,False,False,True,True,False
Mitr-ExtraLight.ttf,Mitr,Latin,319,774,2.1786833855799372,1.2,2,False,False,True,True,False
Mitr-Light.ttf,Mitr,Latin,319,774,2.1786833855799372,1.2,2,False,False,True,True,False
Mitr-Medium.ttf,Mitr,Latin,319,775,2.1786833855799372,1.2,2,False,False,True,True,False
Mitr-Regular.ttf,Mitr,Latin,319,774,2.1786833855799372,1.2,2,False,False,True,True,False
Mitr-SemiBold.ttf,Mitr,Latin,319,774,2.1786833855799372,1.2,2,False,False,True,True,False
MochiyPopOne-Regular.ttf,Mochiy Pop One,Latin,195,16908,1.1487179487179486,1.0,2,False,False,False,True,True
MochiyPopOne-Regular.ttf,Mochiy Pop One,Katakana,110,16908,1.1454545454545455,1.0,2,False,False,False,True,True
MochiyPopOne-Regular.ttf,Mochiy Pop One,Han,13546,16908,1.1293370736748856,1.0,2,False,False,False,True,True
MochiyPopPOne-Regular.ttf,Mochiy Pop P One,Latin,195,16908,1.1487179487179486,1.0,2,False,False,False,True,True
MochiyPopPOne-Regular.ttf,Mochiy Pop P One,Katakana,110,16908,1.1454545454545455,1.0,2,False,False,False,True,True
MochiyPopPOne-Regular.ttf,Mochiy Pop P One,Han,13546,16908,1.1293370736748856,1.0,2,False,False,False,True,True
Modak-Regular.ttf,Modak,Latin,280,1228,3.7,1.505859375,4,True,True,True,True,False
Modak-Regular.ttf,Modak,Devanagari,127,1228,3.6929133858267718,1.505859375,4,True,True,True,True,False
ModernAntiqua-Regular.ttf,Modern Antiqua,Latin,319,395,1.0,1.13427734375,0,False,False,False,False,False
Moderustic[wght].ttf,Moderustic,Latin,319,1551,1.4420062695924765,1.25,2,False,False,True,True,False
Moderustic[wght].ttf,Moderustic,Cyrillic,172,1551,1.436046511627907,1.25,2,False,False,True,True,False
Mogra-Regular.ttf,Mogra,Latin,275,855,6.963636363636364,1.2,3,True,True,False,True,False
Mohave-Italic[wght].ttf,Mohave Light,Latin,316,482,1.4462025316455696,1.393,2,False,False,True,True,False
Mohave[wght].ttf,Mohave Light,Latin,316,483,1.4462025316455696,1.393,2,False,False,True,True,False
MoiraiOne-Regular.ttf,Moirai One,Latin,199,3233,1.2914572864321607,1.0,1,False,False,True,False,False
Molengo-Regular.ttf,Molengo,Latin,211,373,1.146919431279621,1.1962890625,1,False,False,False,True,False
Molle-Regular.ttf,Molle,Latin,241,272,1.1493775933609958,1.24658203125,1,True,False,False,False,False
MomoSignature-Regular.ttf,Momo Signature,Latin,299,3535,1.882943143812709,1.43,3,True,False,True,True,False
MomoTrustDisplay-Regular.ttf,Momo Trust Display,Latin,275,469,1.1490909090909092,1.3,1,False,False,False,True,False
MomoTrustSans[wght].ttf,Momo Trust Sans,Latin,275,452,1.1490909090909092,1.3,1,False,False,False,True,False
"MonaSans-Italic[wdth,wght].ttf",Mona Sans ExtraLight,Latin,312,756,1.294871794871795,1.41,2,False,False,True,True,False
"MonaSans[wdth,wght].ttf",Mona Sans ExtraLight,Latin,312,756,1.294871794871795,1.41,2,False,False,True,True,False
Monda[wght].ttf,Monda,Latin,319,1361,1.5893416927899686,1.62890625,2,False,False,True,True,False
Monofett-Regular.ttf,Monofett,Latin,318,435,1.1477987421383649,1.130859375,1,False,False,False,True,False
Monomakh-Regular.ttf,Monomakh,Latin,321,859,1.5981308411214954,1.273,3,True,False,True,True,False
Monomakh-Regular.ttf,Monomakh,Cyrillic,148,859,1.5945945945945945,1.273,3,True,False,True,True,False
MonomaniacOne-Regular.ttf,Monomaniac One,Latin,202,526,1.297029702970297,1.0,1,False,False,True,False,False
MonomaniacOne-Regular.ttf,Monomaniac One,Katakana,92,526,1.2826086956521738,1.0,1,False,False,True,False,False
Monoton-Regular.ttf,Monoton,Latin,313,373,1.0,1.556640625,0,False,False,False,False,False
MonsieurLaDoulaise-Regular.ttf,Monsieur La Doulaise,Latin,199,234,1.0,1.561,0,False,False,False,False,False
Montaga-Regular.ttf,Montaga,Latin,215,246,0.9953488372093023,1.232,0,False,False,False,False,False
"MontaguSlab[opsz,wght].ttf",Montagu Slab,Latin,316,687,1.4462025316455696,1.282,2,False,False,True,True,False
MonteCarlo-Regular.ttf,MonteCarlo,Latin,317,995,1.7413249211356467,1.7,3,True,False,True,True,False
Montserrat-Italic[wght].ttf,Montserrat Thin,Latin,320,2791,1.45,1.219,2,False,False,True,True,False
Montserrat-Italic[wght].ttf,Montserrat Thin,Cyrillic,238,2791,1.4411764705882353,1.219,2,False,False,True,True,False
Montserrat[wght].ttf,Montserrat Thin,Latin,320,2747,1.45,1.219,2,False,False,True,True,False
Montserrat[wght].ttf,Montserrat Thin,Cyrillic,238,2747,1.4411764705882353,1.219,2,False,False,True,True,False
MontserratAlternates-Black.ttf,Montserrat Alternates,Latin,321,1482,7.728971962616822,1.219,2,False,False,True,True,False
MontserratAlternates-Black.ttf,Montserrat Alternates,Cyrillic,237,1482,7.6455696202531644,1.219,2,False,False,True,True,False
MontserratAlternates-BlackItalic.ttf,Montserrat Alternates,Latin,321,1480,7.728971962616822,1.219,2,False,False,True,True,False
MontserratAlternates-BlackItalic.ttf,Montserrat Alternates,Cyrillic,235,1480,7.702127659574468,1.219,2,False,False,True,True,False
MontserratAlternates-Bold.ttf,Montserrat Alternates,Latin,321,1482,7.728971962616822,1.219,2,False,False,True,True,False
MontserratAlternates-Bold.ttf,Montserrat Alternates,Cyrillic,237,1482,7.6455696202531644,1.219,2,False,False,True,True,False
MontserratAlternates-BoldItalic.ttf,Montserrat Alternates,Latin,321,1480,7.728971962616822,1.219,2,False,False,True,True,False
MontserratAlternates-BoldItalic.ttf,Montserrat Alternates,Cyrillic,235,1480,7.702127659574468,1.219,2,False,False,True,True,False
MontserratAlternates-ExtraBold.ttf,Montserrat Alternates,Latin,321,1482,7.728971962616822,1.219,2,False,False,True,True,False
MontserratAlternates-ExtraBold.ttf,Montserrat Alternates,Cyrillic,237,1482,7.6455696202531644,1.219,2,False,False,True,True,False
MontserratAlternates-ExtraBoldItalic.ttf,Montserrat Alternates,Latin,321,1480,7.728971962616822,1.219,2,False,False,True,True,False
MontserratAlternates-ExtraBoldItalic.ttf,Montserrat Alternates,Cyrillic,235,1480,7.702127659574468,1.219,2,False,False,True,True,False
MontserratAlternates-ExtraLight.ttf,Montserrat Alternates,Latin,321,1482,7.728971962616822,1.219,2,False,False,True,True,False
MontserratAlternates-ExtraLight.ttf,Montserrat Alternates,Cyrillic,237,1482,7.6455696202531644,1.219,2,False,False,True,True,False
MontserratAlternates-ExtraLightItalic.ttf,Montserrat Alternates,Latin,321,1480,7.728971962616822,1.219,2,False,False,True,True,False
MontserratAlternates-ExtraLightItalic.ttf,Montserrat Alternates,Cyrillic,235,1480,7.702127659574468,1.219,2,False,False,True,True,False
MontserratAlternates-Italic.ttf,Montserrat Alternates,Latin,321,1480,7.728971962616822,1.219,2,False,False,True,True,False
MontserratAlternates-Italic.ttf,Montserrat Alternates,Cyrillic,235,1480,7.702127659574468,1.219,2,False,False,True,True,False
MontserratAlternates-Light.ttf,Montserrat Alternates,Latin,321,1482,7.728971962616822,1.219,2,False,False,True,True,False
MontserratAlternates-Light.ttf,Montserrat Alternates,Cyrillic,237,1482,7.6455696202531644,1.219,2,False,False,True,True,False
MontserratAlternates-LightItalic.ttf,Montserrat Alternates,Latin,321,1480,7.728971962616822,1.219,2,False,False,True,True,False
MontserratAlternates-LightItalic.ttf,Montserrat Alternates,Cyrillic,235,1480,7.702127659574468,1.219,2,False,False,True,True,False
MontserratAlternates-Medium.ttf,Montserrat Alternates,Latin,321,1482,7.728971962616822,1.219,2,False,False,True,True,False
MontserratAlternates-Medium.ttf,Montserrat Alternates,Cyrillic,237,1482,7.6455696202531644,1.219,2,False,False,True,True,False
MontserratAlternates-MediumItalic.ttf,Montserrat Alternates,Latin,321,1480,7.728971962616822,1.219,2,False,False,True,True,False
MontserratAlternates-MediumItalic.ttf,Montserrat Alternates,Cyrillic,235,1480,7.702127659574468,1.219,2,False,False,True,True,False
MontserratAlternates-Regular.ttf,Montserrat Alternates,Latin,321,1482,7.728971962616822,1.219,2,False,False,True,True,False
MontserratAlternates-Regular.ttf,Montserrat Alternates,Cyrillic,237,1482,7.6455696202531644,1.219,2,False,False,True,True,False
MontserratAlternates-SemiBold.ttf,Montserrat Alternates,Latin,321,1482,7.728971962616822,1.219,2,False,False,True,True,False
MontserratAlternates-SemiBold.ttf,Montserrat Alternates,Cyrillic,237,1482,7.6455696202531644,1.219,2,False,False,True,True,False
MontserratAlternates-SemiBoldItalic.ttf,Montserrat Alternates,Latin,321,1480,7.728971962616822,1.219,2,False,False,True,True,False
MontserratAlternates-SemiBoldItalic.ttf,Montserrat Alternates,Cyrillic,235,1480,7.702127659574468,1.219,2,False,False,True,True,False
MontserratAlternates-Thin.ttf,Montserrat Alternates,Latin,321,1482,7.728971962616822,1.219,2,False,False,True,True,False
MontserratAlternates-Thin.ttf,Montserrat Alternates,Cyrillic,237,1482,7.6455696202531644,1.219,2,False,False,True,True,False
MontserratAlternates-ThinItalic.ttf,Montserrat Alternates,Latin,321,1480,7.728971962616822,1.219,2,False,False,True,True,False
MontserratAlternates-ThinItalic.ttf,Montserrat Alternates,Cyrillic,235,1480,7.702127659574468,1.219,2,False,False,True,True,False
MontserratSubrayada-Bold.ttf,Montserrat Subrayada,Latin,201,230,1.0,1.219,0,False,False,False,False,False
MontserratSubrayada-Regular.ttf,Montserrat Subrayada,Latin,201,230,1.0,1.219,0,False,False,False,False,False
MontserratUnderline-Italic[wght].ttf,Montserrat Underline Thin,Latin,320,2791,1.45,1.219,2,False,False,True,True,False
MontserratUnderline-Italic[wght].ttf,Montserrat Underline Thin,Cyrillic,238,2791,1.4411764705882353,1.219,2,False,False,True,True,False
MontserratUnderline[wght].ttf,Montserrat Underline Thin,Latin,320,2799,1.45,1.219,2,False,False,True,True,False
MontserratUnderline[wght].ttf,Montserrat Underline Thin,Cyrillic,238,2799,1.4411764705882353,1.219,2,False,False,True,True,False
MooLahLah-Regular.ttf,Moo Lah Lah,Latin,316,634,1.4462025316455696,1.22,2,False,False,True,True,False
Mooli-Regular.ttf,Mooli,Latin,296,459,1.4425675675675675,1.2,2,False,False,True,True,False
MoonDance-Regular.ttf,Moon Dance,Latin,316,1035,1.7436708860759493,1.34,3,True,False,True,True,False
Moul-Regular.ttf,Moul,Latin,98,360,1.2857142857142858,1.806640625,1,False,True,False,False,False
Moulpali-Regular.ttf,Moulpali,Latin,98,362,1.2857142857142858,2.197265625,1,False,True,False,False,False
MouseMemoirs-Regular.ttf,Mouse Memoirs,Latin,318,377,1.1477987421383649,1.14501953125,1,False,False,True,False,False
"MozillaHeadline[wdth,wght].ttf",Mozilla Headline ExtraLight,Latin,292,495,1.4417808219178083,1.2,2,False,False,True,True,False
MozillaText[wght].ttf,Mozilla Text ExtraLight,Latin,292,421,1.2945205479452055,1.2,2,False,False,True,True,False
MPLUS1[wght].ttf,M PLUS 1 Thin,Latin,315,6650,1.4476190476190476,1.0,2,False,False,True,True,False
MPLUS1[wght].ttf,M PLUS 1 Thin,Katakana,93,6650,1.4193548387096775,1.0,2,False,False,True,True,False
MPLUS1[wght].ttf,M PLUS 1 Thin,Han,5297,6650,1.4496885029261846,1.0,2,False,False,True,True,False
MPLUS1Code[wght].ttf,M PLUS 1 Code,Latin,315,6582,1.4476190476190476,1.235,2,False,False,True,True,False
MPLUS1Code[wght].ttf,M PLUS 1 Code,Katakana,93,6582,1.4193548387096775,1.235,2,False,False,True,True,False
MPLUS1Code[wght].ttf,M PLUS 1 Code,Han,5297,6582,1.4496885029261846,1.235,2,False,False,True,True,False
MPLUS1p-Black.ttf,M PLUS 1p Black,Latin,319,8676,2.1786833855799372,1.09,3,False,False,True,True,True
MPLUS1p-Black.ttf,M PLUS 1p Black,Cyrillic,264,8676,2.1818181818181817,1.09,3,False,False,True,True,True
MPLUS1p-Black.ttf,M PLUS 1p Black,Katakana,112,8676,2.142857142857143,1.09,3,False,False,True,True,True
MPLUS1p-Black.ttf,M PLUS 1p Black,Han,5092,8676,2.1987431264728987,1.09,3,False,False,True,True,True
MPLUS1p-Bold.ttf,M PLUS 1p,Latin,319,8676,2.1786833855799372,1.09,3,False,False,True,True,True
MPLUS1p-Bold.ttf,M PLUS 1p,Cyrillic,264,8676,2.1818181818181817,1.09,3,False,False,True,True,True
MPLUS1p-Bold.ttf,M PLUS 1p,Katakana,112,8676,2.142857142857143,1.09,3,False,False,True,True,True
MPLUS1p-Bold.ttf,M PLUS 1p,Han,5092,8676,2.1987431264728987,1.09,3,False,False,True,True,True
MPLUS1p-ExtraBold.ttf,M PLUS 1p ExtraBold,Latin,319,8676,2.1786833855799372,1.09,3,False,False,True,True,True
MPLUS1p-ExtraBold.ttf,M PLUS 1p ExtraBold,Cyrillic,264,8676,2.1818181818181817,1.09,3,False,False,True,True,True
MPLUS1p-ExtraBold.ttf,M PLUS 1p ExtraBold,Katakana,112,8676,2.142857142857143,1.09,3,False,False,True,True,True
MPLUS1p-ExtraBold.ttf,M PLUS 1p ExtraBold,Han,5092,8676,2.1987431264728987,1.09,3,False,False,True,True,True
MPLUS1p-Light.ttf,M PLUS 1p Light,Latin,319,8676,2.1786833855799372,1.09,3,False,False,True,True,True
MPLUS1p-Light.ttf,M PLUS 1p Light,Cyrillic,264,8676,2.1818181818181817,1.09,3,False,False,True,True,True
MPLUS1p-Light.ttf,M PLUS 1p Light,Katakana,112,8676,2.142857142857143,1.09,3,False,False,True,True,True
MPLUS1p-Light.ttf,M PLUS 1p Light,Han,5092,8676,2.1987431264728987,1.09,3,False,False,True,True,True
MPLUS1p-Medium.ttf,M PLUS 1p Medium,Latin,319,8676,2.1786833855799372,1.09,3,False,False,True,True,True
MPLUS1p-Medium.ttf,M PLUS 1p Medium,Cyrillic,264,8676,2.1818181818181817,1.09,3,False,False,True,True,True
MPLUS1p-Medium.ttf,M PLUS 1p Medium,Katakana,112,8676,2.142857142857143,1.09,3,False,False,True,True,True
MPLUS1p-Medium.ttf,M PLUS 1p Medium,Han,5092,8676,2.1987431264728987,1.09,3,False,False,True,True,True
MPLUS1p-Regular.ttf,M PLUS 1p,Latin,319,8676,2.1786833855799372,1.09,3,False,False,True,True,True
MPLUS1p-Regular.ttf,M PLUS 1p,Cyrillic,264,8676,2.1818181818181817,1.09,3,False,False,True,True,True
MPLUS1p-Regular.ttf,M PLUS 1p,Katakana,112,8676,2.142857142857143,1.09,3,False,False,True,True,True
MPLUS1p-Regular.ttf,M PLUS 1p,Han,5092,8676,2.1987431264728987,1.09,3,False,False,True,True,True
MPLUS1p-Thin.ttf,M PLUS 1p Thin,Latin,319,8676,2.1786833855799372,1.09,3,False,False,True,True,True
MPLUS1p-Thin.ttf,M PLUS 1p Thin,Cyrillic,264,8676,2.1818181818181817,1.09,3,False,False,True,True,True
MPLUS1p-Thin.ttf,M PLUS 1p Thin,Katakana,112,8676,2.142857142857143,1.09,3,False,False,True,True,True
MPLUS1p-Thin.ttf,M PLUS 1p Thin,Han,5092,8676,2.1987431264728987,1.09,3,False,False,True,True,True
MPLUS2[wght].ttf,M PLUS 2 Thin,Latin,315,6650,1.4476190476190476,1.0,2,False,False,True,True,False
MPLUS2[wght].ttf,M PLUS 2 Thin,Katakana,93,6650,1.4193548387096775,1.0,2,False,False,True,True,False
MPLUS2[wght].ttf,M PLUS 2 Thin,Han,5297,6650,1.4496885029261846,1.0,2,False,False,True,True,False
"MPLUSCodeLatin[wdth,wght].ttf",M PLUS Code Latin,Latin,315,577,1.1492063492063491,1.235,1,False,False,False,True,False
MPLUSRounded1c-Black.ttf,Rounded Mplus 1c,Latin,319,8546,2.1786833855799372,1.09,3,False,False,True,True,True
MPLUSRounded1c-Black.ttf,Rounded Mplus 1c,Cyrillic,264,8546,2.1818181818181817,1.09,3,False,False,True,True,True
MPLUSRounded1c-Black.ttf,Rounded Mplus 1c,Katakana,112,8546,2.142857142857143,1.09,3,False,False,True,True,True
MPLUSRounded1c-Black.ttf,Rounded Mplus 1c,Han,4964,8546,2.1990330378726832,1.09,3,False,False,True,True,True
MPLUSRounded1c-Bold.ttf,Rounded Mplus 1c,Latin,319,8546,2.1786833855799372,1.09,3,False,False,True,True,True
MPLUSRounded1c-Bold.ttf,Rounded Mplus 1c,Cyrillic,264,8546,2.1818181818181817,1.09,3,False,False,True,True,True
MPLUSRounded1c-Bold.ttf,Rounded Mplus 1c,Katakana,112,8546,2.142857142857143,1.09,3,False,False,True,True,True
MPLUSRounded1c-Bold.ttf,Rounded Mplus 1c,Han,4964,8546,2.1990330378726832,1.09,3,False,False,True,True,True
MPLUSRounded1c-ExtraBold.ttf,Rounded Mplus 1c,Latin,319,8546,2.1786833855799372,1.09,3,False,False,True,True,True
MPLUSRounded1c-ExtraBold.ttf,Rounded Mplus 1c,Cyrillic,264,8546,2.1818181818181817,1.09,3,False,False,True,True,True
MPLUSRounded1c-ExtraBold.ttf,Rounded Mplus 1c,Katakana,112,8546,2.142857142857143,1.09,3,False,False,True,True,True
MPLUSRounded1c-ExtraBold.ttf,Rounded Mplus 1c,Han,4964,8546,2.1990330378726832,1.09,3,False,False,True,True,True
MPLUSRounded1c-Light.ttf,Rounded Mplus 1c,Latin,319,8546,2.1786833855799372,1.09,3,False,False,True,True,True
MPLUSRounded1c-Light.ttf,Rounded Mplus 1c,Cyrillic,264,8546,2.1818181818181817,1.09,3,False,False,True,True,True
MPLUSRounded1c-Light.ttf,Rounded Mplus 1c,Katakana,112,8546,2.142857142857143,1.09,3,False,False,True,True,True
MPLUSRounded1c-Light.ttf,Rounded Mplus 1c,Han,4964,8546,2.1990330378726832,1.09,3,False,False,True,True,True
MPLUSRounded1c-Medium.ttf,Rounded Mplus 1c,Latin,319,8546,2.1786833855799372,1.09,3,False,False,True,True,True
MPLUSRounded1c-Medium.ttf,Rounded Mplus 1c,Cyrillic,264,8546,2.1818181818181817,1.09,3,False,False,True,True,True
MPLUSRounded1c-Medium.ttf,Rounded Mplus 1c,Katakana,112,8546,2.142857142857143,1.09,3,False,False,True,True,True
MPLUSRounded1c-Medium.ttf,Rounded Mplus 1c,Han,4964,8546,2.1990330378726832,1.09,3,False,False,True,True,True
MPLUSRounded1c-Regular.ttf,Rounded Mplus 1c,Latin,319,8546,2.1786833855799372,1.09,3,False,False,True,True,True
MPLUSRounded1c-Regular.ttf,Rounded Mplus 1c,Cyrillic,264,8546,2.1818181818181817,1.09,3,False,False,True,True,True
MPLUSRounded1c-Regular.ttf,Rounded Mplus 1c,Katakana,112,8546,2.142857142857143,1.09,3,False,False,True,True,True
MPLUSRounded1c-Regular.ttf,Rounded Mplus 1c,Han,4964,8546,2.1990330378726832,1.09,3,False,False,True,True,True
MPLUSRounded1c-Thin.ttf,Rounded Mplus 1c,Latin,319,8546,2.1786833855799372,1.09,3,False,False,True,True,True
MPLUSRounded1c-Thin.ttf,Rounded Mplus 1c,Cyrillic,264,8546,2.1818181818181817,1.09,3,False,False,True,True,True
MPLUSRounded1c-Thin.ttf,Rounded Mplus 1c,Katakana,112,8546,2.142857142857143,1.09,3,False,False,True,True,True
MPLUSRounded1c-Thin.ttf,Rounded Mplus 1c,Han,4964,8546,2.1990330378726832,1.09,3,False,False,True,True,True
MrBedfort-Regular.ttf,Mr Bedfort,Latin,199,234,1.0,1.676,0,False,False,False,False,False
MrDafoe-Regular.ttf,Mr Dafoe,Latin,199,235,1.0,1.397,0,False,False,False,False,False
MrDeHaviland-Regular.ttf,Mr De Haviland,Latin,199,235,1.0,1.317,0,False,False,False,False,False
MrsSaintDelafield-Regular.ttf,Mrs Saint Delafield,Latin,200,238,1.0,1.525,0,False,False,False,False,False
MrsSheppards-Regular.ttf,Mrs Sheppards,Latin,198,235,1.0,1.337,0,False,False,False,False,False
MsMadi-Regular.ttf,Ms Madi,Latin,316,648,1.4462025316455696,1.32,2,False,False,True,True,False
Mukta-Bold.ttf,Mukta,Latin,320,1368,15.25,1.662,3,False,True,True,True,False
Mukta-Bold.ttf,Mukta,Devanagari,128,1368,15.1015625,1.662,3,False,True,True,True,False
Mukta-ExtraBold.ttf,Mukta,Latin,320,1368,15.25,1.662,3,False,True,True,True,False
Mukta-ExtraBold.ttf,Mukta,Devanagari,128,1368,15.1015625,1.662,3,False,True,True,True,False
Mukta-ExtraLight.ttf,Mukta,Latin,320,1368,15.25,1.662,3,False,True,True,True,False
Mukta-ExtraLight.ttf,Mukta,Devanagari,128,1368,15.1015625,1.662,3,False,True,True,True,False
Mukta-Light.ttf,Mukta,Latin,320,1368,15.25,1.662,3,False,True,True,True,False
Mukta-Light.ttf,Mukta,Devanagari,128,1368,15.1015625,1.662,3,False,True,True,True,False
Mukta-Medium.ttf,Mukta,Latin,320,1368,15.25,1.662,3,False,True,True,True,False
Mukta-Medium.ttf,Mukta,Devanagari,128,1368,15.1015625,1.662,3,False,True,True,True,False
Mukta-Regular.ttf,Mukta,Latin,320,1368,15.25,1.662,3,False,True,True,True,False
Mukta-Regular.ttf,Mukta,Devanagari,128,1368,15.1015625,1.662,3,False,True,True,True,False
Mukta-SemiBold.ttf,Mukta,Latin,320,1368,15.25,1.662,3,False,True,True,True,False
Mukta-SemiBold.ttf,Mukta,Devanagari,128,1368,15.1015625,1.662,3,False,True,True,True,False
MuktaMahee-Bold.ttf,Mukta Mahee,Latin,319,794,3.946708463949843,1.662,3,False,True,True,True,False
MuktaMahee-ExtraBold.ttf,Mukta Mahee,Latin,319,794,3.946708463949843,1.662,3,False,True,True,True,False
MuktaMahee-ExtraLight.ttf,Mukta Mahee,Latin,319,794,3.946708463949843,1.662,3,False,True,True,True,False
MuktaMahee-Light.ttf,Mukta Mahee,Latin,319,794,3.946708463949843,1.662,3,False,True,True,True,False
MuktaMahee-Medium.ttf,Mukta Mahee,Latin,319,794,3.946708463949843,1.662,3,False,True,True,True,False
MuktaMahee-Regular.ttf,Mukta Mahee,Latin,319,794,3.946708463949843,1.662,3,False,True,True,True,False
MuktaMahee-SemiBold.ttf,Mukta Mahee,Latin,319,794,3.946708463949843,1.662,3,False,True,True,True,False
MuktaMalar-Bold.ttf,Mukta Malar,Latin,319,805,6.304075235109718,1.662,2,False,True,True,False,False
MuktaMalar-Bold.ttf,Mukta Malar,Tamil,72,805,6.0,1.662,2,False,True,True,False,False
MuktaMalar-ExtraBold.ttf,Mukta Malar,Latin,319,805,6.304075235109718,1.662,2,False,True,True,False,False
MuktaMalar-ExtraBold.ttf,Mukta Malar,Tamil,72,805,6.0,1.662,2,False,True,True,False,False
MuktaMalar-ExtraLight.ttf,Mukta Malar,Latin,319,805,6.304075235109718,1.662,2,False,True,True,False,False
MuktaMalar-ExtraLight.ttf,Mukta Malar,Tamil,72,805,6.0,1.662,2,False,True,True,False,False
MuktaMalar-Light.ttf,Mukta Malar,Latin,319,805,6.304075235109718,1.662,2,False,True,True,False,False
MuktaMalar-Light.ttf,Mukta Malar,Tamil,72,805,6.0,1.662,2,False,True,True,False,False
MuktaMalar-Medium.ttf,Mukta Malar,Latin,319,805,6.304075235109718,1.662,2,False,True,True,False,False
MuktaMalar-Medium.ttf,Mukta Malar,Tamil,72,805,6.0,1.662,2,False,True,True,False,False
MuktaMalar-Regular.ttf,Mukta Malar,Latin,319,805,6.304075235109718,1.662,2,False,True,True,False,False
MuktaMalar-Regular.ttf,Mukta Malar,Tamil,72,805,6.0,1.662,2,False,True,True,False,False
MuktaMalar-SemiBold.ttf,Mukta Malar,Latin,319,805,6.304075235109718,1.662,2,False,True,True,False,False
MuktaMalar-SemiBold.ttf,Mukta Malar,Tamil,72,805,6.0,1.662,2,False,True,True,False,False
MuktaVaani-Bold.ttf,Mukta Vaani,Latin,319,1306,5.2727272727272725,1.662,3,False,True,True,True,False
MuktaVaani-ExtraBold.ttf,Mukta Vaani,Latin,319,1306,5.2727272727272725,1.662,3,False,True,True,True,False
MuktaVaani-ExtraLight.ttf,Mukta Vaani,Latin,319,1306,5.2727272727272725,1.662,3,False,True,True,True,False
MuktaVaani-Light.ttf,Mukta Vaani,Latin,319,1306,5.2727272727272725,1.662,3,False,True,True,True,False
MuktaVaani-Medium.ttf,Mukta Vaani,Latin,319,1306,5.2727272727272725,1.662,3,False,True,True,True,False
MuktaVaani-Regular.ttf,Mukta Vaani,Latin,319,1306,5.2727272727272725,1.662,3,False,True,True,True,False
MuktaVaani-SemiBold.ttf,Mukta Vaani,Latin,319,1306,5.2727272727272725,1.662,3,False,True,True,True,False
Mulish-Italic[wght].ttf,Mulish ExtraLight,Latin,319,1063,1.5893416927899686,1.255,3,True,False,True,True,False
Mulish-Italic[wght].ttf,Mulish ExtraLight,Cyrillic,236,1063,1.5932203389830508,1.255,3,True,False,True,True,False
Mulish[wght].ttf,Mulish ExtraLight,Latin,319,1063,1.5893416927899686,1.255,3,True,False,True,True,False
Mulish[wght].ttf,Mulish ExtraLight,Cyrillic,236,1063,1.5932203389830508,1.255,3,True,False,True,True,False
Murecho[wght].ttf,Murecho Thin,Latin,313,4656,1.293929712460064,1.0,2,False,False,False,True,True
Murecho[wght].ttf,Murecho Thin,Cyrillic,99,4656,1.2828282828282829,1.0,2,False,False,False,True,True
Murecho[wght].ttf,Murecho Thin,Katakana,112,4656,1.2857142857142858,1.0,2,False,False,False,True,True
Murecho[wght].ttf,Murecho Thin,Han,2346,4656,1.29923273657289,1.0,2,False,False,False,True,True
MuseoModerno-Italic[wght].ttf,MuseoModerno Thin,Latin,319,1096,1.5893416927899686,1.59,2,False,False,True,True,False
MuseoModerno[wght].ttf,MuseoModerno Thin,Latin,319,1072,1.5893416927899686,1.59,1,False,False,True,False,False
Mynerve-Regular.ttf,Mynerve,Latin,317,1015,1.7413249211356467,1.31,2,True,False,True,False,False
MySoul-Regular.ttf,My Soul,Latin,317,651,1.444794952681388,1.325,2,False,False,True,True,False
MysteryQuest-Regular.ttf,Mystery Quest,Latin,202,229,1.0,1.365234375,0,False,False,False,False,False
"Nabla[EDPT,EHLT].ttf",Nabla,Latin,297,3655,1.1481481481481481,1.643,0,False,False,False,False,False
Namdhinggo-Bold.ttf,Namdhinggo,Latin,199,451,1.2914572864321607,1.0498046875,3,False,False,True,True,True
Namdhinggo-ExtraBold.ttf,Namdhinggo ExtraBold,Latin,199,451,1.2914572864321607,1.0498046875,3,False,False,True,True,True
Namdhinggo-Medium.ttf,Namdhinggo Medium,Latin,199,451,1.2914572864321607,1.0498046875,3,False,False,True,True,True
Namdhinggo-Regular.ttf,Namdhinggo,Latin,199,451,1.2914572864321607,1.0498046875,3,False,False,True,True,True
Namdhinggo-SemiBold.ttf,Namdhinggo SemiBold,Latin,199,451,1.2914572864321607,1.0498046875,3,False,False,True,True,True
NanumBrushScript-Regular.ttf,Nanum Brush Script,Latin,111,13799,1.0,1.25,0,False,False,False,False,False
NanumGothic-Bold.ttf,NanumGothic,Latin,149,13534,1.0,1.25,0,False,False,False,False,False
NanumGothic-ExtraBold.ttf,NanumGothic,Latin,149,13671,1.0,1.25,0,False,False,False,False,False
NanumGothic-Regular.ttf,NanumGothic,Latin,149,13297,1.0,1.25,0,False,False,False,False,False
NanumGothicCoding-Bold.ttf,NanumGothicCoding,Latin,180,20338,0.8166666666666667,1.0,0,False,False,False,False,False
NanumGothicCoding-Bold.ttf,NanumGothicCoding,Cyrillic,66,20338,1.0,1.0,0,False,False,False,False,False
NanumGothicCoding-Bold.ttf,NanumGothicCoding,Katakana,88,20338,1.0,1.0,0,False,False,False,False,False
NanumGothicCoding-Regular.ttf,NanumGothicCoding,Latin,180,20024,0.8166666666666667,1.0,0,False,False,False,False,False
NanumGothicCoding-Regular.ttf,NanumGothicCoding,Cyrillic,66,20024,1.0,1.0,0,False,False,False,False,False
NanumGothicCoding-Regular.ttf,NanumGothicCoding,Katakana,88,20024,1.0,1.0,0,False,False,False,False,False
NanumMyeongjo-Bold.ttf,NanumMyeongjo,Latin,150,14695,0.9933333333333333,1.25,0,False,False,False,False,False
NanumMyeongjo-ExtraBold.ttf,NanumMyeongjo,Latin,150,14697,0.9933333333333333,1.25,0,False,False,False,False,False
NanumMyeongjo-Regular.ttf,NanumMyeongjo,Latin,150,14695,0.9933333333333333,1.25,0,False,False,False,False,False
NanumPenScript-Regular.ttf,Nanum Pen,Latin,105,13751,1.0,1.25,0,False,False,False,False,False
Narnoor-Bold.ttf,Narnoor,Latin,199,489,1.1457286432160805,1.551,3,False,False,True,True,True
Narnoor-ExtraBold.ttf,Narnoor ExtraBold,Latin,199,489,1.1457286432160805,1.551,3,False,False,True,True,True
Narnoor-Medium.ttf,Narnoor Medium,Latin,199,489,1.1457286432160805,1.551,3,False,False,True,True,True
Narnoor-Regular.ttf,Narnoor,Latin,199,489,1.1457286432160805,1.551,3,False,False,True,True,True
Narnoor-SemiBold.ttf,Narnoor SemiBold,Latin,199,489,1.1457286432160805,1.551,3,False,False,True,True,True
NataSans[wght].ttf,Nata Sans,Latin,318,1048,1.4433962264150944,1.3,3,True,False,True,True,False
NataSans[wght].ttf,Nata Sans,Cyrillic,184,1048,1.440217391304348,1.3,3,True,False,True,True,False
NationalPark[wght].ttf,National Park,Latin,317,798,1.444794952681388,1.33,2,False,False,True,True,False
NATS-Regular.ttf,NATS,Latin,216,869,2.037037037037037,2.11340206185567,2,False,True,False,True,False
NATS-Regular.ttf,NATS,Telugu,93,869,1.978494623655914,2.11340206185567,2,False,True,False,True,False
Neonderthaw-Regular.ttf,Neonderthaw,Latin,316,632,1.4462025316455696,1.35,2,False,False,True,True,False
NerkoOne-Regular.ttf,Nerko One,Latin,320,440,1.0,1.211,0,False,False,False,False,False
Neucha.ttf,Neucha,Latin,165,286,1.0,1.1015625,0,False,False,False,False,False
Neucha.ttf,Neucha,Cyrillic,94,286,1.0,1.1015625,0,False,False,False,False,False
Neuton-Bold.ttf,Neuton,Latin,203,308,1.0,1.26513671875,0,False,False,False,False,False
Neuton-ExtraBold.ttf,Neuton,Latin,203,308,1.0,1.26513671875,0,False,False,False,False,False
Neuton-ExtraLight.ttf,Neuton,Latin,203,308,1.0,1.26513671875,0,False,False,False,False,False
Neuton-Italic.ttf,Neuton,Latin,203,310,1.0,1.26513671875,0,False,False,False,False,False
Neuton-Light.ttf,Neuton,Latin,203,308,1.0,1.26513671875,0,False,False,False,False,False
Neuton-Regular.ttf,Neuton,Latin,203,308,1.0,1.26513671875,0,False,False,False,False,False
NewAmsterdam-Regular.ttf,New Amsterdam,Latin,309,382,1.1488673139158576,1.2,1,False,False,False,True,False
NewRocker-Regular.ttf,New Rocker,Latin,318,442,1.1477987421383649,1.229,1,False,False,True,False,False
NewsCycle-Bold.ttf,News Cycle,Latin,308,715,1.1493506493506493,1.64453125,1,False,False,True,False,False
NewsCycle-Regular.ttf,News Cycle,Latin,320,1566,1.15,1.64453125,1,False,False,True,False,False
NewsCycle-Regular.ttf,News Cycle,Cyrillic,256,1566,1.1484375,1.64453125,1,False,False,True,False,False
"Newsreader-Italic[opsz,wght].ttf",Newsreader 16pt,Latin,315,658,1.1492063492063491,1.0,2,False,False,True,True,False
"Newsreader[opsz,wght].ttf",Newsreader 16pt,Latin,315,658,1.1492063492063491,1.0,2,False,False,True,True,False
NewTegomin-Regular.ttf,New Tegomin,Latin,197,7372,1.1421319796954315,1.0,0,False,False,False,False,False
NewTegomin-Regular.ttf,New Tegomin,Katakana,90,7372,1.1444444444444444,1.0,0,False,False,False,False,False
NewTegomin-Regular.ttf,New Tegomin,Han,6356,7372,1.1499370673379483,1.0,0,False,False,False,False,False
NicoMoji-Regular.ttf,Nico Moji,Latin,95,744,1.0,1.0,0,False,False,False,False,False
NicoMoji-Regular.ttf,Nico Moji,Katakana,90,744,1.0,1.0,0,False,False,False,False,False
Niconne-Regular.ttf,Niconne,Latin,230,293,1.0,1.21240234375,0,False,False,False,False,False
Nikukyu-Regular.ttf,Nikukyu,Katakana,81,182,1.0,1.0,0,False,False,False,False,False
Niramit-Bold.ttf,Niramit,Latin,319,772,2.1786833855799372,1.3,2,False,False,True,True,False
Niramit-BoldItalic.ttf,Niramit,Latin,319,772,2.1786833855799372,1.3,2,False,False,True,True,False
Niramit-ExtraLight.ttf,Niramit,Latin,319,772,2.1786833855799372,1.3,2,False,False,True,True,False
Niramit-ExtraLightItalic.ttf,Niramit,Latin,319,772,2.1786833855799372,1.3,2,False,False,True,True,False
Niramit-Italic.ttf,Niramit,Latin,319,772,2.1786833855799372,1.3,2,False,False,True,True,False
Niramit-Light.ttf,Niramit,Latin,319,772,2.1786833855799372,1.3,2,False,False,True,True,False
Niramit-LightItalic.ttf,Niramit,Latin,319,772,2.1786833855799372,1.3,2,False,False,True,True,False
Niramit-Medium.ttf,Niramit,Latin,319,772,2.1786833855799372,1.3,2,False,False,True,True,False
Niramit-MediumItalic.ttf,Niramit,Latin,319,772,2.1786833855799372,1.3,2,False,False,True,True,False
Niramit-Regular.ttf,Niramit,Latin,319,772,2.1786833855799372,1.3,2,False,False,True,True,False
Niramit-SemiBold.ttf,Niramit,Latin,319,772,2.1786833855799372,1.3,2,False,False,True,True,False
Niramit-SemiBoldItalic.ttf,Niramit,Latin,319,772,2.1786833855799372,1.3,2,False,False,True,True,False
NixieOne-Regular.ttf,Nixie One,Latin,197,221,1.0,1.136,0,False,False,False,False,False
Nobile-Bold.ttf,Nobile,Latin,201,344,1.1492537313432836,1.033203125,1,False,False,True,False,False
Nobile-Bold.ttf,Nobile,Cyrillic,96,344,1.1458333333333333,1.033203125,1,False,False,True,False,False
Nobile-BoldItalic.ttf,Nobile,Latin,314,483,1.1496815286624205,1.1171875,1,False,False,True,False,False
Nobile-BoldItalic.ttf,Nobile,Cyrillic,97,483,1.1443298969072164,1.1171875,1,False,False,True,False,False
Nobile-Italic.ttf,Nobile,Latin,314,490,1.1496815286624205,1.1171875,1,False,False,True,False,False
Nobile-Italic.ttf,Nobile,Cyrillic,96,490,1.1458333333333333,1.1171875,1,False,False,True,False,False
Nobile-Medium.ttf,Nobile,Latin,308,458,1.1493506493506493,1.033203125,1,False,False,True,False,False
Nobile-Medium.ttf,Nobile,Cyrillic,96,458,1.1458333333333333,1.033203125,1,False,False,True,False,False
Nobile-MediumItalic.ttf,Nobile,Latin,314,485,1.1496815286624205,1.1171875,1,False,False,True,False,False
Nobile-MediumItalic.ttf,Nobile,Cyrillic,96,485,1.1458333333333333,1.1171875,1,False,False,True,False,False
Nobile-Regular.ttf,Nobile,Latin,230,400,1.1478260869565218,1.033203125,1,False,False,True,False,False
Nobile-Regular.ttf,Nobile,Cyrillic,96,400,1.1458333333333333,1.033203125,1,False,False,True,False,False
Nokora[wght].ttf,Nokora,Latin,98,285,1.2755102040816326,1.32177734375,1,False,True,False,False,False
Norican-Regular.ttf,Norican,Latin,299,396,1.882943143812709,1.4091796875,3,True,False,True,True,False
Nosifer-Regular.ttf,Nosifer,Latin,305,337,1.0,1.740234375,0,False,False,False,False,False
NosiferCaps-Regular.ttf,Nosifer Caps,Latin,305,337,1.1475409836065573,1.7841796875,1,False,False,True,False,False
Notable-Regular.ttf,Notable,Latin,211,265,1.146919431279621,1.3,1,False,False,False,True,False
NothingYouCouldDo.ttf,Nothing You Could Do,Latin,260,312,0.9961538461538462,1.3369140625,0,False,False,False,False,False
NoticiaText-Bold.ttf,Noticia Text,Latin,319,696,1.0,1.36474609375,0,False,False,False,False,False
NoticiaText-BoldItalic.ttf,Noticia Text,Latin,319,696,1.0,1.36474609375,0,False,False,False,False,False
NoticiaText-Italic.ttf,Noticia Text,Latin,319,696,1.0,1.36474609375,0,False,False,False,False,False
NoticiaText-Regular.ttf,Noticia Text,Latin,319,696,1.0,1.36474609375,0,False,False,False,False,False
NotoColorEmoji-Regular.ttf,Noto Color Emoji,Latin,15,39775,1.1333333333333333,1.171875,0,False,False,False,False,False
NotoColorEmojiCompatTest-Regular.ttf,Noto Color Emoji Compat Test,Latin,15,39235,1.1333333333333333,1.171875,0,False,False,False,False,False
NotoEmoji[wght].ttf,Noto Emoji,Latin,17,1891,1.1176470588235294,1.171875,0,False,False,False,False,False
NotoKufiArabic[wght].ttf,Noto Kufi Arabic,Latin,278,1706,2.323741007194245,1.897,4,True,False,True,True,True
NotoKufiArabic[wght].ttf,Noto Kufi Arabic,Arabic,1076,1706,2.158921933085502,1.897,4,True,False,True,True,True
NotoMusic-Regular.ttf,Noto Music,Latin,280,914,1.45,1.787,1,False,False,False,True,False
NotoNaskhArabic[wght].ttf,Noto Naskh Arabic,Latin,270,1719,2.3296296296296295,1.703,4,True,False,True,True,True
NotoNaskhArabic[wght].ttf,Noto Naskh Arabic,Arabic,1076,1719,2.158921933085502,1.703,4,True,False,True,True,True
NotoNaskhArabicUI[wght].ttf,Noto Naskh Arabic UI,Latin,20,1597,1.95,1.362,4,True,False,True,True,True
NotoNaskhArabicUI[wght].ttf,Noto Naskh Arabic UI,Arabic,1053,1597,2.3124406457739792,1.362,4,True,False,True,True,True
NotoNastaliqUrdu[wght].ttf,Noto Nastaliq Urdu,Latin,278,1723,3.3597122302158273,2.5,4,True,False,True,True,True
NotoNastaliqUrdu[wght].ttf,Noto Nastaliq Urdu,Arabic,284,1723,3.3661971830985915,2.5,4,True,False,True,True,True
NotoRashiHebrew[wght].ttf,Noto Rashi Hebrew,Latin,269,425,1.7434944237918215,1.186,4,True,False,True,True,True
"NotoSans-Italic[wdth,wght].ttf",Noto Sans,Latin,321,4526,4.4392523364485985,1.362,4,False,True,True,True,True
"NotoSans-Italic[wdth,wght].ttf",Noto Sans,Cyrillic,304,4526,4.404605263157895,1.362,4,False,True,True,True,True
"NotoSans-Italic[wdth,wght].ttf",Noto Sans,Devanagari,129,4526,4.387596899224806,1.362,4,False,True,True,True,True
"NotoSans[wdth,wght].ttf",Noto Sans,Latin,321,4515,4.588785046728972,1.362,4,False,True,True,True,True
"NotoSans[wdth,wght].ttf",Noto Sans,Cyrillic,304,4515,4.552631578947368,1.362,4,False,True,True,True,True
"NotoSans[wdth,wght].ttf",Noto Sans,Devanagari,129,4515,4.534883720930233,1.362,4,False,True,True,True,True
NotoSansAdlam[wght].ttf,Noto Sans Adlam,Latin,280,653,1.75,1.362,3,True,False,False,True,True
NotoSansAdlamUnjoined[wght].ttf,Noto Sans Adlam Unjoined,Latin,270,430,1.2962962962962963,1.362,3,True,False,False,True,True
NotoSansAnatolianHieroglyphs-Regular.ttf,Noto Sans Anatolian Hieroglyphs,Latin,280,924,1.15,1.406,1,False,False,False,True,False
"NotoSansArabic[wdth,wght].ttf",Noto Sans Arabic,Latin,278,1711,2.618705035971223,2.112,4,True,False,True,True,True
"NotoSansArabic[wdth,wght].ttf",Noto Sans Arabic,Arabic,1076,1711,2.434014869888476,2.112,4,True,False,True,True,True
"NotoSansArabicUI[wdth,wght].ttf",Noto Sans Arabic UI,Latin,21,1563,2.142857142857143,1.362,4,True,False,True,True,True
"NotoSansArabicUI[wdth,wght].ttf",Noto Sans Arabic UI,Arabic,1054,1563,2.1992409867172675,1.362,4,True,False,True,True,True
"NotoSansArmenian[wdth,wght].ttf",Noto Sans Armenian,Latin,278,436,1.589928057553957,1.36,2,False,False,True,True,False
NotoSansAvestan-Regular.ttf,Noto Sans Avestan,Latin,280,409,1.3,1.362,1,False,False,True,False,False
NotoSansBalinese[wght].ttf,Noto Sans Balinese,Latin,270,673,1.737037037037037,2.201,3,False,True,True,True,False
NotoSansBamum[wght].ttf,Noto Sans Bamum,Latin,280,996,1.15,1.362,1,False,False,False,True,False
NotoSansBassaVah[wght].ttf,Noto Sans Bassa Vah,Latin,280,384,1.3,1.362,1,False,False,False,True,False
NotoSansBatak-Regular.ttf,Noto Sans Batak,Latin,270,409,1.2962962962962963,1.362,2,False,False,True,True,False
"NotoSansBengali[wdth,wght].ttf",Noto Sans Bengali,Latin,270,730,3.2222222222222223,1.325,4,True,True,True,True,False
"NotoSansBengali[wdth,wght].ttf",Noto Sans Bengali,Bengali,96,730,3.1875,1.325,4,True,True,True,True,False
"NotoSansBengaliUI[wdth,wght].ttf",Noto Sans Bengali UI,Latin,45,695,3.0,1.325,3,True,True,False,True,False
"NotoSansBengaliUI[wdth,wght].ttf",Noto Sans Bengali UI,Bengali,96,695,3.1875,1.325,3,True,True,False,True,False
NotoSansBhaiksuki-Regular.ttf,Noto Sans Bhaiksuki,Latin,280,1198,1.75,1.42,3,False,True,True,True,False
NotoSansBrahmi-Regular.ttf,Noto Sans Brahmi,Latin,278,600,1.4424460431654675,1.375,1,False,False,False,True,False
NotoSansBuginese-Regular.ttf,Noto Sans Buginese,Latin,280,376,1.3,1.362,2,False,False,True,True,False
NotoSansBuhid-Regular.ttf,Noto Sans Buhid,Latin,280,379,1.3,1.362,1,False,False,False,True,False
NotoSansCanadianAboriginal[wght].ttf,Noto Sans Canadian Aboriginal,Latin,278,1076,1.4424460431654675,1.362,1,False,False,False,True,False
NotoSansCarian-Regular.ttf,Noto Sans Carian,Latin,280,387,1.15,1.362,1,False,False,False,True,False
NotoSansCaucasianAlbanian-Regular.ttf,Noto Sans Caucasian Albanian,Latin,278,499,1.4424460431654675,1.25,1,False,False,False,True,False
NotoSansChakma-Regular.ttf,Noto Sans Chakma,Latin,280,585,1.9,1.46,2,False,True,False,True,False
NotoSansChakma-Regular.ttf,Noto Sans Chakma,Bengali,10,585,1.6,1.46,2,False,True,False,True,False
NotoSansCham[wght].ttf,Noto Sans Cham,Latin,270,438,1.8888888888888888,1.468,4,True,True,True,True,False
NotoSansCherokee[wght].ttf,Noto Sans Cherokee,Latin,280,601,1.15,1.362,1,False,False,False,True,False
NotoSansChorasmian-Regular.ttf,Noto Sans Chorasmian,Latin,277,454,2.184115523465704,1.362,3,True,False,True,True,False
NotoSansCoptic-Regular.ttf,Noto Sans Coptic,Latin,278,558,1.4424460431654675,1.362,2,False,False,False,True,True
NotoSansCuneiform-Regular.ttf,Noto Sans Cuneiform,Latin,280,1574,1.15,2.286,1,False,False,False,True,False
NotoSansCypriot-Regular.ttf,Noto Sans Cypriot,Latin,280,439,1.45,1.362,1,False,False,False,True,False
NotoSansCyproMinoan-Regular.ttf,Noto Sans Cypro Minoan,Latin,280,438,1.15,1.362,1,False,False,False,True,False
NotoSansDeseret-Regular.ttf,Noto Sans Deseret,Latin,280,420,1.15,1.362,1,False,False,False,True,False
"NotoSansDevanagari[wdth,wght].ttf",Noto Sans Devanagari,Latin,270,1117,4.851851851851852,1.304,2,False,True,False,True,False
"NotoSansDevanagari[wdth,wght].ttf",Noto Sans Devanagari,Devanagari,160,1117,4.9,1.304,2,False,True,False,True,False
NotoSansDevanagariUI-Black.ttf,Noto Sans Devanagari UI Black,Latin,45,922,3.1333333333333333,1.362,2,False,True,False,True,False
NotoSansDevanagariUI-Black.ttf,Noto Sans Devanagari UI Black,Devanagari,160,922,3.4,1.362,2,False,True,False,True,False
NotoSansDevanagariUI-Bold.ttf,Noto Sans Devanagari UI,Latin,45,922,3.1333333333333333,1.362,2,False,True,False,True,False
NotoSansDevanagariUI-Bold.ttf,Noto Sans Devanagari UI,Devanagari,160,922,3.4,1.362,2,False,True,False,True,False
NotoSansDevanagariUI-ExtraBold.ttf,Noto Sans Devanagari UI ExtraBold,Latin,45,922,3.1333333333333333,1.362,2,False,True,False,True,False
NotoSansDevanagariUI-ExtraBold.ttf,Noto Sans Devanagari UI ExtraBold,Devanagari,160,922,3.4,1.362,2,False,True,False,True,False
NotoSansDevanagariUI-ExtraLight.ttf,Noto Sans Devanagari UI ExtraLight,Latin,45,922,3.1333333333333333,1.362,2,False,True,False,True,False
NotoSansDevanagariUI-ExtraLight.ttf,Noto Sans Devanagari UI ExtraLight,Devanagari,160,922,3.4,1.362,2,False,True,False,True,False
NotoSansDevanagariUI-Light.ttf,Noto Sans Devanagari UI Light,Latin,45,922,3.1333333333333333,1.362,2,False,True,False,True,False
NotoSansDevanagariUI-Light.ttf,Noto Sans Devanagari UI Light,Devanagari,160,922,3.4,1.362,2,False,True,False,True,False
NotoSansDevanagariUI-Medium.ttf,Noto Sans Devanagari UI Medium,Latin,45,922,3.1333333333333333,1.362,2,False,True,False,True,False
NotoSansDevanagariUI-Medium.ttf,Noto Sans Devanagari UI Medium,Devanagari,160,922,3.4,1.362,2,False,True,False,True,False
NotoSansDevanagariUI-Regular.ttf,Noto Sans Devanagari UI,Latin,45,922,3.1333333333333333,1.362,2,False,True,False,True,False
NotoSansDevanagariUI-Regular.ttf,Noto Sans Devanagari UI,Devanagari,160,922,3.4,1.362,2,False,True,False,True,False
NotoSansDevanagariUI-SemiBold.ttf,Noto Sans Devanagari UI SemiBold,Latin,45,922,3.1333333333333333,1.362,2,False,True,False,True,False
NotoSansDevanagariUI-SemiBold.ttf,Noto Sans Devanagari UI SemiBold,Devanagari,160,922,3.4,1.362,2,False,True,False,True,False
NotoSansDevanagariUI-Thin.ttf,Noto Sans Devanagari UI Thin,Latin,45,922,3.1333333333333333,1.362,2,False,True,False,True,False
NotoSansDevanagariUI-Thin.ttf,Noto Sans Devanagari UI Thin,Devanagari,160,922,3.4,1.362,2,False,True,False,True,False
"NotoSansDisplay-Italic[wdth,wght].ttf",Noto Sans Display,Latin,321,3327,1.7476635514018692,1.362,3,False,False,True,True,True
"NotoSansDisplay-Italic[wdth,wght].ttf",Noto Sans Display,Cyrillic,304,3327,1.7401315789473684,1.362,3,False,False,True,True,True
"NotoSansDisplay[wdth,wght].ttf",Noto Sans Display,Latin,321,3316,1.7476635514018692,1.362,3,False,False,True,True,True
"NotoSansDisplay[wdth,wght].ttf",Noto Sans Display,Cyrillic,304,3316,1.7401315789473684,1.362,3,False,False,True,True,True
NotoSansDuployan-Bold.ttf,Noto Sans Duployan,Latin,268,10729,2.4888059701492535,1.362,3,False,True,True,True,False
NotoSansDuployan-Regular.ttf,Noto Sans Duployan,Latin,268,10614,2.4888059701492535,1.362,3,False,True,True,True,False
NotoSansEgyptianHieroglyphs-Regular.ttf,Noto Sans Egyptian Hieroglyphs,Latin,270,1406,1.4444444444444444,1.65,0,False,False,False,False,False
NotoSansElbasan-Regular.ttf,Noto Sans Elbasan,Latin,280,412,1.3,1.117,1,False,False,False,True,False
NotoSansElymaic-Regular.ttf,Noto Sans Elymaic,Latin,276,375,1.4456521739130435,1.2,1,False,False,False,True,False
"NotoSansEthiopic[wdth,wght].ttf",Noto Sans Ethiopic,Latin,280,925,1.3,1.362,2,True,False,False,True,False
"NotoSansGeorgian[wdth,wght].ttf",Noto Sans Georgian,Latin,278,554,1.589928057553957,1.36,1,False,False,False,True,False
NotoSansGlagolitic-Regular.ttf,Noto Sans Glagolitic,Latin,278,477,1.4424460431654675,1.362,1,False,False,False,True,False
NotoSansGothic-Regular.ttf,Noto Sans Gothic,Latin,280,376,1.45,1.362,1,False,False,False,True,False
NotoSansGrantha-Regular.ttf,Noto Sans Grantha,Latin,270,799,2.6296296296296298,1.824,4,True,True,True,True,False
NotoSansGrantha-Regular.ttf,Noto Sans Grantha,Tamil,15,799,2.466666666666667,1.824,4,True,True,True,True,False
"NotoSansGujarati[wdth,wght].ttf",Noto Sans Gujarati,Latin,278,1110,2.91726618705036,1.304,2,False,True,False,True,False
NotoSansGujaratiUI-Black.ttf,Noto Sans Gujarati UI Black,Latin,45,816,2.7333333333333334,1.362,2,False,True,False,True,False
NotoSansGujaratiUI-Bold.ttf,Noto Sans Gujarati UI,Latin,45,816,2.7333333333333334,1.362,2,False,True,False,True,False
NotoSansGujaratiUI-ExtraBold.ttf,Noto Sans Gujarati UI ExtraBold,Latin,45,816,2.7333333333333334,1.362,2,False,True,False,True,False
NotoSansGujaratiUI-ExtraLight.ttf,Noto Sans Gujarati UI ExtraLight,Latin,45,816,2.7333333333333334,1.362,2,False,True,False,True,False
NotoSansGujaratiUI-Light.ttf,Noto Sans Gujarati UI Light,Latin,45,816,2.7333333333333334,1.362,2,False,True,False,True,False
NotoSansGujaratiUI-Medium.ttf,Noto Sans Gujarati UI Medium,Latin,45,816,2.7333333333333334,1.362,2,False,True,False,True,False
NotoSansGujaratiUI-Regular.ttf,Noto Sans Gujarati UI,Latin,45,816,2.7333333333333334,1.362,2,False,True,False,True,False
NotoSansGujaratiUI-SemiBold.ttf,Noto Sans Gujarati UI SemiBold,Latin,45,816,2.7333333333333334,1.362,2,False,True,False,True,False
NotoSansGujaratiUI-Thin.ttf,Noto Sans Gujarati UI Thin,Latin,45,816,2.7333333333333334,1.362,2,False,True,False,True,False
NotoSansGunjalaGondi[wght].ttf,Noto Sans Gunjala Gondi,Latin,280,585,1.6,1.266,2,True,False,False,True,False
"NotoSansGurmukhi[wdth,wght].ttf",Noto Sans Gurmukhi,Latin,281,615,1.896797153024911,1.304,3,True,True,False,True,False
"NotoSansGurmukhiUI[wdth,wght].ttf",Noto Sans Gurmukhi UI,Latin,45,344,2.066666666666667,1.304,3,True,True,False,True,False
NotoSansHanifiRohingya[wght].ttf,Noto Sans Hanifi Rohingya,Latin,280,510,1.9,1.362,3,True,False,False,True,True
NotoSansHanunoo-Regular.ttf,Noto Sans Hanunoo,Latin,280,380,1.45,1.362,1,False,False,False,True,False
NotoSansHatran-Regular.ttf,Noto Sans Hatran,Latin,280,367,1.15,1.362,1,False,False,False,True,False
"NotoSansHebrew[wdth,wght].ttf",Noto Sans Hebrew Thin,Latin,270,470,1.2962962962962963,1.36,3,False,False,True,True,True
NotoSansHK[wght].ttf,Noto Sans HK Thin,Latin,221,20940,5.769230769230769,1.0,2,False,False,True,True,False
NotoSansHK[wght].ttf,Noto Sans HK Thin,Cyrillic,66,20940,5.5,1.0,2,False,False,True,True,False
NotoSansHK[wght].ttf,Noto Sans HK Thin,Katakana,112,20940,5.714285714285714,1.0,2,False,False,True,True,False
NotoSansHK[wght].ttf,Noto Sans HK Thin,Han,17749,20940,5.920446222322385,1.0,2,False,False,True,True,False
NotoSansImperialAramaic-Regular.ttf,Noto Sans Imperial Aramaic,Latin,270,356,1.5925925925925926,1.362,1,False,False,False,True,False
NotoSansIndicSiyaqNumbers-Regular.ttf,Noto Sans Indic Siyaq Numbers,Latin,280,430,1.15,1.562,2,False,False,False,True,True
NotoSansIndicSiyaqNumbers-Regular.ttf,Noto Sans Indic Siyaq Numbers,Arabic,21,430,1.1428571428571428,1.562,2,False,False,False,True,True
NotoSansInscriptionalPahlavi-Regular.ttf,Noto Sans Inscriptional Pahlavi,Latin,270,355,1.4444444444444444,1.421,1,False,False,False,True,False
NotoSansInscriptionalParthian-Regular.ttf,Noto Sans Inscriptional Parthian,Latin,270,366,1.5925925925925926,1.37,2,False,False,True,True,False
NotoSansJavanese[wght].ttf,Noto Sans Javanese,Latin,280,738,2.35,2.036,3,False,True,True,True,False
NotoSansJP[wght].ttf,Noto Sans JP Thin,Latin,221,17936,5.769230769230769,1.0,2,False,False,True,True,False
NotoSansJP[wght].ttf,Noto Sans JP Thin,Cyrillic,66,17936,5.5,1.0,2,False,False,True,True,False
NotoSansJP[wght].ttf,Noto Sans JP Thin,Katakana,112,17936,5.714285714285714,1.0,2,False,False,True,True,False
NotoSansJP[wght].ttf,Noto Sans JP Thin,Han,13665,17936,5.837614343212587,1.0,2,False,False,True,True,False
NotoSansKaithi-Regular.ttf,Noto Sans Kaithi,Latin,270,646,1.8888888888888888,1.502,2,False,True,False,True,False
NotoSansKaithi-Regular.ttf,Noto Sans Kaithi,Devanagari,10,646,1.6,1.502,2,False,True,False,True,False
"NotoSansKannada[wdth,wght].ttf",Noto Sans Kannada,Latin,271,933,2.4760147601476015,1.349,2,False,True,False,True,False
"NotoSansKannadaUI[wdth,wght].ttf",Noto Sans Kannada UI,Latin,45,655,2.6,1.349,2,False,True,False,True,False
NotoSansKawi[wght].ttf,Noto Sans Kawi,Latin,278,489,1.8848920863309353,2.0,2,False,True,False,True,False
NotoSansKayahLi[wght].ttf,Noto Sans Kayah Li,Latin,280,394,1.3,1.362,1,False,False,False,True,False
NotoSansKharoshthi-Regular.ttf,Noto Sans Kharoshthi,Latin,280,487,1.6,1.37,2,False,True,False,True,False
"NotoSansKhmer[wdth,wght].ttf",Noto Sans Khmer,Latin,279,673,2.3225806451612905,1.362,3,False,True,True,True,False
"NotoSansKhmerUI[wdth,wght].ttf",Noto Sans Khmer UI,Latin,19,381,1.631578947368421,1.362,3,False,True,True,True,False
NotoSansKhojki-Regular.ttf,Noto Sans Khojki,Latin,278,511,1.8848920863309353,1.856,2,False,True,False,True,False
NotoSansKhudawadi-Regular.ttf,Noto Sans Khudawadi,Latin,270,428,1.5925925925925926,1.317,2,False,True,False,True,False
NotoSansKR[wght].ttf,Noto Sans KR Thin,Latin,221,24964,8.520361990950226,1.0,3,True,False,True,True,False
NotoSansKR[wght].ttf,Noto Sans KR Thin,Cyrillic,66,24964,8.090909090909092,1.0,3,True,False,True,True,False
NotoSansKR[wght].ttf,Noto Sans KR Thin,Katakana,112,24964,8.428571428571429,1.0,3,True,False,True,True,False
NotoSansKR[wght].ttf,Noto Sans KR Thin,Han,8631,24964,8.456262310276909,1.0,3,True,False,True,True,False
"NotoSansLao[wdth,wght].ttf",Noto Sans Lao,Latin,280,466,1.45,1.645,1,False,False,False,True,False
"NotoSansLaoLooped[wdth,wght].ttf",Noto Sans Lao Looped,Latin,280,487,1.6,1.6,2,True,False,False,True,False
NotoSansLepcha-Regular.ttf,Noto Sans Lepcha,Latin,280,470,1.6,1.519,2,False,True,False,True,False
NotoSansLimbu-Regular.ttf,Noto Sans Limbu,Latin,270,400,1.1481481481481481,1.362,1,False,False,False,True,False
NotoSansLinearA-Regular.ttf,Noto Sans Linear A,Latin,280,726,1.45,1.362,1,False,False,False,True,False
NotoSansLinearB-Regular.ttf,Noto Sans Linear B,Latin,280,608,1.15,1.362,1,False,False,False,True,False
NotoSansLisu[wght].ttf,Noto Sans Lisu,Latin,280,395,1.15,1.362,1,False,False,False,True,False
NotoSansLycian-Regular.ttf,Noto Sans Lycian,Latin,280,366,1.45,1.362,1,False,False,False,True,False
NotoSansLydian-Regular.ttf,Noto Sans Lydian,Latin,278,362,1.4424460431654675,1.362,1,False,False,False,True,False
NotoSansMahajani-Regular.ttf,Noto Sans Mahajani,Latin,280,404,1.15,1.0,1,False,False,False,True,False
NotoSansMahajani-Regular.ttf,Noto Sans Mahajani,Devanagari,12,404,1.0833333333333333,1.0,1,False,False,False,True,False
"NotoSansMalayalam[wdth,wght].ttf",Noto Sans Malayalam,Latin,281,697,2.6441281138790034,1.247,3,False,True,True,True,False
"NotoSansMalayalamUI[wdth,wght].ttf",Noto Sans Malayalam UI,Latin,45,364,2.3333333333333335,1.247,3,False,True,True,True,False
NotoSansMandaic-Regular.ttf,Noto Sans Mandaic,Latin,270,455,1.8888888888888888,1.147,3,True,False,False,True,True
NotoSansManichaean-Regular.ttf,Noto Sans Manichaean,Latin,278,483,1.8848920863309353,1.13,3,True,False,False,True,True
NotoSansMarchen-Regular.ttf,Noto Sans Marchen,Latin,270,1068,1.5925925925925926,1.641,3,True,True,False,True,False
NotoSansMasaramGondi-Regular.ttf,Noto Sans Masaram Gondi,Latin,270,485,1.2962962962962963,1.2,2,True,False,False,True,False
NotoSansMath-Regular.ttf,Noto Sans Math,Latin,120,5130,1.15,1.492,2,False,False,False,True,True
NotoSansMath-Regular.ttf,Noto Sans Math,Cyrillic,64,5130,1.140625,1.492,2,False,False,False,True,True
NotoSansMath-Regular.ttf,Noto Sans Math,Arabic,62,5130,1.064516129032258,1.492,2,False,False,False,True,True
NotoSansMayanNumerals-Regular.ttf,Noto Sans Mayan Numerals,Latin,280,360,1.15,1.362,1,False,False,False,True,False
NotoSansMedefaidrin[wght].ttf,Noto Sans Medefaidrin,Latin,280,431,1.15,1.362,0,False,False,False,False,False
NotoSansMeeteiMayek[wght].ttf,Noto Sans Meetei Mayek,Latin,280,428,1.3,1.39,2,False,True,False,True,False
NotoSansMendeKikakui-Regular.ttf,Noto Sans Mende Kikakui,Latin,280,563,1.3,1.267,1,False,False,False,True,False
NotoSansMeroitic-Regular.ttf,Noto Sans Meroitic,Latin,278,460,1.4424460431654675,1.343,0,False,False,False,False,False
NotoSansMiao-Regular.ttf,Noto Sans Miao,Latin,280,700,1.3,1.492,1,False,False,False,True,False
NotoSansModi-Regular.ttf,Noto Sans Modi,Latin,280,542,2.05,1.354,3,True,True,False,True,False
NotoSansMongolian-Regular.ttf,Noto Sans Mongolian,Latin,268,1916,2.044776119402985,1.75,3,True,False,True,True,False
"NotoSansMono[wdth,wght].ttf",Noto Sans Mono,Latin,320,3920,1.6,1.362,2,False,False,False,True,True
"NotoSansMono[wdth,wght].ttf",Noto Sans Mono,Cyrillic,304,3920,1.5921052631578947,1.362,2,False,False,False,True,True
NotoSansMro-Regular.ttf,Noto Sans Mro,Latin,280,382,1.15,1.362,1,False,False,False,True,False
NotoSansMultani-Regular.ttf,Noto Sans Multani,Latin,280,390,1.15,1.362,1,False,False,False,True,False
"NotoSansMyanmar[wdth,wght].ttf",Noto Sans Myanmar,Latin,280,949,1.75,2.184,2,False,True,False,True,False
NotoSansNabataean-Regular.ttf,Noto Sans Nabataean,Latin,280,380,1.15,1.362,1,False,False,False,True,False
NotoSansNagMundari[wght].ttf,Noto Sans Nag Mundari,Latin,268,371,1.1492537313432836,1.362,1,False,False,False,True,False
NotoSansNandinagari-Regular.ttf,Noto Sans Nandinagari,Latin,269,997,2.3382899628252787,1.46,2,False,True,False,True,False
NotoSansNewa-Regular.ttf,Noto Sans Newa,Latin,280,945,2.2,1.432,3,True,True,False,True,False
NotoSansNewTaiLue[wght].ttf,Noto Sans New Tai Lue,Latin,280,442,1.45,1.362,1,False,False,False,True,False
NotoSansNKo-Regular.ttf,Noto Sans NKo,Latin,280,516,1.9,1.362,3,True,False,False,True,True
NotoSansNKoUnjoined[wght].ttf,Noto Sans NKo Unjoined,Latin,280,417,1.45,1.362,2,False,False,False,True,True
NotoSansNushu-Regular.ttf,Noto Sans Nushu,Latin,280,734,1.15,1.39,1,False,False,False,True,False
NotoSansOgham-Regular.ttf,Noto Sans Ogham,Latin,280,369,1.15,1.362,1,False,False,False,True,False
NotoSansOlChiki[wght].ttf,Noto Sans Ol Chiki,Latin,280,390,1.15,1.362,1,False,False,False,True,False
NotoSansOldHungarian-Regular.ttf,Noto Sans Old Hungarian,Latin,280,695,1.75,1.036,2,False,False,True,True,False
NotoSansOldItalic-Regular.ttf,Noto Sans Old Italic,Latin,270,385,1.1481481481481481,1.362,0,False,False,False,False,False
NotoSansOldNorthArabian-Regular.ttf,Noto Sans Old North Arabian,Latin,280,371,1.15,1.362,1,False,False,False,True,False
NotoSansOldPermic-Regular.ttf,Noto Sans Old Permic,Latin,280,390,1.15,1.362,1,False,False,False,True,False
NotoSansOldPersian-Regular.ttf,Noto Sans Old Persian,Latin,280,390,1.15,1.362,1,False,False,False,True,False
NotoSansOldSogdian-Regular.ttf,Noto Sans Old Sogdian,Latin,270,381,1.2962962962962963,1.362,2,True,False,False,True,False
NotoSansOldSouthArabian-Regular.ttf,Noto Sans Old South Arabian,Latin,280,372,1.15,1.362,1,False,False,False,True,False
NotoSansOldTurkic-Regular.ttf,Noto Sans Old Turkic,Latin,270,401,1.2962962962962963,1.362,2,False,False,True,True,False
"NotoSansOriya[wdth,wght].ttf",Noto Sans Oriya,Latin,271,901,2.623616236162362,1.362,3,True,True,False,True,False
NotoSansOriyaUI-Black.ttf,Noto Sans Oriya UI Blk,Latin,44,513,2.3636363636363638,1.362,3,True,True,False,True,False
NotoSansOriyaUI-Bold.ttf,Noto Sans Oriya UI,Latin,44,513,2.3636363636363638,1.362,3,True,True,False,True,False
NotoSansOriyaUI-Regular.ttf,Noto Sans Oriya UI,Latin,44,513,2.3636363636363638,1.362,3,True,True,False,True,False
NotoSansOriyaUI-Thin.ttf,Noto Sans Oriya UI Thin,Latin,44,513,2.3636363636363638,1.362,3,True,True,False,True,False
NotoSansOsage-Regular.ttf,Noto Sans Osage,Latin,280,416,1.15,1.362,1,False,False,False,True,False
NotoSansOsmanya-Regular.ttf,Noto Sans Osmanya,Latin,280,380,1.15,1.362,1,False,False,False,True,False
NotoSansPahawhHmong-Regular.ttf,Noto Sans Pahawh Hmong,Latin,280,470,1.15,1.362,1,False,False,False,True,False
NotoSansPalmyrene-Regular.ttf,Noto Sans Palmyrene,Latin,280,392,1.3,1.362,1,False,False,True,False,False
NotoSansPauCinHau-Regular.ttf,Noto Sans Pau Cin Hau,Latin,280,396,1.15,1.362,1,False,False,False,True,False
NotoSansPhagsPa-Regular.ttf,Noto Sans PhagsPa,Latin,278,713,2.0323741007194243,1.362,2,True,False,False,True,False
NotoSansPhoenician-Regular.ttf,Noto Sans Phoenician,Latin,280,369,1.15,1.362,1,False,False,False,True,False
NotoSansPsalterPahlavi-Regular.ttf,Noto Sans Psalter Pahlavi,Latin,270,418,1.7407407407407407,1.291,3,True,False,False,True,True
NotoSansRejang-Regular.ttf,Noto Sans Rejang,Latin,270,366,1.1481481481481481,1.362,1,False,False,False,True,False
NotoSansRunic-Regular.ttf,Noto Sans Runic,Latin,280,431,1.15,1.362,1,False,False,False,True,False
NotoSansSamaritan-Regular.ttf,Noto Sans Samaritan,Latin,280,403,1.3,1.362,2,True,False,False,True,False
NotoSansSaurashtra-Regular.ttf,Noto Sans Saurashtra,Latin,280,429,1.3,1.362,1,False,False,False,True,False
NotoSansSC[wght].ttf,Noto Sans SC Thin,Latin,221,31036,5.769230769230769,1.0,2,False,False,True,True,False
NotoSansSC[wght].ttf,Noto Sans SC Thin,Cyrillic,66,31036,5.5,1.0,2,False,False,True,True,False
NotoSansSC[wght].ttf,Noto Sans SC Thin,Katakana,112,31036,5.714285714285714,1.0,2,False,False,True,True,False
NotoSansSC[wght].ttf,Noto Sans SC Thin,Han,27734,31036,5.924244609504579,1.0,2,False,False,True,True,False
NotoSansSharada-Regular.ttf,Noto Sans Sharada,Latin,276,568,1.5942028985507246,1.38,2,False,True,False,True,False
NotoSansShavian-Regular.ttf,Noto Sans Shavian,Latin,280,388,1.15,1.362,1,False,False,False,True,False
NotoSansSiddham-Regular.ttf,Noto Sans Siddham,Latin,280,839,1.9,2.03,2,False,True,False,True,False
NotoSansSignWriting-Regular.ttf,Noto Sans SignWriting,Latin,280,38218,1.6,1.002,2,True,False,False,True,False
"NotoSansSinhala[wdth,wght].ttf",Noto Sans Sinhala,Latin,281,979,2.3451957295373664,1.304,3,False,True,True,True,False
"NotoSansSinhalaUI[wdth,wght].ttf",Noto Sans Sinhala UI,Latin,45,645,2.066666666666667,1.304,3,False,True,True,True,False
NotoSansSogdian-Regular.ttf,Noto Sans Sogdian,Latin,280,680,1.75,1.382,3,True,False,False,True,True
NotoSansSoraSompeng[wght].ttf,Noto Sans Sora Sompeng,Latin,280,376,1.15,1.362,1,False,False,False,True,False
NotoSansSoyombo-Regular.ttf,Noto Sans Soyombo,Latin,280,658,1.6,1.596,2,False,True,False,True,False
NotoSansSundanese[wght].ttf,Noto Sans Sundanese,Latin,278,417,1.4424460431654675,1.437,1,False,False,False,True,False
NotoSansSunuwar-Regular.ttf,Noto Sans Sunuwar,Latin,268,376,1.1492537313432836,1.362,1,False,False,False,True,False
NotoSansSylotiNagri-Regular.ttf,Noto Sans Syloti Nagri,Latin,280,419,1.45,1.362,1,False,False,False,True,False
NotoSansSylotiNagri-Regular.ttf,Noto Sans Syloti Nagri,Bengali,10,419,1.3,1.362,1,False,False,False,True,False
NotoSansSymbols[wght].ttf,Noto Sans Symbols,Latin,280,1115,1.45,2.05,1,False,False,False,True,False
NotoSansSymbols2-Regular.ttf,Noto Sans Symbols 2,Latin,279,2976,1.5878136200716846,1.699,1,False,False,False,True,False
NotoSansSyriac[wght].ttf,Noto Sans Syriac,Latin,280,604,1.9,1.412,4,True,False,True,True,True
NotoSansSyriac[wght].ttf,Noto Sans Syriac,Arabic,30,604,1.8,1.412,4,True,False,True,True,True
NotoSansSyriacEastern[wght].ttf,Noto Sans Syriac Eastern,Latin,280,600,2.05,1.412,4,True,False,True,True,True
NotoSansSyriacEastern[wght].ttf,Noto Sans Syriac Eastern,Arabic,30,600,1.9333333333333333,1.412,4,True,False,True,True,True
NotoSansSyriacWestern[wght].ttf,Noto Sans Syriac Western,Latin,270,618,1.8888888888888888,1.412,4,True,False,True,True,True
NotoSansSyriacWestern[wght].ttf,Noto Sans Syriac Western,Arabic,30,618,1.8,1.412,4,True,False,True,True,True
NotoSansTagalog-Regular.ttf,Noto Sans Tagalog,Latin,280,367,1.45,1.362,1,False,False,False,True,False
NotoSansTagbanwa-Regular.ttf,Noto Sans Tagbanwa,Latin,280,364,1.15,1.362,0,False,False,False,False,False
NotoSansTaiLe-Regular.ttf,Noto Sans Tai Le,Latin,280,406,1.15,1.362,1,False,False,False,True,False
NotoSansTaiTham[wght].ttf,Noto Sans Tai Tham,Latin,280,1158,1.45,1.589,2,False,False,True,True,False
NotoSansTaiViet-Regular.ttf,Noto Sans Tai Viet,Latin,280,413,1.45,1.362,1,False,False,False,True,False
NotoSansTakri-Regular.ttf,Noto Sans Takri,Latin,278,426,1.8848920863309353,1.262,2,False,True,False,True,False
"NotoSansTamil[wdth,wght].ttf",Noto Sans Tamil,Latin,283,576,1.7420494699646643,1.24,2,False,True,False,True,False
"NotoSansTamil[wdth,wght].ttf",Noto Sans Tamil,Tamil,72,576,1.6944444444444444,1.24,2,False,True,False,True,False
NotoSansTamilSupplement-Regular.ttf,Noto Sans Tamil Supplement,Latin,280,388,1.15,1.24,1,False,False,False,True,False
"NotoSansTamilUI[wdth,wght].ttf",Noto Sans Tamil UI,Latin,47,244,1.7446808510638299,1.24,2,False,True,False,True,False
"NotoSansTamilUI[wdth,wght].ttf",Noto Sans Tamil UI,Tamil,72,244,1.6944444444444444,1.24,2,False,True,False,True,False
NotoSansTangsa[wght].ttf,Noto Sans Tangsa,Latin,278,423,1.4424460431654675,1.362,1,False,False,False,True,False
NotoSansTC[wght].ttf,Noto Sans TC Thin,Latin,221,20950,5.769230769230769,1.0,2,False,False,True,True,False
NotoSansTC[wght].ttf,Noto Sans TC Thin,Cyrillic,66,20950,5.5,1.0,2,False,False,True,True,False
NotoSansTC[wght].ttf,Noto Sans TC Thin,Katakana,112,20950,5.714285714285714,1.0,2,False,False,True,True,False
NotoSansTC[wght].ttf,Noto Sans TC Thin,Han,17739,20950,5.923840126275438,1.0,2,False,False,True,True,False
"NotoSansTelugu[wdth,wght].ttf",Noto Sans Telugu,Latin,279,1247,2.4695340501792113,1.352,2,False,True,False,True,False
"NotoSansTelugu[wdth,wght].ttf",Noto Sans Telugu,Telugu,100,1247,2.5,1.352,2,False,True,False,True,False
"NotoSansTeluguUI[wdth,wght].ttf",Noto Sans Telugu UI,Latin,45,958,2.3333333333333335,1.352,2,False,True,False,True,False
"NotoSansTeluguUI[wdth,wght].ttf",Noto Sans Telugu UI,Telugu,98,958,2.4285714285714284,1.352,2,False,True,False,True,False
NotoSansThaana[wght].ttf,Noto Sans Thaana,Latin,277,414,1.444043321299639,1.493,2,False,False,False,True,True
NotoSansThaana[wght].ttf,Noto Sans Thaana,Arabic,22,414,1.4090909090909092,1.493,2,False,False,False,True,True
"NotoSansThai[wdth,wght].ttf",Noto Sans Thai,Latin,278,467,1.7374100719424461,1.511,2,False,False,True,True,False
"NotoSansThaiLooped[wdth,wght].ttf",Noto Sans Thai Looped,Latin,270,477,1.5925925925925926,1.6,3,True,False,True,True,False
NotoSansTifinagh-Regular.ttf,Noto Sans Tifinagh,Latin,280,601,1.6,1.362,2,False,False,True,True,False
NotoSansTirhuta-Regular.ttf,Noto Sans Tirhuta,Latin,280,597,1.75,1.545,2,False,True,False,True,False
NotoSansUgaritic-Regular.ttf,Noto Sans Ugaritic,Latin,280,371,1.15,1.124,1,False,False,False,True,False
NotoSansVai-Regular.ttf,Noto Sans Vai,Latin,280,640,1.15,1.362,1,False,False,False,True,False
NotoSansVithkuqi[wght].ttf,Noto Sans Vithkuqi,Latin,279,408,1.146953405017921,1.362,1,False,False,False,True,False
NotoSansWancho-Regular.ttf,Noto Sans Wancho,Latin,280,415,1.15,1.257,1,False,False,False,True,False
NotoSansWarangCiti-Regular.ttf,Noto Sans Warang Citi,Latin,278,514,1.2949640287769784,1.142,1,False,False,False,True,False
NotoSansYi-Regular.ttf,Noto Sans Yi,Latin,280,1591,1.15,1.362,1,False,False,False,True,False
NotoSansZanabazarSquare-Regular.ttf,Noto Sans Zanabazar Square,Latin,280,485,1.45,2.442,1,False,False,False,True,False
"NotoSerif-Italic[wdth,wght].ttf",Noto Serif,Latin,321,3836,1.5981308411214954,1.362,3,False,False,True,True,True
"NotoSerif-Italic[wdth,wght].ttf",Noto Serif,Cyrillic,304,3836,1.5921052631578947,1.362,3,False,False,True,True,True
"NotoSerif[wdth,wght].ttf",Noto Serif,Latin,321,3830,1.2990654205607477,1.362,3,False,False,True,True,True
"NotoSerif[wdth,wght].ttf",Noto Serif,Cyrillic,304,3830,1.2960526315789473,1.362,3,False,False,True,True,True
NotoSerifAhom-Regular.ttf,Noto Serif Ahom,Latin,278,412,1.589928057553957,1.655,2,False,False,True,True,False
"NotoSerifArmenian[wdth,wght].ttf",Noto Serif Armenian,Latin,278,435,1.589928057553957,1.36,2,False,False,True,True,False
NotoSerifBalinese-Regular.ttf,Noto Serif Balinese,Latin,270,543,1.4444444444444444,1.795,3,False,True,True,True,False
"NotoSerifBengali[wdth,wght].ttf",Noto Serif Bengali,Latin,271,986,3.804428044280443,1.594,3,True,True,False,True,False
"NotoSerifBengali[wdth,wght].ttf",Noto Serif Bengali,Bengali,96,986,3.7708333333333335,1.594,3,True,True,False,True,False
"NotoSerifDevanagari[wdth,wght].ttf",Noto Serif Devanagari,Latin,271,1269,4.837638376383764,1.555,2,False,True,False,True,False
"NotoSerifDevanagari[wdth,wght].ttf",Noto Serif Devanagari,Devanagari,160,1269,4.9,1.555,2,False,True,False,True,False
"NotoSerifDisplay-Italic[wdth,wght].ttf",Noto Serif Display,Latin,321,3268,1.7476635514018692,1.362,3,False,False,True,True,True
"NotoSerifDisplay-Italic[wdth,wght].ttf",Noto Serif Display,Cyrillic,304,3268,1.7401315789473684,1.362,3,False,False,True,True,True
"NotoSerifDisplay[wdth,wght].ttf",Noto Serif Display,Latin,321,3256,1.7476635514018692,1.362,3,False,False,True,True,True
"NotoSerifDisplay[wdth,wght].ttf",Noto Serif Display,Cyrillic,304,3256,1.7401315789473684,1.362,3,False,False,True,True,True
NotoSerifDivesAkuru-Regular.ttf,Noto Serif Dives Akuru,Latin,268,1128,1.4477611940298507,1.779,2,False,True,False,True,False
NotoSerifDogra-Regular.ttf,Noto Serif Dogra,Latin,278,472,2.179856115107914,1.494,2,False,True,False,True,False
"NotoSerifEthiopic[wdth,wght].ttf",Noto Serif Ethiopic,Latin,280,923,1.3,1.362,2,True,False,False,True,False
"NotoSerifGeorgian[wdth,wght].ttf",Noto Serif Georgian,Latin,278,550,1.589928057553957,1.36,1,False,False,False,True,False
NotoSerifGrantha-Regular.ttf,Noto Serif Grantha,Latin,270,799,2.6296296296296298,1.824,4,True,True,True,True,False
NotoSerifGrantha-Regular.ttf,Noto Serif Grantha,Tamil,15,799,2.466666666666667,1.824,4,True,True,True,True,False
NotoSerifGujarati[wght].ttf,Noto Serif Gujarati,Latin,279,737,3.3512544802867383,1.447,3,True,True,False,True,False
NotoSerifGurmukhi[wght].ttf,Noto Serif Gurmukhi,Latin,281,627,2.195729537366548,1.434,2,False,True,False,True,False
"NotoSerifHebrew[wdth,wght].ttf",Noto Serif Hebrew,Latin,270,472,1.8888888888888888,1.186,4,True,False,True,True,True
NotoSerifHentaigana[wght].ttf,Noto Serif Hentaigana ExtraLight,Latin,276,799,1.4456521739130435,1.437,1,False,False,False,True,False
NotoSerifHK[wght].ttf,Noto Serif HK ExtraLight,Latin,221,20933,5.769230769230769,1.0,2,False,False,True,True,False
NotoSerifHK[wght].ttf,Noto Serif HK ExtraLight,Cyrillic,66,20933,5.5,1.0,2,False,False,True,True,False
NotoSerifHK[wght].ttf,Noto Serif HK ExtraLight,Katakana,112,20933,5.714285714285714,1.0,2,False,False,True,True,False
NotoSerifHK[wght].ttf,Noto Serif HK ExtraLight,Han,17755,20933,5.918389186144748,1.0,2,False,False,True,True,False
NotoSerifJP[wght].ttf,Noto Serif JP ExtraLight,Latin,221,17923,5.769230769230769,1.0,2,False,False,True,True,False
NotoSerifJP[wght].ttf,Noto Serif JP ExtraLight,Cyrillic,66,17923,5.5,1.0,2,False,False,True,True,False
NotoSerifJP[wght].ttf,Noto Serif JP ExtraLight,Katakana,112,17923,5.714285714285714,1.0,2,False,False,True,True,False
NotoSerifJP[wght].ttf,Noto Serif JP ExtraLight,Han,13661,17923,5.839323621989606,1.0,2,False,False,True,True,False
NotoSerifKannada[wght].ttf,Noto Serif Kannada,Latin,279,700,2.763440860215054,1.62,2,False,True,False,True,False
NotoSerifKhitanSmallScript-Regular.ttf,Noto Serif Khitan Small Script,Latin,278,11683,1.2949640287769784,1.0,2,False,False,True,True,False
"NotoSerifKhmer[wdth,wght].ttf",Noto Serif Khmer,Latin,279,671,2.3225806451612905,1.362,3,False,True,True,True,False
NotoSerifKhojki[wght].ttf,Noto Serif Khojki,Latin,279,678,1.881720430107527,1.856,2,False,True,False,True,False
NotoSerifKR[wght].ttf,Noto Serif KR ExtraLight,Latin,221,24910,8.520361990950226,1.0,3,True,False,True,True,False
NotoSerifKR[wght].ttf,Noto Serif KR ExtraLight,Cyrillic,66,24910,8.090909090909092,1.0,3,True,False,True,True,False
NotoSerifKR[wght].ttf,Noto Serif KR ExtraLight,Katakana,112,24910,8.428571428571429,1.0,3,True,False,True,True,False
NotoSerifKR[wght].ttf,Noto Serif KR ExtraLight,Han,8585,24910,8.46045428072219,1.0,3,True,False,True,True,False
"NotoSerifLao[wdth,wght].ttf",Noto Serif Lao,Latin,280,467,1.45,1.656,1,False,False,False,True,False
NotoSerifMakasar-Regular.ttf,Noto Serif Makasar,Latin,278,362,1.4424460431654675,1.362,2,False,True,False,True,False
NotoSerifMalayalam[wght].ttf,Noto Serif Malayalam,Latin,281,687,2.6441281138790034,1.247,3,False,True,True,True,False
NotoSerifNPHmong[wght].ttf,Noto Serif NP Hmong,Latin,280,411,1.15,1.36,1,False,False,False,True,False
NotoSerifOldUyghur-Regular.ttf,Noto Serif Old Uyghur,Latin,270,452,1.8888888888888888,1.382,4,True,False,True,True,True
NotoSerifOriya[wght].ttf,Noto Serif Oriya,Latin,281,1025,2.790035587188612,1.409,3,False,True,False,True,True
NotoSerifOttomanSiyaq-Regular.ttf,Noto Serif Ottoman Siyaq,Latin,278,396,1.589928057553957,1.703,2,False,False,True,True,False
NotoSerifSC[wght].ttf,Noto Serif SC ExtraLight,Latin,221,31058,5.769230769230769,1.0,2,False,False,True,True,False
NotoSerifSC[wght].ttf,Noto Serif SC ExtraLight,Cyrillic,66,31058,5.5,1.0,2,False,False,True,True,False
NotoSerifSC[wght].ttf,Noto Serif SC ExtraLight,Katakana,112,31058,5.714285714285714,1.0,2,False,False,True,True,False
NotoSerifSC[wght].ttf,Noto Serif SC ExtraLight,Han,27773,31058,5.922946746840457,1.0,2,False,False,True,True,False
"NotoSerifSinhala[wdth,wght].ttf",Noto Serif Sinhala,Latin,281,976,2.3451957295373664,1.304,3,False,True,True,True,False
"NotoSerifTamil-Italic[wdth,wght].ttf",Noto Serif Tamil,Latin,283,506,1.5936395759717314,1.561,2,False,True,False,True,False
"NotoSerifTamil-Italic[wdth,wght].ttf",Noto Serif Tamil,Tamil,72,506,1.5555555555555556,1.561,2,False,True,False,True,False
"NotoSerifTamil[wdth,wght].ttf",Noto Serif Tamil,Latin,283,506,1.5936395759717314,1.561,2,False,True,False,True,False
"NotoSerifTamil[wdth,wght].ttf",Noto Serif Tamil,Tamil,72,506,1.5555555555555556,1.561,2,False,True,False,True,False
NotoSerifTangut-Regular.ttf,Noto Serif Tangut,Latin,270,7243,1.1481481481481481,1.006,1,False,False,False,True,False
NotoSerifTC[wght].ttf,Noto Serif TC ExtraLight,Latin,221,20939,5.769230769230769,1.0,2,False,False,True,True,False
NotoSerifTC[wght].ttf,Noto Serif TC ExtraLight,Cyrillic,66,20939,5.5,1.0,2,False,False,True,True,False
NotoSerifTC[wght].ttf,Noto Serif TC ExtraLight,Katakana,112,20939,5.714285714285714,1.0,2,False,False,True,True,False
NotoSerifTC[wght].ttf,Noto Serif TC ExtraLight,Han,17744,20939,5.922114517583409,1.0,2,False,False,True,True,False
NotoSerifTelugu[wght].ttf,Noto Serif Telugu,Latin,279,1027,2.4695340501792113,1.352,2,False,True,False,True,False
NotoSerifTelugu[wght].ttf,Noto Serif Telugu,Telugu,100,1027,2.5,1.352,2,False,True,False,True,False
"NotoSerifThai[wdth,wght].ttf",Noto Serif Thai,Latin,278,467,1.7374100719424461,1.598,2,False,False,True,True,False
NotoSerifTibetan[wght].ttf,Noto Serif Tibetan,Latin,280,2226,1.75,2.815,3,True,True,False,True,False
NotoSerifTodhri-Regular.ttf,Noto Serif Todhri,Latin,268,389,1.1492537313432836,1.330078125,1,False,False,False,True,False
NotoSerifToto[wght].ttf,Noto Serif Toto,Latin,270,360,1.1481481481481481,1.303,1,False,False,False,True,False
NotoSerifVithkuqi[wght].ttf,Noto Serif Vithkuqi,Latin,279,407,1.146953405017921,1.362,1,False,False,False,True,False
NotoSerifYezidi[wght].ttf,Noto Serif Yezidi,Latin,280,391,1.15,1.36,2,False,False,False,True,True
NotoTraditionalNushu[wght].ttf,Noto Traditional Nushu,Latin,278,774,1.1474820143884892,1.067,1,False,False,False,True,False
NotoTraditionalNushu[wght].ttf,Noto Traditional Nushu,Han,24,774,1.0833333333333333,1.067,1,False,False,False,True,False
NotoZnamennyMusicalNotation-Regular.ttf,Noto Znamenny Musical Notation,Latin,276,527,1.7427536231884058,1.287,2,False,False,True,True,False
NovaCut.ttf,Nova Cut,Latin,319,421,1.0,1.20703125,0,False,False,False,False,False
NovaFlat.ttf,Nova Flat,Latin,319,421,1.0,1.20703125,0,False,False,False,False,False
NovaMono.ttf,NovaMono,Latin,319,1331,1.0,1.3935546875,0,False,False,False,False,False
NovaOval.ttf,Nova Oval,Latin,319,421,1.0,1.20703125,0,False,False,False,False,False
NovaRound.ttf,Nova Round,Latin,319,421,1.0,1.20703125,0,False,False,False,False,False
NovaScript-Regular.ttf,Nova Script,Latin,319,421,1.0,1.20703125,0,False,False,False,False,False
NovaSlim.ttf,Nova Slim,Latin,319,421,1.0,1.20703125,0,False,False,False,False,False
NovaSquare.ttf,Nova Square,Latin,319,421,1.0,1.20703125,0,False,False,False,False,False
NTR-Regular.ttf,NTR,Latin,102,709,2.0294117647058822,2.1201171875,2,False,True,False,True,False
NTR-Regular.ttf,NTR,Telugu,94,709,2.0425531914893615,2.1201171875,2,False,True,False,True,False
Numans-Regular.ttf,Numans,Latin,217,247,1.0,1.1748046875,0,False,False,False,False,False
Nunito-Italic[wght].ttf,Nunito ExtraLight,Latin,319,1103,1.5893416927899686,1.364,3,True,False,True,True,False
Nunito-Italic[wght].ttf,Nunito ExtraLight,Cyrillic,236,1103,1.5932203389830508,1.364,3,True,False,True,True,False
Nunito[wght].ttf,Nunito ExtraLight,Latin,319,1103,1.5893416927899686,1.364,3,True,False,True,True,False
Nunito[wght].ttf,Nunito ExtraLight,Cyrillic,236,1103,1.5932203389830508,1.364,3,True,False,True,True,False
"NunitoSans-Italic[YTLC,opsz,wdth,wght].ttf",Nunito Sans 12pt ExtraLight,Latin,320,1104,1.75,1.364,3,True,False,True,True,False
"NunitoSans-Italic[YTLC,opsz,wdth,wght].ttf",Nunito Sans 12pt ExtraLight,Cyrillic,236,1104,1.7415254237288136,1.364,3,True,False,True,True,False
"NunitoSans[YTLC,opsz,wdth,wght].ttf",Nunito Sans 12pt ExtraLight,Latin,320,1104,1.75,1.364,3,True,False,True,True,False
"NunitoSans[YTLC,opsz,wdth,wght].ttf",Nunito Sans 12pt ExtraLight,Cyrillic,236,1104,1.7415254237288136,1.364,3,True,False,True,True,False
NuosuSIL-Regular.ttf,Nuosu SIL,Latin,199,1612,1.0,1.318359375,1,False,False,False,False,True
OdibeeSans-Regular.ttf,Odibee Sans,Latin,204,258,1.1470588235294117,1.108,1,False,False,True,False,False
OdorMeanChey-Regular.ttf,Odor Mean Chey,Latin,98,360,1.2857142857142858,1.806640625,1,False,True,False,False,False
Offside-Regular.ttf,Offside,Latin,317,456,1.444794952681388,1.261,2,False,False,True,True,False
OFLGoudyStMTT-Italic.ttf,OFL Sorts Mill Goudy TT,Latin,316,519,1.2974683544303798,1.09,2,False,False,True,False,True
OFLGoudyStMTT.ttf,OFL Sorts Mill Goudy TT,Latin,316,626,1.2974683544303798,1.09,2,False,False,True,False,True
Oi-Regular.ttf,Oi,Latin,318,1901,2.7735849056603774,1.58,5,True,True,True,True,True
Oi-Regular.ttf,Oi,Cyrillic,182,1901,2.78021978021978,1.58,5,True,True,True,True,True
Oi-Regular.ttf,Oi,Arabic,239,1901,2.7573221757322175,1.58,5,True,True,True,True,True
Oi-Regular.ttf,Oi,Tamil,72,1901,2.6666666666666665,1.58,5,True,True,True,True,True
Ojuju[wght].ttf,Ojuju ExtraLight,Latin,308,1022,1.2987012987012987,1.406,1,False,False,False,True,False
Oldenburg-Regular.ttf,Oldenburg,Latin,336,426,1.0,1.25,0,False,False,False,False,False
OldStandard-Bold.ttf,Old Standard TT,Latin,317,940,4.113564668769716,1.236,2,False,False,True,True,False
OldStandard-Bold.ttf,Old Standard TT,Cyrillic,218,940,4.08256880733945,1.236,2,False,False,True,True,False
OldStandard-Italic.ttf,Old Standard TT,Latin,316,938,3.231012658227848,1.236,2,False,False,True,True,False
OldStandard-Italic.ttf,Old Standard TT,Cyrillic,218,938,3.2018348623853212,1.236,2,False,False,True,True,False
OldStandard-Regular.ttf,Old Standard TT,Latin,317,940,4.113564668769716,1.236,2,False,False,True,True,False
OldStandard-Regular.ttf,Old Standard TT,Cyrillic,218,940,4.08256880733945,1.236,2,False,False,True,True,False
Ole-Regular.ttf,Ole,Latin,316,641,1.4462025316455696,1.26,2,False,False,True,True,False
OleoScript-Bold.ttf,Oleo Script,Latin,214,246,1.0,1.383,0,False,False,False,False,False
OleoScript-Regular.ttf,Oleo Script,Latin,214,245,1.0,1.383,0,False,False,False,False,False
OleoScriptSwashCaps-Bold.ttf,Oleo Script Swash Caps,Latin,214,246,1.0,1.383,0,False,False,False,False,False
OleoScriptSwashCaps-Regular.ttf,Oleo Script Swash Caps,Latin,214,245,1.0,1.383,0,False,False,False,False,False
Onest[wght].ttf,Onest,Latin,310,534,1.7419354838709677,1.275,2,True,False,False,True,False
Onest[wght].ttf,Onest,Cyrillic,82,534,1.7317073170731707,1.275,2,True,False,False,True,False
OoohBaby-Regular.ttf,Oooh Baby,Latin,317,635,1.444794952681388,1.225,2,False,False,True,True,False
"OpenSans-Italic[wdth,wght].ttf",Open Sans,Latin,321,1162,1.897196261682243,1.36181640625,3,False,False,True,True,True
"OpenSans-Italic[wdth,wght].ttf",Open Sans,Cyrillic,275,1162,1.8945454545454545,1.36181640625,3,False,False,True,True,True
"OpenSans[wdth,wght].ttf",Open Sans,Latin,321,1150,1.897196261682243,1.36181640625,3,False,False,True,True,True
"OpenSans[wdth,wght].ttf",Open Sans,Cyrillic,275,1150,1.8945454545454545,1.36181640625,3,False,False,True,True,True
Oranienbaum-Regular.ttf,Oranienbaum,Latin,284,419,1.0,1.155,0,False,False,False,False,False
Oranienbaum-Regular.ttf,Oranienbaum,Cyrillic,100,419,1.0,1.155,0,False,False,False,False,False
Orbit-Regular.ttf,Orbit,Latin,305,3356,1.5901639344262295,1.0,2,False,False,True,True,False
Orbitron[wght].ttf,Orbitron,Latin,171,269,1.0,1.254,1,False,False,False,True,False
Oregano-Italic.ttf,Oregano,Latin,318,372,1.1477987421383649,1.2900390625,1,False,False,True,False,False
Oregano-Regular.ttf,Oregano,Latin,318,372,1.1477987421383649,1.291015625,1,False,False,True,False,False
OrelegaOne-Regular.ttf,Orelega One,Latin,319,590,1.2946708463949843,1.09033203125,4,True,False,True,True,True
OrelegaOne-Regular.ttf,Orelega One,Cyrillic,166,590,1.2891566265060241,1.09033203125,4,True,False,True,True,True
Orienta-Regular.ttf,Orienta,Latin,317,445,1.444794952681388,1.195,2,False,False,True,True,False
OriginalSurfer-Regular.ttf,Original Surfer,Latin,318,372,1.1477987421383649,1.2509765625,1,False,False,True,False,False
Oswald[wght].ttf,Oswald,Latin,319,883,1.5893416927899686,1.482,2,False,False,True,True,False
Oswald[wght].ttf,Oswald,Cyrillic,236,883,1.5889830508474576,1.482,2,False,False,True,True,False
OtomanopeeOne-Regular.ttf,Otomanopee One,Latin,203,1598,1.2955665024630543,1.0,2,False,False,True,False,True
OtomanopeeOne-Regular.ttf,Otomanopee One,Katakana,112,1598,1.2857142857142858,1.0,2,False,False,True,False,True
OtomanopeeOne-Regular.ttf,Otomanopee One,Han,240,1598,1.3,1.0,2,False,False,True,False,True
Outfit[wght].ttf,Outfit Thin,Latin,290,416,1.5931034482758621,1.26,2,False,False,True,True,False
Overlock-Black.ttf,Overlock,Latin,198,281,1.0,1.22,0,False,False,False,False,False
Overlock-BlackItalic.ttf,Overlock,Latin,198,283,1.0,1.22,0,False,False,False,False,False
Overlock-Bold.ttf,Overlock,Latin,198,280,1.0,1.22,0,False,False,False,False,False
Overlock-BoldItalic.ttf,Overlock,Latin,198,284,1.0,1.22,0,False,False,False,False,False
Overlock-Italic.ttf,Overlock,Latin,198,283,1.0,1.22,0,False,False,False,False,False
Overlock-Regular.ttf,Overlock,Latin,198,349,1.0,1.22,0,False,False,False,False,False
OverlockSC-Regular.ttf,Overlock SC,Latin,198,247,1.0,1.22,0,False,False,False,False,False
Overpass-Italic[wght].ttf,Overpass,Latin,320,1351,1.6,1.266,4,True,False,True,True,True
Overpass-Italic[wght].ttf,Overpass,Cyrillic,190,1351,1.5894736842105264,1.266,4,True,False,True,True,True
Overpass[wght].ttf,Overpass,Latin,320,1351,1.6,1.266,4,True,False,True,True,True
Overpass[wght].ttf,Overpass,Cyrillic,190,1351,1.5894736842105264,1.266,4,True,False,True,True,True
OverpassMono[wght].ttf,Overpass Mono Light,Latin,320,1801,1.6,1.266,4,True,False,True,True,True
OverpassMono[wght].ttf,Overpass Mono Light,Cyrillic,190,1801,1.5894736842105264,1.266,4,True,False,True,True,True
OvertheRainbow.ttf,Over the Rainbow,Latin,309,356,1.0,2.0400390625,0,False,False,False,False,False
Ovo-Regular.ttf,Ovo,Latin,233,270,1.0,1.125,0,False,False,False,False,False
Oxanium[wght].ttf,Oxanium ExtraLight,Latin,278,375,1.1474820143884892,1.25,1,False,False,False,True,False
Oxygen-Bold.ttf,Oxygen,Latin,302,416,1.1490066225165563,1.2626953125,1,False,False,True,False,False
Oxygen-Light.ttf,Oxygen,Latin,299,385,1.1438127090301002,1.2626953125,1,False,False,True,False,False
Oxygen-Regular.ttf,Oxygen,Latin,309,425,1.1488673139158576,1.2626953125,1,False,False,True,False,False
OxygenMono-Regular.ttf,Oxygen Mono,Latin,316,362,1.0,1.31201171875,0,False,False,False,False,False
Pacifico-Regular.ttf,Pacifico,Latin,318,1533,9.128930817610064,1.756,3,True,False,True,True,False
Pacifico-Regular.ttf,Pacifico,Cyrillic,236,1533,9.15677966101695,1.756,3,True,False,True,True,False
Padauk-Bold.ttf,Padauk,Latin,200,782,3.25,1.474609375,4,False,True,True,True,True
Padauk-Regular.ttf,Padauk,Latin,200,782,3.25,1.474609375,4,False,True,True,True,True
PadyakkeExpandedOne-Regular.ttf,Padyakke Expanded One,Latin,297,996,2.185185185185185,1.441,4,False,True,True,True,True
Palanquin-Bold.ttf,Palanquin,Latin,278,1246,11.913669064748202,1.0,2,False,True,False,True,False
Palanquin-Bold.ttf,Palanquin,Devanagari,128,1246,11.984375,1.0,2,False,True,False,True,False
Palanquin-ExtraLight.ttf,Palanquin,Latin,278,1245,11.913669064748202,1.0,2,False,True,False,True,False
Palanquin-ExtraLight.ttf,Palanquin,Devanagari,128,1245,11.984375,1.0,2,False,True,False,True,False
Palanquin-Light.ttf,Palanquin,Latin,278,1246,11.913669064748202,1.0,2,False,True,False,True,False
Palanquin-Light.ttf,Palanquin,Devanagari,128,1246,11.984375,1.0,2,False,True,False,True,False
Palanquin-Medium.ttf,Palanquin,Latin,278,1246,11.913669064748202,1.0,2,False,True,False,True,False
Palanquin-Medium.ttf,Palanquin,Devanagari,128,1246,11.984375,1.0,2,False,True,False,True,False
Palanquin-Regular.ttf,Palanquin,Latin,278,1246,11.913669064748202,1.0,2,False,True,False,True,False
Palanquin-Regular.ttf,Palanquin,Devanagari,128,1246,11.984375,1.0,2,False,True,False,True,False
Palanquin-SemiBold.ttf,Palanquin,Latin,278,1246,11.913669064748202,1.0,2,False,True,False,True,False
Palanquin-SemiBold.ttf,Palanquin,Devanagari,128,1246,11.984375,1.0,2,False,True,False,True,False
Palanquin-Thin.ttf,Palanquin,Latin,278,1245,11.913669064748202,1.0,2,False,True,False,True,False
Palanquin-Thin.ttf,Palanquin,Devanagari,128,1245,11.984375,1.0,2,False,True,False,True,False
PalanquinDark-Bold.ttf,Palanquin Dark,Latin,278,1245,11.913669064748202,1.0,2,False,True,False,True,False
PalanquinDark-Bold.ttf,Palanquin Dark,Devanagari,128,1245,11.984375,1.0,2,False,True,False,True,False
PalanquinDark-Medium.ttf,Palanquin Dark,Latin,278,1245,11.913669064748202,1.0,2,False,True,False,True,False
PalanquinDark-Medium.ttf,Palanquin Dark,Devanagari,128,1245,11.984375,1.0,2,False,True,False,True,False
PalanquinDark-Regular.ttf,Palanquin Dark,Latin,278,1245,11.913669064748202,1.0,2,False,True,False,True,False
PalanquinDark-Regular.ttf,Palanquin Dark,Devanagari,128,1245,11.984375,1.0,2,False,True,False,True,False
PalanquinDark-SemiBold.ttf,Palanquin Dark,Latin,278,1245,11.913669064748202,1.0,2,False,True,False,True,False
PalanquinDark-SemiBold.ttf,Palanquin Dark,Devanagari,128,1245,11.984375,1.0,2,False,True,False,True,False
PaletteMosaic-Regular.ttf,Palette Mosaic,Latin,98,411,1.0,1.0,0,False,False,False,False,False
PaletteMosaic-Regular.ttf,Palette Mosaic,Katakana,93,411,1.0,1.0,0,False,False,False,False,False
Pangolin-Regular.ttf,Pangolin,Latin,317,878,2.630914826498423,1.249,1,False,False,True,False,False
Pangolin-Regular.ttf,Pangolin,Cyrillic,182,878,2.631868131868132,1.249,1,False,False,True,False,False
Paprika-Regular.ttf,Paprika,Latin,320,464,1.45,1.419,2,False,False,True,True,False
Parastoo[wght].ttf,Parastoo,Latin,317,879,2.186119873817035,1.4063072973964064,4,True,False,True,True,True
Parastoo[wght].ttf,Parastoo,Arabic,102,879,2.176470588235294,1.4063072973964064,4,True,False,True,True,True
Parisienne-Regular.ttf,Parisienne,Latin,318,372,1.1477987421383649,1.3623046875,1,False,False,True,False,False
Parkinsans[wght].ttf,Parkinsans Light,Latin,297,387,1.2962962962962963,1.4,2,False,False,True,True,False
PasseroOne-Regular.ttf,Passero One,Latin,232,262,1.0,1.1904296875,0,False,False,False,False,False
PassionOne-Black.ttf,Passion One,Latin,218,273,1.0,1.101,0,False,False,False,False,False
PassionOne-Bold.ttf,Passion One,Latin,218,273,1.0,1.101,0,False,False,False,False,False
PassionOne-Regular.ttf,Passion One,Latin,218,273,1.0,1.101,0,False,False,False,False,False
PassionsConflict-Regular.ttf,Passions Conflict,Latin,316,630,1.4462025316455696,1.1,2,False,False,True,True,False
"PathwayExtreme-Italic[opsz,wdth,wght].ttf",Pathway Extreme 8pt Thin,Latin,297,725,1.7407407407407407,1.356,3,True,False,True,True,False
"PathwayExtreme[opsz,wdth,wght].ttf",Pathway Extreme 8pt Thin,Latin,297,723,1.7407407407407407,1.356,3,True,False,True,True,False
PathwayGothicOne-Regular.ttf,Pathway Gothic One,Latin,317,426,1.444794952681388,1.152,2,False,False,True,True,False
PatrickHand-Regular.ttf,Patrick Hand,Latin,320,728,1.15,1.336,1,False,False,True,False,False
PatrickHandSC-Regular.ttf,Patrick Hand SC,Latin,315,544,2.641269841269841,1.354,1,False,False,True,False,False
Pattaya-Regular.ttf,Pattaya,Latin,320,1171,6.25,1.3876953125,3,True,False,True,True,False
Pattaya-Regular.ttf,Pattaya,Cyrillic,94,1171,6.212765957446808,1.3876953125,3,True,False,True,True,False
PatuaOne-Regular.ttf,Patua One,Latin,201,236,1.0,1.219,0,False,False,False,False,False
Pavanam-Regular.ttf,Pavanam,Latin,300,472,1.6,0.914,3,True,True,False,True,False
Pavanam-Regular.ttf,Pavanam,Tamil,72,472,1.5555555555555556,0.914,3,True,True,False,True,False
PaytoneOne-Regular.ttf,Paytone One,Latin,320,681,1.45,1.396,2,False,False,True,True,False
Peddana-Regular.ttf,Peddana,Latin,112,1498,2.0,1.628,2,False,True,False,True,False
Peddana-Regular.ttf,Peddana,Telugu,93,1498,1.978494623655914,1.628,2,False,True,False,True,False
Peralta-Regular.ttf,Peralta,Latin,318,373,1.1477987421383649,1.29443359375,1,False,False,True,False,False
Petemoss-Regular.ttf,Petemoss,Latin,316,632,1.4462025316455696,1.1,2,False,False,True,True,False
PetitFormalScript-Regular.ttf,Petit Formal Script,Latin,318,432,1.1477987421383649,1.25,1,False,False,True,False,False
Petrona-Italic[wght].ttf,Petrona,Latin,317,1058,1.5930599369085174,1.128,2,False,False,True,True,False
Petrona[wght].ttf,Petrona,Latin,317,1057,1.7413249211356467,1.128,3,True,False,True,True,False
Phetsarath-Bold.ttf,Phetsarath,Latin,50,162,0.98,1.455078125,1,False,False,True,False,False
Phetsarath-Regular.ttf,Phetsarath,Latin,35,162,1.2857142857142858,1.455078125,1,False,False,True,False,False
Philosopher-Bold.ttf,Philosopher,Latin,214,555,1.1495327102803738,1.12,1,False,False,False,True,False
Philosopher-Bold.ttf,Philosopher,Cyrillic,182,555,1.1483516483516483,1.12,1,False,False,False,True,False
Philosopher-BoldItalic.ttf,Philosopher,Latin,213,553,1.1455399061032865,1.12,1,False,False,False,True,False
Philosopher-BoldItalic.ttf,Philosopher,Cyrillic,182,553,1.1483516483516483,1.12,1,False,False,False,True,False
Philosopher-Italic.ttf,Philosopher,Latin,213,553,1.1455399061032865,1.12,1,False,False,False,True,False
Philosopher-Italic.ttf,Philosopher,Cyrillic,182,553,1.1483516483516483,1.12,1,False,False,False,True,False
Philosopher-Regular.ttf,Philosopher,Latin,214,555,1.1495327102803738,1.12,1,False,False,False,True,False
Philosopher-Regular.ttf,Philosopher,Cyrillic,182,555,1.1483516483516483,1.12,1,False,False,False,True,False
Phudu[wght].ttf,Phudu Light,Latin,306,606,1.2941176470588236,1.225,1,False,False,False,True,False
"Piazzolla-Italic[opsz,wght].ttf",Piazzolla Thin Italic,Latin,319,2330,1.5893416927899686,1.42,3,True,False,True,True,False
"Piazzolla-Italic[opsz,wght].ttf",Piazzolla Thin Italic,Cyrillic,254,2330,1.5984251968503937,1.42,3,True,False,True,True,False
"Piazzolla[opsz,wght].ttf",Piazzolla Thin,Latin,319,2328,1.5893416927899686,1.42,3,True,False,True,True,False
"Piazzolla[opsz,wght].ttf",Piazzolla Thin,Cyrillic,254,2328,1.5984251968503937,1.42,3,True,False,True,True,False
Piedra-Regular.ttf,Piedra,Latin,199,237,1.0,1.301,0,False,False,False,False,False
PinyonScript-Regular.ttf,Pinyon Script,Latin,318,836,1.7389937106918238,1.24755859375,3,True,False,True,True,False
PirataOne-Regular.ttf,Pirata One,Latin,318,386,1.0,1.285,0,False,False,False,False,False
PixelifySans[wght].ttf,Pixelify Sans,Latin,315,576,1.596825396825397,1.2,2,False,False,True,True,False
PixelifySans[wght].ttf,Pixelify Sans,Cyrillic,91,576,1.5714285714285714,1.2,2,False,False,True,True,False
Plaster-Regular.ttf,Plaster,Latin,336,426,1.0,1.25,0,False,False,False,False,False
Platypi-Italic[wght].ttf,Platypi Light,Latin,317,707,1.444794952681388,1.376,2,False,False,True,True,False
Platypi[wght].ttf,Platypi Light,Latin,317,707,1.5930599369085174,1.376,2,False,False,True,True,False
Play-Bold.ttf,Play,Latin,321,1150,2.794392523364486,1.157,2,False,False,True,True,False
Play-Bold.ttf,Play,Cyrillic,222,1150,2.7837837837837838,1.157,2,False,False,True,True,False
Play-Regular.ttf,Play,Latin,321,1150,2.794392523364486,1.157,2,False,False,True,True,False
Play-Regular.ttf,Play,Cyrillic,222,1150,2.7837837837837838,1.157,2,False,False,True,True,False
Playball-Regular.ttf,Playball,Latin,290,785,2.037931034482759,1.25,3,True,False,True,True,False
"Playfair-Italic[opsz,wdth,wght].ttf",Playfair 5pt SemiExpanded Light,Latin,318,2326,1.7389937106918238,1.2,4,True,False,True,True,True
"Playfair-Italic[opsz,wdth,wght].ttf",Playfair 5pt SemiExpanded Light,Cyrillic,124,2326,1.7258064516129032,1.2,4,True,False,True,True,True
"Playfair[opsz,wdth,wght].ttf",Playfair 5pt SemiExpanded Light,Latin,318,2316,1.7389937106918238,1.2,4,True,False,True,True,True
"Playfair[opsz,wdth,wght].ttf",Playfair 5pt SemiExpanded Light,Cyrillic,124,2316,1.7258064516129032,1.2,4,True,False,True,True,True
PlayfairDisplay-Italic[wght].ttf,Playfair Display,Latin,320,1101,1.75,1.333,3,True,False,True,True,False
PlayfairDisplay-Italic[wght].ttf,Playfair Display,Cyrillic,122,1101,1.7377049180327868,1.333,3,True,False,True,True,False
PlayfairDisplay[wght].ttf,Playfair Display,Latin,320,1103,1.75,1.333,3,True,False,True,True,False
PlayfairDisplay[wght].ttf,Playfair Display,Cyrillic,122,1103,1.7377049180327868,1.333,3,True,False,True,True,False
PlayfairDisplaySC-Black.ttf,Playfair Display SC,Latin,319,1076,6.304075235109718,1.333,3,True,False,True,True,False
PlayfairDisplaySC-Black.ttf,Playfair Display SC,Cyrillic,122,1076,6.311475409836065,1.333,3,True,False,True,True,False
PlayfairDisplaySC-BlackItalic.ttf,Playfair Display SC,Latin,319,1074,6.304075235109718,1.333,3,True,False,True,True,False
PlayfairDisplaySC-BlackItalic.ttf,Playfair Display SC,Cyrillic,122,1074,6.311475409836065,1.333,3,True,False,True,True,False
PlayfairDisplaySC-Bold.ttf,Playfair Display SC,Latin,319,1076,6.304075235109718,1.333,3,True,False,True,True,False
PlayfairDisplaySC-Bold.ttf,Playfair Display SC,Cyrillic,122,1076,6.311475409836065,1.333,3,True,False,True,True,False
PlayfairDisplaySC-BoldItalic.ttf,Playfair Display SC,Latin,319,1074,6.304075235109718,1.333,3,True,False,True,True,False
PlayfairDisplaySC-BoldItalic.ttf,Playfair Display SC,Cyrillic,122,1074,6.311475409836065,1.333,3,True,False,True,True,False
PlayfairDisplaySC-Italic.ttf,Playfair Display SC,Latin,319,1074,6.304075235109718,1.333,3,True,False,True,True,False
PlayfairDisplaySC-Italic.ttf,Playfair Display SC,Cyrillic,122,1074,6.311475409836065,1.333,3,True,False,True,True,False
PlayfairDisplaySC-Regular.ttf,Playfair Display SC,Latin,319,1076,6.304075235109718,1.333,3,True,False,True,True,False
PlayfairDisplaySC-Regular.ttf,Playfair Display SC,Cyrillic,122,1076,6.311475409836065,1.333,3,True,False,True,True,False
PlaypenSans[wght].ttf,Playpen Sans,Latin,319,3082,2.1786833855799372,1.51,3,True,False,True,True,False
PlaypenSans[wght].ttf,Playpen Sans,Cyrillic,160,3082,2.2,1.51,3,True,False,True,True,False
PlaypenSansArabic[wght].ttf,Playpen Sans Arabic,Latin,282,1620,2.7872340425531914,1.65,4,True,False,True,True,True
PlaypenSansArabic[wght].ttf,Playpen Sans Arabic,Arabic,253,1620,2.7549407114624507,1.65,4,True,False,True,True,True
PlaypenSansDeva[wght].ttf,Playpen Sans Deva,Latin,282,2418,3.382978723404255,2.03,4,True,True,True,True,False
PlaypenSansDeva[wght].ttf,Playpen Sans Deva,Devanagari,127,2418,3.393700787401575,2.03,4,True,True,True,True,False
PlaypenSansHebrew[wght].ttf,Playpen Sans Hebrew,Latin,282,1255,2.1914893617021276,1.53,4,True,False,True,True,True
PlaypenSansThai[wght].ttf,Playpen Sans Thai,Latin,282,1385,2.3404255319148937,1.743,3,True,False,True,True,False
PlaywriteAR[wght].ttf,Playwrite AR,Latin,307,1274,1.749185667752443,2.079,2,True,False,False,True,False
PlaywriteARGuides-Regular.ttf,Playwrite AR Guides,Latin,307,1220,1.749185667752443,2.079,2,True,False,False,True,False
PlaywriteAT-Italic[wght].ttf,Playwrite AT,Latin,307,1333,1.749185667752443,1.65,2,True,False,False,True,False
PlaywriteAT[wght].ttf,Playwrite AT,Latin,307,1333,1.749185667752443,1.65,2,True,False,False,True,False
PlaywriteATGuides-Italic.ttf,Playwrite AT Guides,Latin,307,1285,1.749185667752443,1.65,2,True,False,False,True,False
PlaywriteATGuides-Regular.ttf,Playwrite AT Guides,Latin,307,1285,1.749185667752443,1.65,2,True,False,False,True,False
PlaywriteAUNSW[wght].ttf,Playwrite AU NSW,Latin,307,1288,1.749185667752443,1.932,2,True,False,False,True,False
PlaywriteAUNSWGuides-Regular.ttf,Playwrite AU NSW Guides,Latin,307,1251,1.749185667752443,1.932,2,True,False,False,True,False
PlaywriteAUQLD[wght].ttf,Playwrite AU QLD,Latin,307,1297,1.749185667752443,1.932,2,True,False,False,True,False
PlaywriteAUQLDGuides-Regular.ttf,Playwrite AU QLD Guides,Latin,307,1259,1.749185667752443,1.932,2,True,False,False,True,False
PlaywriteAUSA[wght].ttf,Playwrite AU SA,Latin,307,1292,1.749185667752443,1.905,2,True,False,False,True,False
PlaywriteAUSAGuides-Regular.ttf,Playwrite AU SA Guides,Latin,307,1255,1.749185667752443,1.905,2,True,False,False,True,False
PlaywriteAUTAS[wght].ttf,Playwrite AU TAS,Latin,307,1286,1.749185667752443,1.932,2,True,False,False,True,False
PlaywriteAUTASGuides-Regular.ttf,Playwrite AU TAS Guides,Latin,307,1249,1.749185667752443,1.932,2,True,False,False,True,False
PlaywriteAUVIC[wght].ttf,Playwrite AU VIC,Latin,307,1293,1.749185667752443,1.932,2,True,False,False,True,False
PlaywriteAUVICGuides-Regular.ttf,Playwrite AU VIC Guides,Latin,307,1257,1.749185667752443,1.932,2,True,False,False,True,False
PlaywriteBEVLG[wght].ttf,Playwrite BE VLG,Latin,307,1289,1.749185667752443,1.932,2,True,False,False,True,False
PlaywriteBEVLGGuides-Regular.ttf,Playwrite BE VLG Guides,Latin,307,1235,1.749185667752443,1.932,2,True,False,False,True,False
PlaywriteBEWAL[wght].ttf,Playwrite BE WAL,Latin,307,1286,1.749185667752443,2.846,2,True,False,False,True,False
PlaywriteBEWALGuides-Regular.ttf,Playwrite BE WAL Guides,Latin,307,1232,1.749185667752443,2.846,2,True,False,False,True,False
PlaywriteBR[wght].ttf,Playwrite BR,Latin,307,1274,1.749185667752443,2.227,2,True,False,False,True,False
PlaywriteBRGuides-Regular.ttf,Playwrite BR Guides,Latin,307,1220,1.749185667752443,2.227,2,True,False,False,True,False
PlaywriteCA[wght].ttf,Playwrite CA,Latin,307,1276,1.749185667752443,1.923,2,True,False,False,True,False
PlaywriteCAGuides-Regular.ttf,Playwrite CA Guides,Latin,307,1222,1.749185667752443,1.923,2,True,False,False,True,False
PlaywriteCL[wght].ttf,Playwrite CL,Latin,307,1276,1.749185667752443,2.232,2,True,False,False,True,False
PlaywriteCLGuides-Regular.ttf,Playwrite CL Guides,Latin,307,1222,1.749185667752443,2.232,2,True,False,False,True,False
PlaywriteCO[wght].ttf,Playwrite CO,Latin,307,1270,1.749185667752443,1.977,2,True,False,False,True,False
PlaywriteCOGuides-Regular.ttf,Playwrite CO Guides,Latin,307,1216,1.749185667752443,1.977,2,True,False,False,True,False
PlaywriteCU[wght].ttf,Playwrite CU,Latin,307,1274,1.749185667752443,2.192,2,True,False,False,True,False
PlaywriteCUGuides-Regular.ttf,Playwrite CU Guides,Latin,307,1221,1.749185667752443,2.192,2,True,False,False,True,False
PlaywriteCZ[wght].ttf,Playwrite CZ,Latin,307,1313,1.5993485342019544,1.899,2,True,False,False,True,False
PlaywriteCZGuides-Regular.ttf,Playwrite CZ Guides,Latin,307,1259,1.749185667752443,1.899,2,True,False,False,True,False
PlaywriteDEGrund[wght].ttf,Playwrite DE Grund,Latin,307,1287,1.749185667752443,1.751,2,True,False,False,True,False
PlaywriteDEGrundGuides-Regular.ttf,Playwrite DE Grund Guides,Latin,307,1284,1.749185667752443,1.751,2,True,False,False,True,False
PlaywriteDELA[wght].ttf,Playwrite DE LA,Latin,307,1284,1.749185667752443,1.751,2,True,False,False,True,False
PlaywriteDELAGuides-Regular.ttf,Playwrite DE LA Guides,Latin,307,1231,1.749185667752443,1.751,2,True,False,False,True,False
PlaywriteDESAS[wght].ttf,Playwrite DE SAS,Latin,307,1323,1.749185667752443,1.679,2,True,False,False,True,False
PlaywriteDESASGuides-Regular.ttf,Playwrite DE SAS Guides,Latin,307,1278,1.749185667752443,1.679,2,True,False,False,True,False
PlaywriteDEVA[wght].ttf,Playwrite DE VA,Latin,307,1325,1.749185667752443,1.884,2,True,False,False,True,False
PlaywriteDEVAGuides-Regular.ttf,Playwrite DE VA Guides,Latin,307,1284,1.749185667752443,1.884,2,True,False,False,True,False
PlaywriteDKLoopet[wght].ttf,Playwrite DK Loopet,Latin,307,1288,1.749185667752443,1.65,2,True,False,False,True,False
PlaywriteDKLoopetGuides-Regular.ttf,Playwrite DK Loopet Guides,Latin,307,1252,1.749185667752443,1.65,2,True,False,False,True,False
PlaywriteDKUloopet[wght].ttf,Playwrite DK Uloopet,Latin,307,1286,1.749185667752443,1.65,2,True,False,False,True,False
PlaywriteDKUloopetGuides-Regular.ttf,Playwrite DK Uloopet Guides,Latin,307,1250,1.749185667752443,1.65,2,True,False,False,True,False
PlaywriteES[wght].ttf,Playwrite ES,Latin,307,1280,1.749185667752443,1.932,2,True,False,False,True,False
PlaywriteESDeco[wght].ttf,Playwrite ES Deco,Latin,307,1274,1.749185667752443,1.932,2,True,False,False,True,False
PlaywriteESDecoGuides-Regular.ttf,Playwrite ES Deco Guides,Latin,307,1220,1.749185667752443,1.932,2,True,False,False,True,False
PlaywriteESGuides-Regular.ttf,Playwrite ES Guides,Latin,307,1245,1.749185667752443,1.932,2,True,False,False,True,False
PlaywriteFRModerne[wght].ttf,Playwrite FR Moderne,Latin,307,1279,1.749185667752443,2.157,2,True,False,False,True,False
PlaywriteFRModerneGuides-Regular.ttf,Playwrite FR Moderne Guides,Latin,307,1245,1.749185667752443,2.157,2,True,False,False,True,False
PlaywriteFRTrad[wght].ttf,Playwrite FR Trad,Latin,307,1282,1.749185667752443,2.852,2,True,False,False,True,False
PlaywriteFRTradGuides-Regular.ttf,Playwrite FR Trad Guides,Latin,307,1228,1.749185667752443,2.852,2,True,False,False,True,False
PlaywriteGBJ-Italic[wght].ttf,Playwrite GB J,Latin,307,1281,1.749185667752443,1.65,2,True,False,False,True,False
PlaywriteGBJ[wght].ttf,Playwrite GB J,Latin,307,1281,1.749185667752443,1.65,2,True,False,False,True,False
PlaywriteGBJGuides-Italic.ttf,Playwrite GB J Guides,Latin,307,1245,1.749185667752443,1.65,2,True,False,False,True,False
PlaywriteGBJGuides-Regular.ttf,Playwrite GB J Guides,Latin,307,1245,1.749185667752443,1.65,2,True,False,False,True,False
PlaywriteGBS-Italic[wght].ttf,Playwrite GB S,Latin,307,1285,1.749185667752443,1.65,2,True,False,False,True,False
PlaywriteGBS[wght].ttf,Playwrite GB S,Latin,307,1285,1.749185667752443,1.65,2,True,False,False,True,False
PlaywriteGBSGuides-Italic.ttf,Playwrite GB S Guides,Latin,307,1249,1.749185667752443,1.65,2,True,False,False,True,False
PlaywriteGBSGuides-Regular.ttf,Playwrite GB S Guides,Latin,307,1249,1.749185667752443,1.65,2,True,False,False,True,False
PlaywriteHR[wght].ttf,Playwrite HR,Latin,307,1273,1.749185667752443,1.659,2,True,False,False,True,False
PlaywriteHRGuides-Regular.ttf,Playwrite HR Guides,Latin,307,1223,1.749185667752443,1.659,2,True,False,False,True,False
PlaywriteHRLijeva[wght].ttf,Playwrite HR Lijeva,Latin,307,1273,1.749185667752443,1.659,2,True,False,False,True,False
PlaywriteHRLijevaGuides-Regular.ttf,Playwrite HR Lijeva Guides,Latin,307,1223,1.749185667752443,1.659,2,True,False,False,True,False
PlaywriteHU[wght].ttf,Playwrite HU,Latin,307,1276,1.749185667752443,1.81,2,True,False,False,True,False
PlaywriteHUGuides-Regular.ttf,Playwrite HU Guides,Latin,307,1224,1.749185667752443,1.81,2,True,False,False,True,False
PlaywriteID[wght].ttf,Playwrite ID,Latin,307,1275,1.749185667752443,2.92,2,True,False,False,True,False
PlaywriteIDGuides-Regular.ttf,Playwrite ID Guides,Latin,307,1226,1.749185667752443,2.92,2,True,False,False,True,False
PlaywriteIE[wght].ttf,Playwrite IE,Latin,307,1274,1.749185667752443,1.889,2,True,False,False,True,False
PlaywriteIEGuides-Regular.ttf,Playwrite IE Guides,Latin,307,1222,1.749185667752443,1.889,2,True,False,False,True,False
PlaywriteIN[wght].ttf,Playwrite IN,Latin,307,1276,1.749185667752443,1.984,2,True,False,False,True,False
PlaywriteINGuides-Regular.ttf,Playwrite IN Guides,Latin,307,1222,1.749185667752443,1.984,2,True,False,False,True,False
PlaywriteIS[wght].ttf,Playwrite IS,Latin,307,1279,1.749185667752443,1.65,2,True,False,False,True,False
PlaywriteISGuides-Regular.ttf,Playwrite IS Guides,Latin,307,1245,1.749185667752443,1.65,2,True,False,False,True,False
PlaywriteITModerna[wght].ttf,Playwrite IT Moderna,Latin,307,1280,1.749185667752443,1.65,2,True,False,False,True,False
PlaywriteITModernaGuides-Regular.ttf,Playwrite IT Moderna Guides,Latin,307,1245,1.749185667752443,1.65,2,True,False,False,True,False
PlaywriteITTrad[wght].ttf,Playwrite IT Trad,Latin,307,1286,1.749185667752443,1.84,2,True,False,False,True,False
PlaywriteITTradGuides-Regular.ttf,Playwrite IT Trad Guides,Latin,307,1232,1.749185667752443,1.84,2,True,False,False,True,False
PlaywriteMX[wght].ttf,Playwrite MX,Latin,307,1271,1.749185667752443,1.932,2,True,False,False,True,False
PlaywriteMXGuides-Regular.ttf,Playwrite MX Guides,Latin,307,1217,1.749185667752443,1.932,2,True,False,False,True,False
PlaywriteNGModern[wght].ttf,Playwrite NG Modern,Latin,307,1285,1.749185667752443,1.932,2,True,False,False,True,False
PlaywriteNGModernGuides-Regular.ttf,Playwrite NG Modern Guides,Latin,307,1249,1.749185667752443,1.932,2,True,False,False,True,False
PlaywriteNL[wght].ttf,Playwrite NL,Latin,307,1272,1.749185667752443,2.548,2,True,False,False,True,False
PlaywriteNLGuides-Regular.ttf,Playwrite NL Guides,Latin,307,1220,1.749185667752443,2.548,2,True,False,False,True,False
PlaywriteNO[wght].ttf,Playwrite NO,Latin,307,1284,1.749185667752443,1.864,2,True,False,False,True,False
PlaywriteNOGuides-Regular.ttf,Playwrite NO Guides,Latin,307,1233,1.749185667752443,1.864,2,True,False,False,True,False
PlaywriteNZ[wght].ttf,Playwrite NZ,Latin,307,1356,1.749185667752443,1.65,2,True,False,False,True,False
PlaywriteNZBasic[wght].ttf,Playwrite NZ Basic,Latin,307,1309,1.749185667752443,1.65,2,True,False,False,True,False
PlaywriteNZBasicGuides-Regular.ttf,Playwrite NZ Basic Guides,Latin,307,1286,1.749185667752443,1.65,2,True,False,False,True,False
PlaywriteNZGuides-Regular.ttf,Playwrite NZ Guides,Latin,307,1312,1.749185667752443,1.65,2,True,False,False,True,False
PlaywritePE[wght].ttf,Playwrite PE,Latin,307,1280,1.749185667752443,1.932,2,True,False,False,True,False
PlaywritePEGuides-Regular.ttf,Playwrite PE Guides,Latin,307,1226,1.749185667752443,1.932,2,True,False,False,True,False
PlaywritePL[wght].ttf,Playwrite PL,Latin,307,1277,1.749185667752443,1.901,2,True,False,False,True,False
PlaywritePLGuides-Regular.ttf,Playwrite PL Guides,Latin,307,1225,1.749185667752443,1.901,2,True,False,False,True,False
PlaywritePT[wght].ttf,Playwrite PT,Latin,307,1276,1.749185667752443,2.115,2,True,False,False,True,False
PlaywritePTGuides-Regular.ttf,Playwrite PT Guides,Latin,307,1222,1.749185667752443,2.115,2,True,False,False,True,False
PlaywriteRO[wght].ttf,Playwrite RO,Latin,307,1295,1.5993485342019544,1.932,2,True,False,False,True,False
PlaywriteROGuides-Regular.ttf,Playwrite RO Guides,Latin,307,1241,1.749185667752443,1.932,2,True,False,False,True,False
PlaywriteSK[wght].ttf,Playwrite SK,Latin,307,1313,1.5993485342019544,1.899,2,True,False,False,True,False
PlaywriteSKGuides-Regular.ttf,Playwrite SK Guides,Latin,307,1259,1.749185667752443,1.899,2,True,False,False,True,False
PlaywriteTZ[wght].ttf,Playwrite TZ,Latin,307,1272,1.749185667752443,1.932,2,True,False,False,True,False
PlaywriteTZGuides-Regular.ttf,Playwrite TZ Guides,Latin,307,1220,1.749185667752443,1.932,2,True,False,False,True,False
PlaywriteUSModern[wght].ttf,Playwrite US Modern,Latin,307,1284,1.749185667752443,1.792,2,True,False,False,True,False
PlaywriteUSModernGuides-Regular.ttf,Playwrite US Modern Guides,Latin,307,1249,1.749185667752443,1.792,2,True,False,False,True,False
PlaywriteUSTrad[wght].ttf,Playwrite US Trad,Latin,307,1276,1.749185667752443,1.932,2,True,False,False,True,False
PlaywriteUSTradGuides-Regular.ttf,Playwrite US Trad Guides,Latin,307,1222,1.749185667752443,1.932,2,True,False,False,True,False
PlaywriteVN[wght].ttf,Playwrite VN,Latin,307,1276,1.749185667752443,2.512,2,True,False,False,True,False
PlaywriteVNGuides-Regular.ttf,Playwrite VN Guides,Latin,307,1222,1.749185667752443,2.512,2,True,False,False,True,False
PlaywriteZA[wght].ttf,Playwrite ZA,Latin,307,1276,1.749185667752443,1.932,2,True,False,False,True,False
PlaywriteZAGuides-Regular.ttf,Playwrite ZA Guides,Latin,307,1223,1.749185667752443,1.932,2,True,False,False,True,False
PlusJakartaSans-Italic[wght].ttf,Plus Jakarta Sans,Latin,317,1188,1.5930599369085174,1.26,3,True,False,True,True,False
PlusJakartaSans[wght].ttf,Plus Jakarta Sans,Latin,317,1188,1.5930599369085174,1.26,3,True,False,True,True,False
Pochaevsk-Regular.ttf,Pochaevsk,Latin,197,522,1.2944162436548223,1.451,1,False,False,False,True,False
Pochaevsk-Regular.ttf,Pochaevsk,Cyrillic,128,522,1.296875,1.451,1,False,False,False,True,False
Podkova[wght].ttf,Podkova,Latin,317,962,1.444794952681388,1.108,2,False,False,True,True,False
Podkova[wght].ttf,Podkova,Cyrillic,236,962,1.444915254237288,1.108,2,False,False,True,True,False
PodkovaVFBeta.ttf,Podkova VF Beta,Latin,317,955,1.444794952681388,1.108,2,False,False,True,True,False
PodkovaVFBeta.ttf,Podkova VF Beta,Cyrillic,236,955,1.444915254237288,1.108,2,False,False,True,True,False
PoetsenOne-Regular.ttf,PoetsenOne,Latin,318,459,1.1477987421383649,1.2,1,False,False,True,False,False
PoiretOne-Regular.ttf,Poiret One,Latin,318,850,3.2169811320754715,1.17,2,False,False,True,True,False
PoiretOne-Regular.ttf,Poiret One,Cyrillic,200,850,3.25,1.17,2,False,False,True,True,False
PollerOne.ttf,Poller One,Latin,212,241,0.9952830188679245,1.1884765625,0,False,False,False,False,False
PoltawskiNowy-Italic[wght].ttf,Poltawski Nowy,Latin,316,1007,1.4462025316455696,1.3,2,False,False,True,True,False
PoltawskiNowy[wght].ttf,Poltawski Nowy,Latin,316,1068,1.4462025316455696,1.3,2,False,False,True,True,False
Poly-Italic.ttf,Poly,Latin,311,512,1.1479099678456592,1.188,1,False,False,True,False,False
Poly-Regular.ttf,Poly,Latin,301,585,1.149501661129568,1.188,1,False,False,True,False,False
Pompiere-Regular.ttf,Pompiere,Latin,233,271,1.0,1.2021484375,0,False,False,False,False,False
Ponnala-Regular.ttf,Ponnala,Latin,29,710,1.9655172413793103,1.7568359375,2,False,True,False,True,False
Ponnala-Regular.ttf,Ponnala,Telugu,93,710,1.978494623655914,1.7568359375,2,False,True,False,True,False
Ponomar-Regular.ttf,Ponomar,Latin,198,782,1.7323232323232323,1.61,2,False,False,True,True,False
Ponomar-Regular.ttf,Ponomar,Cyrillic,154,782,1.7467532467532467,1.61,2,False,False,True,True,False
PontanoSans[wght].ttf,Pontano Sans,Latin,317,512,1.444794952681388,1.28125,2,False,False,True,True,False
PoorStory-Regular.ttf,Poor Story,Latin,115,11724,1.0,1.25,0,False,False,False,False,False
Poppins-Black.ttf,Poppins Black,Latin,300,1060,5.65,1.5,2,False,True,False,True,False
Poppins-Black.ttf,Poppins Black,Devanagari,94,1060,5.617021276595745,1.5,2,False,True,False,True,False
Poppins-BlackItalic.ttf,Poppins Black,Latin,300,1060,5.65,1.5,2,False,True,False,True,False
Poppins-BlackItalic.ttf,Poppins Black,Devanagari,94,1060,5.617021276595745,1.5,2,False,True,False,True,False
Poppins-Bold.ttf,Poppins,Latin,300,1060,5.65,1.5,2,False,True,False,True,False
Poppins-Bold.ttf,Poppins,Devanagari,94,1060,5.617021276595745,1.5,2,False,True,False,True,False
Poppins-BoldItalic.ttf,Poppins,Latin,300,1060,5.65,1.5,2,False,True,False,True,False
Poppins-BoldItalic.ttf,Poppins,Devanagari,94,1060,5.617021276595745,1.5,2,False,True,False,True,False
Poppins-ExtraBold.ttf,Poppins ExtraBold,Latin,300,1060,5.65,1.5,2,False,True,False,True,False
Poppins-ExtraBold.ttf,Poppins ExtraBold,Devanagari,94,1060,5.617021276595745,1.5,2,False,True,False,True,False
Poppins-ExtraBoldItalic.ttf,Poppins ExtraBold,Latin,300,1060,5.65,1.5,2,False,True,False,True,False
Poppins-ExtraBoldItalic.ttf,Poppins ExtraBold,Devanagari,94,1060,5.617021276595745,1.5,2,False,True,False,True,False
Poppins-ExtraLight.ttf,Poppins ExtraLight,Latin,300,1060,5.65,1.5,2,False,True,False,True,False
Poppins-ExtraLight.ttf,Poppins ExtraLight,Devanagari,94,1060,5.617021276595745,1.5,2,False,True,False,True,False
Poppins-ExtraLightItalic.ttf,Poppins ExtraLight,Latin,300,1060,5.65,1.5,2,False,True,False,True,False
Poppins-ExtraLightItalic.ttf,Poppins ExtraLight,Devanagari,94,1060,5.617021276595745,1.5,2,False,True,False,True,False
Poppins-Italic.ttf,Poppins,Latin,300,1060,5.65,1.5,2,False,True,False,True,False
Poppins-Italic.ttf,Poppins,Devanagari,94,1060,5.617021276595745,1.5,2,False,True,False,True,False
Poppins-Light.ttf,Poppins Light,Latin,300,1060,5.65,1.5,2,False,True,False,True,False
Poppins-Light.ttf,Poppins Light,Devanagari,94,1060,5.617021276595745,1.5,2,False,True,False,True,False
Poppins-LightItalic.ttf,Poppins Light,Latin,300,1060,5.65,1.5,2,False,True,False,True,False
Poppins-LightItalic.ttf,Poppins Light,Devanagari,94,1060,5.617021276595745,1.5,2,False,True,False,True,False
Poppins-Medium.ttf,Poppins Medium,Latin,300,1060,5.65,1.5,2,False,True,False,True,False
Poppins-Medium.ttf,Poppins Medium,Devanagari,94,1060,5.617021276595745,1.5,2,False,True,False,True,False
Poppins-MediumItalic.ttf,Poppins Medium,Latin,300,1060,5.65,1.5,2,False,True,False,True,False
Poppins-MediumItalic.ttf,Poppins Medium,Devanagari,94,1060,5.617021276595745,1.5,2,False,True,False,True,False
Poppins-Regular.ttf,Poppins,Latin,300,1060,5.65,1.5,2,False,True,False,True,False
Poppins-Regular.ttf,Poppins,Devanagari,94,1060,5.617021276595745,1.5,2,False,True,False,True,False
Poppins-SemiBold.ttf,Poppins SemiBold,Latin,300,1060,5.65,1.5,2,False,True,False,True,False
Poppins-SemiBold.ttf,Poppins SemiBold,Devanagari,94,1060,5.617021276595745,1.5,2,False,True,False,True,False
Poppins-SemiBoldItalic.ttf,Poppins SemiBold,Latin,300,1060,5.65,1.5,2,False,True,False,True,False
Poppins-SemiBoldItalic.ttf,Poppins SemiBold,Devanagari,94,1060,5.617021276595745,1.5,2,False,True,False,True,False
Poppins-Thin.ttf,Poppins Thin,Latin,300,1060,5.65,1.5,2,False,True,False,True,False
Poppins-Thin.ttf,Poppins Thin,Devanagari,94,1060,5.617021276595745,1.5,2,False,True,False,True,False
Poppins-ThinItalic.ttf,Poppins Thin,Latin,300,1060,5.65,1.5,2,False,True,False,True,False
Poppins-ThinItalic.ttf,Poppins Thin,Devanagari,94,1060,5.617021276595745,1.5,2,False,True,False,True,False
PorterSansBlock-Regular.ttf,Porter Sans Block,Latin,183,209,1.0,1.0,0,False,False,False,False,False
PortLligatSans-Regular.ttf,Port Lligat Sans,Latin,201,266,1.0,1.071,0,False,False,False,False,False
PortLligatSlab-Regular.ttf,Port Lligat Slab,Latin,198,262,1.0,1.071,0,False,False,False,False,False
PottaOne-Regular.ttf,Potta One,Latin,318,7365,1.4433962264150944,1.0,1,False,False,True,False,False
PottaOne-Regular.ttf,Potta One,Katakana,94,7365,1.446808510638298,1.0,1,False,False,True,False,False
PottaOne-Regular.ttf,Potta One,Han,6356,7365,1.4498112020138452,1.0,1,False,False,True,False,False
PragatiNarrow-Bold.ttf,Pragati Narrow,Latin,321,1180,6.682242990654205,1.692,3,False,True,True,True,False
PragatiNarrow-Bold.ttf,Pragati Narrow,Devanagari,156,1180,6.602564102564102,1.692,3,False,True,True,True,False
PragatiNarrow-Regular.ttf,Pragati Narrow,Latin,321,1180,6.682242990654205,1.692,3,False,True,True,True,False
PragatiNarrow-Regular.ttf,Pragati Narrow,Devanagari,156,1180,6.602564102564102,1.692,3,False,True,True,True,False
Praise-Regular.ttf,Praise,Latin,316,3314,1.8924050632911393,1.2,3,True,False,True,True,False
Prata-Regular.ttf,Prata,Latin,204,560,1.8823529411764706,1.355,2,False,False,True,True,False
Prata-Regular.ttf,Prata,Cyrillic,182,560,1.89010989010989,1.355,2,False,False,True,True,False
Preahvihear-Regular.ttf,Preahvihear,Latin,98,360,1.2857142857142858,1.806640625,1,False,True,False,False,False
PressStart2P-Regular.ttf,Press Start 2P,Latin,319,658,1.884012539184953,1.0,1,False,False,True,False,False
PressStart2P-Regular.ttf,Press Start 2P,Cyrillic,184,658,1.8804347826086956,1.0,1,False,False,True,False,False
Pridi-Bold.ttf,Pridi,Latin,318,773,2.1823899371069184,1.2,2,False,False,True,True,False
Pridi-ExtraLight.ttf,Pridi,Latin,318,773,2.1823899371069184,1.2,2,False,False,True,True,False
Pridi-Light.ttf,Pridi,Latin,318,773,2.1823899371069184,1.2,2,False,False,True,True,False
Pridi-Medium.ttf,Pridi,Latin,318,773,2.1823899371069184,1.2,2,False,False,True,True,False
Pridi-Regular.ttf,Pridi,Latin,318,773,2.1823899371069184,1.2,2,False,False,True,True,False
Pridi-SemiBold.ttf,Pridi,Latin,318,773,2.1823899371069184,1.2,2,False,False,True,True,False
PrincessSofia-Regular.ttf,Princess Sofia,Latin,200,230,1.0,1.546875,0,False,False,False,False,False
Prociono-Regular.ttf,Prociono,Latin,266,333,1.2932330827067668,1.22,1,False,False,True,False,False
Prompt-Black.ttf,Prompt,Latin,318,773,2.1823899371069184,1.2,2,False,False,True,True,False
Prompt-BlackItalic.ttf,Prompt,Latin,318,773,2.1823899371069184,1.2,2,False,False,True,True,False
Prompt-Bold.ttf,Prompt,Latin,318,773,2.1823899371069184,1.2,2,False,False,True,True,False
Prompt-BoldItalic.ttf,Prompt,Latin,318,773,2.1823899371069184,1.2,2,False,False,True,True,False
Prompt-ExtraBold.ttf,Prompt,Latin,318,773,2.1823899371069184,1.2,2,False,False,True,True,False
Prompt-ExtraBoldItalic.ttf,Prompt,Latin,318,773,2.1823899371069184,1.2,2,False,False,True,True,False
Prompt-ExtraLight.ttf,Prompt,Latin,318,773,2.1823899371069184,1.2,2,False,False,True,True,False
Prompt-ExtraLightItalic.ttf,Prompt,Latin,318,773,2.1823899371069184,1.2,2,False,False,True,True,False
Prompt-Italic.ttf,Prompt,Latin,318,773,2.1823899371069184,1.2,2,False,False,True,True,False
Prompt-Light.ttf,Prompt,Latin,318,773,2.1823899371069184,1.2,2,False,False,True,True,False
Prompt-LightItalic.ttf,Prompt,Latin,318,773,2.1823899371069184,1.2,2,False,False,True,True,False
Prompt-Medium.ttf,Prompt,Latin,318,773,2.1823899371069184,1.2,2,False,False,True,True,False
Prompt-MediumItalic.ttf,Prompt,Latin,318,773,2.1823899371069184,1.2,2,False,False,True,True,False
Prompt-Regular.ttf,Prompt,Latin,318,773,2.1823899371069184,1.2,2,False,False,True,True,False
Prompt-SemiBold.ttf,Prompt,Latin,318,773,2.1823899371069184,1.2,2,False,False,True,True,False
Prompt-SemiBoldItalic.ttf,Prompt,Latin,318,773,2.1823899371069184,1.2,2,False,False,True,True,False
Prompt-Thin.ttf,Prompt,Latin,318,773,2.1823899371069184,1.2,2,False,False,True,True,False
Prompt-ThinItalic.ttf,Prompt,Latin,318,773,2.1823899371069184,1.2,2,False,False,True,True,False
ProstoOne-Regular.ttf,Prosto One,Latin,278,405,0.9964028776978417,1.235,0,False,False,False,False,False
ProstoOne-Regular.ttf,Prosto One,Cyrillic,94,405,1.0,1.235,0,False,False,False,False,False
ProtestGuerrilla-Regular.ttf,Protest Guerrilla,Latin,315,577,1.4476190476190476,1.2,2,False,False,True,True,False
ProtestRevolution-Regular.ttf,Protest Revolution,Latin,315,575,1.4476190476190476,1.2,2,False,False,True,True,False
ProtestRiot-Regular.ttf,Protest Riot,Latin,315,588,1.4476190476190476,1.2,2,False,False,True,True,False
ProtestStrike-Regular.ttf,Protest Strike,Latin,315,587,1.4476190476190476,1.2,2,False,False,True,True,False
ProzaLibre-Bold.ttf,Proza Libre,Latin,277,348,1.0,1.357421875,0,False,False,False,False,False
ProzaLibre-BoldItalic.ttf,Proza Libre,Latin,277,348,1.0,1.357421875,0,False,False,False,False,False
ProzaLibre-ExtraBold.ttf,Proza Libre,Latin,277,348,1.0,1.365234375,0,False,False,False,False,False
ProzaLibre-ExtraBoldItalic.ttf,Proza Libre,Latin,277,348,1.0,1.357421875,0,False,False,False,False,False
ProzaLibre-Italic.ttf,Proza Libre,Latin,277,348,1.0,1.357421875,0,False,False,False,False,False
ProzaLibre-Medium.ttf,Proza Libre,Latin,277,348,1.0,1.357421875,0,False,False,False,False,False
ProzaLibre-MediumItalic.ttf,Proza Libre,Latin,277,348,1.0,1.357421875,0,False,False,False,False,False
ProzaLibre-Regular.ttf,Proza Libre,Latin,277,348,1.0,1.365234375,0,False,False,False,False,False
ProzaLibre-SemiBold.ttf,Proza Libre,Latin,277,348,1.0,1.357421875,0,False,False,False,False,False
ProzaLibre-SemiBoldItalic.ttf,Proza Libre,Latin,277,348,1.0,1.357421875,0,False,False,False,False,False
PTM55FT.ttf,PT Mono,Latin,291,808,1.8865979381443299,1.12,1,False,False,True,False,False
PTM55FT.ttf,PT Mono,Cyrillic,220,808,1.9,1.12,1,False,False,True,False,False
PT_Sans-Web-Bold.ttf,PT Sans,Latin,291,720,2.7731958762886597,1.294,1,False,False,True,False,False
PT_Sans-Web-Bold.ttf,PT Sans,Cyrillic,220,720,2.8,1.294,1,False,False,True,False,False
PT_Sans-Web-BoldItalic.ttf,PT Sans,Latin,291,721,2.7731958762886597,1.294,1,False,False,True,False,False
PT_Sans-Web-BoldItalic.ttf,PT Sans,Cyrillic,220,721,2.8,1.294,1,False,False,True,False,False
PT_Sans-Web-Italic.ttf,PT Sans,Latin,291,721,2.7731958762886597,1.294,1,False,False,True,False,False
PT_Sans-Web-Italic.ttf,PT Sans,Cyrillic,220,721,2.8,1.294,1,False,False,True,False,False
PT_Sans-Web-Regular.ttf,PT Sans,Latin,291,720,2.7731958762886597,1.294,1,False,False,True,False,False
PT_Sans-Web-Regular.ttf,PT Sans,Cyrillic,220,720,2.8,1.294,1,False,False,True,False,False
PT_Sans-Caption-Web-Bold.ttf,PT Sans Caption,Latin,291,720,2.7731958762886597,1.294,1,False,False,True,False,False
PT_Sans-Caption-Web-Bold.ttf,PT Sans Caption,Cyrillic,220,720,2.8,1.294,1,False,False,True,False,False
PT_Sans-Caption-Web-Regular.ttf,PT Sans Caption,Latin,291,720,2.7731958762886597,1.294,1,False,False,True,False,False
PT_Sans-Caption-Web-Regular.ttf,PT Sans Caption,Cyrillic,220,720,2.8,1.294,1,False,False,True,False,False
PT_Sans-Narrow-Web-Bold.ttf,PT Sans Narrow,Latin,291,720,2.7731958762886597,1.294,1,False,False,True,False,False
PT_Sans-Narrow-Web-Bold.ttf,PT Sans Narrow,Cyrillic,220,720,2.8,1.294,1,False,False,True,False,False
PT_Sans-Narrow-Web-Regular.ttf,PT Sans Narrow,Latin,291,720,2.7731958762886597,1.294,1,False,False,True,False,False
PT_Sans-Narrow-Web-Regular.ttf,PT Sans Narrow,Cyrillic,220,720,2.8,1.294,1,False,False,True,False,False
PT_Serif-Web-Bold.ttf,PT Serif,Latin,291,719,2.7731958762886597,1.325,1,False,False,True,False,False
PT_Serif-Web-Bold.ttf,PT Serif,Cyrillic,220,719,2.8,1.325,1,False,False,True,False,False
PT_Serif-Web-BoldItalic.ttf,PT Serif,Latin,291,719,2.7731958762886597,1.325,1,False,False,True,False,False
PT_Serif-Web-BoldItalic.ttf,PT Serif,Cyrillic,220,719,2.8,1.325,1,False,False,True,False,False
PT_Serif-Web-Italic.ttf,PT Serif,Latin,291,719,2.7731958762886597,1.325,1,False,False,True,False,False
PT_Serif-Web-Italic.ttf,PT Serif,Cyrillic,220,719,2.8,1.325,1,False,False,True,False,False
PT_Serif-Web-Regular.ttf,PT Serif,Latin,291,719,2.7731958762886597,1.325,1,False,False,True,False,False
PT_Serif-Web-Regular.ttf,PT Serif,Cyrillic,220,719,2.8,1.325,1,False,False,True,False,False
PT_Serif-Caption-Web-Italic.ttf,PT Serif Caption,Latin,291,720,2.7731958762886597,1.325,1,False,False,True,False,False
PT_Serif-Caption-Web-Italic.ttf,PT Serif Caption,Cyrillic,220,720,2.8,1.325,1,False,False,True,False,False
PT_Serif-Caption-Web-Regular.ttf,PT Serif Caption,Latin,291,719,2.7731958762886597,1.325,1,False,False,True,False,False
PT_Serif-Caption-Web-Regular.ttf,PT Serif Caption,Cyrillic,220,719,2.8,1.325,1,False,False,True,False,False
PublicSans-Italic[wght].ttf,Public Sans Thin,Latin,317,648,1.5930599369085174,1.175,3,True,False,True,True,False
PublicSans[wght].ttf,Public Sans Thin,Latin,317,648,1.5930599369085174,1.175,3,True,False,True,True,False
PuppiesPlay-Regular.ttf,Puppies Play,Latin,316,633,1.5949367088607596,1.0,2,False,False,True,True,False
Puritan-Bold.ttf,Puritan,Latin,194,237,1.0,1.125,0,False,False,False,False,False
Puritan-BoldItalic.ttf,Puritan,Latin,194,237,1.0,1.125,0,False,False,False,False,False
Puritan-Italic.ttf,Puritan,Latin,194,237,1.0,1.109375,0,False,False,False,False,False
Puritan-Regular.ttf,Puritan,Latin,194,237,1.0,1.109375,0,False,False,False,False,False
PurplePurse-Regular.ttf,Purple Purse,Latin,318,368,1.1477987421383649,1.25,1,False,False,True,False,False
Pushster-Regular.ttf,Lobster,Latin,321,1174,9.373831775700934,1.25,3,True,False,True,True,False
Pushster-Regular.ttf,Lobster,Cyrillic,182,1174,9.307692307692308,1.25,3,True,False,True,True,False
Qahiri-Regular.ttf,Qahiri,Latin,89,548,1.2921348314606742,1.1333333333333333,3,True,False,False,True,True
Qahiri-Regular.ttf,Qahiri,Arabic,88,548,1.8863636363636365,1.1333333333333333,3,True,False,False,True,True
Quando-Regular.ttf,Quando,Latin,338,425,1.0,1.25,0,False,False,False,False,False
Quantico-Bold.ttf,Quantico,Latin,210,268,1.0,1.43,0,False,False,False,False,False
Quantico-BoldItalic.ttf,Quantico,Latin,210,268,1.0,1.43,0,False,False,False,False,False
Quantico-Italic.ttf,Quantico,Latin,210,268,1.0,1.43,0,False,False,False,False,False
Quantico-Regular.ttf,Quantico,Latin,210,268,1.0,1.43,0,False,False,False,False,False
Quattrocento-Bold.ttf,Quattrocento,Latin,207,249,1.1497584541062802,1.108,1,False,False,True,False,False
Quattrocento-Regular.ttf,Quattrocento,Latin,207,249,1.1497584541062802,1.108,1,False,False,True,False,False
QuattrocentoSans-Bold.ttf,Quattrocento Sans,Latin,204,243,1.1470588235294117,1.108,1,False,False,True,False,False
QuattrocentoSans-BoldItalic.ttf,Quattrocento Sans,Latin,205,244,1.146341463414634,1.108,1,False,False,True,False,False
QuattrocentoSans-Italic.ttf,Quattrocento Sans,Latin,204,245,1.1470588235294117,1.108,1,False,False,True,False,False
QuattrocentoSans-Regular.ttf,Quattrocento Sans,Latin,204,243,1.1470588235294117,1.108,1,False,False,True,False,False
Questrial-Regular.ttf,Questrial,Latin,317,1351,1.5930599369085174,1.03,2,False,False,True,True,False
Quicksand[wght].ttf,Quicksand Light,Latin,319,812,1.5893416927899686,1.25,2,False,False,True,True,False
Quintessential-Regular.ttf,Quintessential,Latin,318,371,1.1477987421383649,1.533203125,1,False,False,True,False,False
Qwigley-Regular.ttf,Qwigley,Latin,290,473,1.296551724137931,1.25,1,False,False,False,True,False
QwitcherGrypen-Bold.ttf,Qwitcher Grypen,Latin,317,619,1.444794952681388,1.1,2,False,False,True,True,False
QwitcherGrypen-Regular.ttf,Qwitcher Grypen,Latin,317,619,1.444794952681388,1.1,2,False,False,True,True,False
RacingSansOne-Regular.ttf,Racing Sans One,Latin,318,474,1.2955974842767295,1.26,1,False,False,True,False,False
"RadioCanada-Italic[wdth,wght].ttf",Radio Canada,Latin,317,1594,1.7413249211356467,1.2,2,False,False,True,True,False
"RadioCanada[wdth,wght].ttf",Radio Canada,Latin,318,1638,1.7389937106918238,1.2,3,True,False,True,True,False
RadioCanadaBig-Italic[wght].ttf,Radio Canada Big,Latin,318,476,1.5911949685534592,1.3,2,False,False,True,True,False
RadioCanadaBig[wght].ttf,Radio Canada Big,Latin,317,477,1.5930599369085174,1.3,2,False,False,True,True,False
Radley-Italic.ttf,Radley,Latin,297,375,1.7407407407407407,1.263671875,2,False,False,True,True,False
Radley-Regular.ttf,Radley,Latin,299,385,2.471571906354515,1.263671875,2,False,False,True,True,False
Rajdhani-Bold.ttf,Rajdhani,Latin,303,1100,2.633663366336634,1.276,2,False,True,False,True,False
Rajdhani-Bold.ttf,Rajdhani,Devanagari,102,1100,2.6176470588235294,1.276,2,False,True,False,True,False
Rajdhani-Light.ttf,Rajdhani,Latin,303,1100,2.633663366336634,1.276,2,False,True,False,True,False
Rajdhani-Light.ttf,Rajdhani,Devanagari,102,1100,2.6176470588235294,1.276,2,False,True,False,True,False
Rajdhani-Medium.ttf,Rajdhani,Latin,303,1100,2.633663366336634,1.276,2,False,True,False,True,False
Rajdhani-Medium.ttf,Rajdhani,Devanagari,102,1100,2.6176470588235294,1.276,2,False,True,False,True,False
Rajdhani-Regular.ttf,Rajdhani,Latin,303,1100,2.633663366336634,1.276,2,False,True,False,True,False
Rajdhani-Regular.ttf,Rajdhani,Devanagari,102,1100,2.6176470588235294,1.276,2,False,True,False,True,False
Rajdhani-SemiBold.ttf,Rajdhani,Latin,303,1100,2.633663366336634,1.276,2,False,True,False,True,False
Rajdhani-SemiBold.ttf,Rajdhani,Devanagari,102,1100,2.6176470588235294,1.276,2,False,True,False,True,False
Rakkas-Regular.ttf,Rakkas,Latin,280,926,6.7,1.491,4,True,False,True,True,True
Rakkas-Regular.ttf,Rakkas,Arabic,278,926,6.60431654676259,1.491,4,True,False,True,True,True
Raleway-Italic[wght].ttf,Raleway Thin,Latin,320,1063,1.6,1.174,2,False,False,True,True,False
Raleway-Italic[wght].ttf,Raleway Thin,Cyrillic,238,1063,1.588235294117647,1.174,2,False,False,True,True,False
Raleway[wght].ttf,Raleway Thin,Latin,320,1071,1.6,1.174,2,False,False,True,True,False
Raleway[wght].ttf,Raleway Thin,Cyrillic,238,1071,1.588235294117647,1.174,2,False,False,True,True,False
RalewayDots-Regular.ttf,Raleway Dots,Latin,317,460,1.2965299684542586,1.131,1,False,False,True,False,False
Ramabhadra-Regular.ttf,Ramabhadra,Latin,104,1235,1.8653846153846154,1.8975903614457832,1,False,True,False,False,False
Ramabhadra-Regular.ttf,Ramabhadra,Telugu,94,1235,1.8936170212765957,1.8975903614457832,1,False,True,False,False,False
Ramaraja-Regular.ttf,Ramaraja,Latin,112,1650,2.0,1.7133333333333334,2,False,True,False,True,False
Ramaraja-Regular.ttf,Ramaraja,Telugu,93,1650,1.978494623655914,1.7133333333333334,2,False,True,False,True,False
Rambla-Bold.ttf,Rambla,Latin,202,249,1.0,1.224,0,False,False,False,False,False
Rambla-BoldItalic.ttf,Rambla,Latin,202,249,1.0,1.224,0,False,False,False,False,False
Rambla-Italic.ttf,Rambla,Latin,202,248,1.0,1.224,0,False,False,False,False,False
Rambla-Regular.ttf,Rambla,Latin,202,248,1.0,1.224,0,False,False,False,False,False
RammettoOne-Regular.ttf,Rammetto One,Latin,294,384,1.2993197278911566,1.68896484375,2,False,False,True,True,False
RampartOne-Regular.ttf,Rampart One,Latin,202,9360,1.4455445544554455,1.0,1,False,False,True,False,False
RampartOne-Regular.ttf,Rampart One,Cyrillic,66,9360,1.4090909090909092,1.0,1,False,False,True,False,False
RampartOne-Regular.ttf,Rampart One,Katakana,94,9360,1.446808510638298,1.0,1,False,False,True,False,False
RampartOne-Regular.ttf,Rampart One,Han,6758,9360,1.4492453388576503,1.0,1,False,False,True,False,False
Ramsina-Regular.ttf,Ramsina,Latin,199,538,2.1658291457286434,1.09814453125,4,True,False,True,True,True
Ranchers-Regular.ttf,Ranchers,Latin,318,446,1.1477987421383649,1.25,1,False,False,True,False,False
Ranga-Bold.ttf,Ranga,Latin,275,710,2.64,1.463029756537421,3,False,True,False,True,True
Ranga-Bold.ttf,Ranga,Devanagari,155,710,2.632258064516129,1.463029756537421,3,False,True,False,True,True
Ranga-Regular.ttf,Ranga,Latin,275,710,2.64,1.463029756537421,3,False,True,False,True,True
Ranga-Regular.ttf,Ranga,Devanagari,155,710,2.632258064516129,1.463029756537421,3,False,True,False,True,True
Rasa-Italic[wght].ttf,Rasa,Latin,319,882,1.5893416927899686,1.218,3,True,False,True,True,False
Rasa[wght].ttf,Rasa,Latin,319,1331,3.2100313479623823,1.218,4,True,True,True,True,False
Rationale-Regular.ttf,Rationale,Latin,194,218,1.0,1.153,0,False,False,False,False,False
RaviPrakash-Regular.ttf,Ravi Prakash,Latin,128,834,2.0390625,1.583984375,2,False,True,False,True,False
RaviPrakash-Regular.ttf,Ravi Prakash,Telugu,93,834,1.978494623655914,1.583984375,2,False,True,False,True,False
"ReadexPro[HEXP,wght].ttf",Readex Pro,Latin,319,1061,2.1786833855799372,1.25,4,True,False,True,True,True
"ReadexPro[HEXP,wght].ttf",Readex Pro,Arabic,75,1061,2.1733333333333333,1.25,4,True,False,True,True,True
"Recursive[CASL,CRSV,MONO,slnt,wght].ttf",Recursive Sans Linear Light,Latin,319,1304,1.4420062695924765,1.2,2,False,False,True,True,False
Redacted-Regular.ttf,Redacted,Latin,276,332,1.0,1.0,0,False,False,False,False,False
RedactedScript-Bold.ttf,Redacted Script,Latin,276,331,1.0,1.0,0,False,False,False,False,False
RedactedScript-Light.ttf,Redacted Script Light,Latin,276,331,1.0,1.0,0,False,False,False,False,False
RedactedScript-Regular.ttf,Redacted Script,Latin,276,331,1.0,1.0,0,False,False,False,False,False
RedditMono[wght].ttf,Reddit Mono,Latin,315,1106,1.4476190476190476,1.298828125,2,False,False,True,True,False
RedditSans-Italic[wght].ttf,Reddit Sans,Latin,315,1064,1.596825396825397,1.298828125,2,False,False,True,True,False
RedditSans[wght].ttf,Reddit Sans,Latin,315,1079,1.596825396825397,1.298828125,2,False,False,True,True,False
RedditSansCondensed[wght].ttf,Reddit Sans Condensed,Latin,315,1079,1.596825396825397,1.298828125,2,False,False,True,True,False
RedHatDisplay-Italic[wght].ttf,Red Hat Display,Latin,315,449,1.4476190476190476,1.323,4,True,False,True,True,True
RedHatDisplay[wght].ttf,Red Hat Display,Latin,315,451,1.4476190476190476,1.323,4,True,False,True,True,True
RedHatMono-Italic[wght].ttf,Red Hat Mono,Latin,315,441,1.2984126984126985,1.323,3,True,False,False,True,True
RedHatMono[wght].ttf,Red Hat Mono,Latin,315,441,1.2984126984126985,1.323,3,True,False,False,True,True
RedHatText-Italic[wght].ttf,Red Hat Text,Latin,315,450,1.4476190476190476,1.323,4,True,False,True,True,True
RedHatText[wght].ttf,Red Hat Text,Latin,315,450,1.4476190476190476,1.323,4,True,False,True,True,True
RedRose[wght].ttf,Red Rose,Latin,319,638,1.5893416927899686,1.249,2,False,False,True,True,False
ReemKufi[wght].ttf,Reem Kufi,Latin,313,815,1.731629392971246,1.5,4,True,False,True,True,True
ReemKufi[wght].ttf,Reem Kufi,Arabic,119,815,1.6134453781512605,1.5,4,True,False,True,True,True
ReemKufiFun[wght].ttf,Reem Kufi Fun,Latin,313,1457,1.731629392971246,1.5,4,True,False,True,True,True
ReemKufiFun[wght].ttf,Reem Kufi Fun,Arabic,119,1457,1.6134453781512605,1.5,4,True,False,True,True,True
ReemKufiInk-Regular.ttf,Reem Kufi Ink,Latin,313,1004,1.731629392971246,1.5,4,True,False,True,True,True
ReemKufiInk-Regular.ttf,Reem Kufi Ink,Arabic,119,1004,1.6134453781512605,1.5,4,True,False,True,True,True
ReenieBeanie.ttf,Reenie Beanie,Latin,271,318,1.0,1.0,0,False,False,False,False,False
ReggaeOne-Regular.ttf,Reggae One,Latin,202,9362,1.4455445544554455,1.0,1,False,False,True,False,False
ReggaeOne-Regular.ttf,Reggae One,Cyrillic,66,9362,1.4090909090909092,1.0,1,False,False,True,False,False
ReggaeOne-Regular.ttf,Reggae One,Katakana,94,9362,1.446808510638298,1.0,1,False,False,True,False,False
ReggaeOne-Regular.ttf,Reggae One,Han,6758,9362,1.4492453388576503,1.0,1,False,False,True,False,False
REM-Italic[wght].ttf,REM Medium,Latin,319,982,1.2946708463949843,1.25,2,False,False,True,True,False
REM[wght].ttf,REM Medium,Latin,319,982,1.4420062695924765,1.25,2,False,False,True,True,False
RethinkSans-Italic[wght].ttf,Rethink Sans,Latin,304,494,1.444078947368421,1.302,2,False,False,True,True,False
RethinkSans[wght].ttf,Rethink Sans,Latin,304,494,1.444078947368421,1.302,2,False,False,True,True,False
Revalia-Regular.ttf,Revalia,Latin,194,221,0.9948453608247423,1.234375,0,False,False,False,False,False
RhodiumLibre-Regular.ttf,Rhodium Libre,Latin,277,815,11.212996389891696,2.415,4,True,True,True,True,False
RhodiumLibre-Regular.ttf,Rhodium Libre,Devanagari,124,815,11.016129032258064,2.415,4,True,True,True,True,False
Ribeye-Regular.ttf,Ribeye,Latin,318,372,1.1477987421383649,1.3662109375,1,False,False,True,False,False
RibeyeMarrow-Regular.ttf,Ribeye Marrow,Latin,318,372,1.1477987421383649,1.3662109375,1,False,False,True,False,False
Righteous-Regular.ttf,Righteous,Latin,318,372,1.0,1.24169921875,0,False,False,False,False,False
Risque-Regular.ttf,Risque,Latin,318,375,1.1477987421383649,1.15576171875,1,False,False,True,False,False
RoadRage-Regular.ttf,Road Rage,Latin,317,642,1.444794952681388,1.1,2,False,False,True,True,False
"Roboto-Italic[wdth,wght].ttf",Roboto,Latin,322,1326,1.5962732919254659,1.0498046875,3,False,False,True,True,True
"Roboto-Italic[wdth,wght].ttf",Roboto,Cyrillic,275,1326,1.5963636363636364,1.0498046875,3,False,False,True,True,True
"Roboto[wdth,wght].ttf",Roboto,Latin,322,1326,1.5962732919254659,1.0498046875,3,False,False,True,True,True
"Roboto[wdth,wght].ttf",Roboto,Cyrillic,275,1326,1.5963636363636364,1.0498046875,3,False,False,True,True,True
RobotoCondensed-Italic[wght].ttf,Roboto Condensed,Latin,322,1321,1.7453416149068324,1.0498046875,2,False,False,True,False,True
RobotoCondensed-Italic[wght].ttf,Roboto Condensed,Cyrillic,275,1321,1.7454545454545454,1.0498046875,2,False,False,True,False,True
RobotoCondensed[wght].ttf,Roboto Condensed,Latin,322,1321,1.7453416149068324,1.0498046875,2,False,False,True,False,True
RobotoCondensed[wght].ttf,Roboto Condensed,Cyrillic,275,1321,1.7454545454545454,1.0498046875,2,False,False,True,False,True
"RobotoFlex[GRAD,XOPQ,XTRA,YOPQ,YTAS,YTDE,YTFI,YTLC,YTUC,opsz,slnt,wdth,wght].ttf",Roboto Flex,Latin,320,948,1.15,1.171875,3,False,False,True,True,True
"RobotoFlex[GRAD,XOPQ,XTRA,YOPQ,YTAS,YTDE,YTFI,YTLC,YTUC,opsz,slnt,wdth,wght].ttf",Roboto Flex,Cyrillic,152,948,1.144736842105263,1.171875,3,False,False,True,True,True
RobotoMono-Italic[wght].ttf,Roboto Mono,Latin,320,1006,1.0,1.31884765625,1,False,False,False,False,True
RobotoMono-Italic[wght].ttf,Roboto Mono,Cyrillic,275,1006,1.0,1.31884765625,1,False,False,False,False,True
RobotoMono[wght].ttf,Roboto Mono,Latin,320,1006,1.0,1.31884765625,1,False,False,False,False,True
RobotoMono[wght].ttf,Roboto Mono,Cyrillic,275,1006,1.0,1.31884765625,1,False,False,False,False,True
"RobotoSerif-Italic[GRAD,opsz,wdth,wght].ttf",Roboto Serif 20pt,Latin,319,1243,1.1473354231974922,1.171,2,False,False,True,True,False
"RobotoSerif-Italic[GRAD,opsz,wdth,wght].ttf",Roboto Serif 20pt,Cyrillic,156,1243,1.1474358974358974,1.171,2,False,False,True,True,False
"RobotoSerif[GRAD,opsz,wdth,wght].ttf",Roboto Serif 20pt,Latin,319,1264,1.1473354231974922,1.171,2,False,False,True,True,False
"RobotoSerif[GRAD,opsz,wdth,wght].ttf",Roboto Serif 20pt,Cyrillic,156,1264,1.1474358974358974,1.171,2,False,False,True,True,False
Rock3D-Regular.ttf,Rock 3D,Latin,98,411,1.0,1.0,0,False,False,False,False,False
Rock3D-Regular.ttf,Rock 3D,Katakana,93,411,1.0,1.0,0,False,False,False,False,False
RocknRollOne-Regular.ttf,RocknRoll One,Latin,202,9362,1.4455445544554455,1.0,1,False,False,True,False,False
RocknRollOne-Regular.ttf,RocknRoll One,Cyrillic,66,9362,1.4090909090909092,1.0,1,False,False,True,False,False
RocknRollOne-Regular.ttf,RocknRoll One,Katakana,94,9362,1.446808510638298,1.0,1,False,False,True,False,False
RocknRollOne-Regular.ttf,RocknRoll One,Han,6758,9362,1.4492453388576503,1.0,1,False,False,True,False,False
Rokkitt-Italic[wght].ttf,Rokkitt SemiBold,Latin,320,735,1.45,1.137,2,False,False,True,True,False
Rokkitt[wght].ttf,Rokkitt SemiBold,Latin,320,749,1.45,1.137,2,False,False,True,True,False
RokkittVFBeta.ttf,Rokkitt,Latin,320,714,2.8,1.137,2,False,False,True,True,False
Romanesco-Regular.ttf,Romanesco,Latin,318,370,1.1477987421383649,1.14697265625,1,False,False,True,False,False
RopaSans-Italic.ttf,Ropa Sans,Latin,278,349,1.7374100719424461,1.072,2,False,False,True,True,False
RopaSans-Regular.ttf,Ropa Sans,Latin,278,349,1.7374100719424461,1.072,2,False,False,True,True,False
Rosario-Italic[wght].ttf,Rosario,Latin,321,844,1.4485981308411215,1.212,3,False,False,True,True,True
Rosario[wght].ttf,Rosario,Latin,320,844,1.45,1.212,3,False,False,True,True,True
Rosarivo-Italic.ttf,Rosarivo,Latin,210,240,1.0,1.403,0,False,False,False,False,False
Rosarivo-Regular.ttf,Rosarivo,Latin,210,232,1.0,1.403,0,False,False,False,False,False
RougeScript-Regular.ttf,Rouge Script,Latin,196,222,1.0,1.1752,0,False,False,False,False,False
RoundedMplus1c-Black.ttf,Rounded Mplus 1c,Latin,319,8546,2.1786833855799372,1.09,3,False,False,True,True,True
RoundedMplus1c-Black.ttf,Rounded Mplus 1c,Cyrillic,264,8546,2.1818181818181817,1.09,3,False,False,True,True,True
RoundedMplus1c-Black.ttf,Rounded Mplus 1c,Katakana,112,8546,2.142857142857143,1.09,3,False,False,True,True,True
RoundedMplus1c-Black.ttf,Rounded Mplus 1c,Han,4964,8546,2.1990330378726832,1.09,3,False,False,True,True,True
RoundedMplus1c-Bold.ttf,Rounded Mplus 1c,Latin,319,8546,2.1786833855799372,1.09,3,False,False,True,True,True
RoundedMplus1c-Bold.ttf,Rounded Mplus 1c,Cyrillic,264,8546,2.1818181818181817,1.09,3,False,False,True,True,True
RoundedMplus1c-Bold.ttf,Rounded Mplus 1c,Katakana,112,8546,2.142857142857143,1.09,3,False,False,True,True,True
RoundedMplus1c-Bold.ttf,Rounded Mplus 1c,Han,4964,8546,2.1990330378726832,1.09,3,False,False,True,True,True
RoundedMplus1c-ExtraBold.ttf,Rounded Mplus 1c,Latin,319,8546,2.1786833855799372,1.09,3,False,False,True,True,True
RoundedMplus1c-ExtraBold.ttf,Rounded Mplus 1c,Cyrillic,264,8546,2.1818181818181817,1.09,3,False,False,True,True,True
RoundedMplus1c-ExtraBold.ttf,Rounded Mplus 1c,Katakana,112,8546,2.142857142857143,1.09,3,False,False,True,True,True
RoundedMplus1c-ExtraBold.ttf,Rounded Mplus 1c,Han,4964,8546,2.1990330378726832,1.09,3,False,False,True,True,True
RoundedMplus1c-Light.ttf,Rounded Mplus 1c,Latin,319,8546,2.1786833855799372,1.09,3,False,False,True,True,True
RoundedMplus1c-Light.ttf,Rounded Mplus 1c,Cyrillic,264,8546,2.1818181818181817,1.09,3,False,False,True,True,True
RoundedMplus1c-Light.ttf,Rounded Mplus 1c,Katakana,112,8546,2.142857142857143,1.09,3,False,False,True,True,True
RoundedMplus1c-Light.ttf,Rounded Mplus 1c,Han,4964,8546,2.1990330378726832,1.09,3,False,False,True,True,True
RoundedMplus1c-Medium.ttf,Rounded Mplus 1c,Latin,319,8546,2.1786833855799372,1.09,3,False,False,True,True,True
RoundedMplus1c-Medium.ttf,Rounded Mplus 1c,Cyrillic,264,8546,2.1818181818181817,1.09,3,False,False,True,True,True
RoundedMplus1c-Medium.ttf,Rounded Mplus 1c,Katakana,112,8546,2.142857142857143,1.09,3,False,False,True,True,True
RoundedMplus1c-Medium.ttf,Rounded Mplus 1c,Han,4964,8546,2.1990330378726832,1.09,3,False,False,True,True,True
RoundedMplus1c-Regular.ttf,Rounded Mplus 1c,Latin,319,8546,2.1786833855799372,1.09,3,False,False,True,True,True
RoundedMplus1c-Regular.ttf,Rounded Mplus 1c,Cyrillic,264,8546,2.1818181818181817,1.09,3,False,False,True,True,True
RoundedMplus1c-Regular.ttf,Rounded Mplus 1c,Katakana,112,8546,2.142857142857143,1.09,3,False,False,True,True,True
RoundedMplus1c-Regular.ttf,Rounded Mplus 1c,Han,4964,8546,2.1990330378726832,1.09,3,False,False,True,True,True
RoundedMplus1c-Thin.ttf,Rounded Mplus 1c,Latin,319,8546,2.1786833855799372,1.09,3,False,False,True,True,True
RoundedMplus1c-Thin.ttf,Rounded Mplus 1c,Cyrillic,264,8546,2.1818181818181817,1.09,3,False,False,True,True,True
RoundedMplus1c-Thin.ttf,Rounded Mplus 1c,Katakana,112,8546,2.142857142857143,1.09,3,False,False,True,True,True
RoundedMplus1c-Thin.ttf,Rounded Mplus 1c,Han,4964,8546,2.1990330378726832,1.09,3,False,False,True,True,True
Rowdies-Bold.ttf,Rowdies,Latin,319,639,1.5893416927899686,1.242,2,False,False,True,True,False
Rowdies-Light.ttf,Rowdies Light,Latin,319,639,1.5893416927899686,1.242,2,False,False,True,True,False
Rowdies-Regular.ttf,Rowdies,Latin,319,639,1.5893416927899686,1.242,2,False,False,True,True,False
RozhaOne-Regular.ttf,Rozha One,Latin,312,1098,2.769230769230769,1.42,3,False,True,True,True,False
RozhaOne-Regular.ttf,Rozha One,Devanagari,104,1098,2.730769230769231,1.42,3,False,True,True,True,False
Rubik-Italic[wght].ttf,Rubik Light,Latin,317,1174,2.334384858044164,1.185,4,True,False,True,True,True
Rubik-Italic[wght].ttf,Rubik Light,Cyrillic,182,1174,2.3351648351648353,1.185,4,True,False,True,True,True
Rubik-Italic[wght].ttf,Rubik Light,Arabic,195,1174,2.3384615384615386,1.185,4,True,False,True,True,True
Rubik[wght].ttf,Rubik Light,Latin,317,1174,2.334384858044164,1.185,4,True,False,True,True,True
Rubik[wght].ttf,Rubik Light,Cyrillic,182,1174,2.3351648351648353,1.185,4,True,False,True,True,True
Rubik[wght].ttf,Rubik Light,Arabic,195,1174,2.3384615384615386,1.185,4,True,False,True,True,True
Rubik80sFade-Regular.ttf,Rubik 80s Fade,Latin,317,776,1.444794952681388,1.185,3,False,False,True,True,True
Rubik80sFade-Regular.ttf,Rubik 80s Fade,Cyrillic,182,776,1.445054945054945,1.185,3,False,False,True,True,True
RubikBeastly-Regular.ttf,Rubik Beastly,Latin,317,774,1.444794952681388,1.185,3,False,False,True,True,True
RubikBeastly-Regular.ttf,Rubik Beastly,Cyrillic,182,774,1.445054945054945,1.185,3,False,False,True,True,True
RubikBrokenFax-Regular.ttf,Rubik Broken Fax,Latin,316,774,1.4462025316455696,1.185,3,False,False,True,True,True
RubikBrokenFax-Regular.ttf,Rubik Broken Fax,Cyrillic,182,774,1.445054945054945,1.185,3,False,False,True,True,True
RubikBubbles-Regular.ttf,Rubik Bubbles,Latin,317,774,1.444794952681388,1.185,3,False,False,True,True,True
RubikBubbles-Regular.ttf,Rubik Bubbles,Cyrillic,182,774,1.445054945054945,1.185,3,False,False,True,True,True
RubikBurned-Regular.ttf,Rubik Burned,Latin,317,774,1.444794952681388,1.185,3,False,False,True,True,True
RubikBurned-Regular.ttf,Rubik Burned,Cyrillic,182,774,1.445054945054945,1.185,3,False,False,True,True,True
RubikDirt-Regular.ttf,Rubik Dirt,Latin,317,774,1.444794952681388,1.185,3,False,False,True,True,True
RubikDirt-Regular.ttf,Rubik Dirt,Cyrillic,182,774,1.445054945054945,1.185,3,False,False,True,True,True
RubikDistressed-Regular.ttf,Rubik Distressed,Latin,317,774,1.444794952681388,1.185,3,False,False,True,True,True
RubikDistressed-Regular.ttf,Rubik Distressed,Cyrillic,182,774,1.445054945054945,1.185,3,False,False,True,True,True
RubikDoodleShadow-Regular.ttf,Rubik Doodle Shadow,Latin,316,774,1.4462025316455696,1.185,3,False,False,True,True,True
RubikDoodleShadow-Regular.ttf,Rubik Doodle Shadow,Cyrillic,182,774,1.445054945054945,1.185,3,False,False,True,True,True
RubikDoodleTriangles-Regular.ttf,Rubik Doodle Triangles,Latin,316,774,1.4462025316455696,1.185,3,False,False,True,True,True
RubikDoodleTriangles-Regular.ttf,Rubik Doodle Triangles,Cyrillic,182,774,1.445054945054945,1.185,3,False,False,True,True,True
RubikGemstones-Regular.ttf,Rubik Gemstones,Latin,317,774,1.444794952681388,1.185,3,False,False,True,True,True
RubikGemstones-Regular.ttf,Rubik Gemstones,Cyrillic,182,774,1.445054945054945,1.185,3,False,False,True,True,True
RubikGlitch-Regular.ttf,Rubik Glitch,Latin,317,774,1.444794952681388,1.185,3,False,False,True,True,True
RubikGlitch-Regular.ttf,Rubik Glitch,Cyrillic,182,774,1.445054945054945,1.185,3,False,False,True,True,True
RubikGlitchPop-Regular.ttf,Rubik Glitch Pop,Latin,316,776,1.4462025316455696,1.185,3,False,False,True,True,True
RubikGlitchPop-Regular.ttf,Rubik Glitch Pop,Cyrillic,182,776,1.445054945054945,1.185,3,False,False,True,True,True
RubikIso-Regular.ttf,Rubik Iso,Latin,317,774,1.444794952681388,1.185,3,False,False,True,True,True
RubikIso-Regular.ttf,Rubik Iso,Cyrillic,182,774,1.445054945054945,1.185,3,False,False,True,True,True
RubikLines-Regular.ttf,Rubik Lines,Latin,316,776,1.4462025316455696,1.185,3,False,False,True,True,True
RubikLines-Regular.ttf,Rubik Lines,Cyrillic,182,776,1.445054945054945,1.185,3,False,False,True,True,True
RubikMaps-Regular.ttf,Rubik Maps,Latin,317,777,1.444794952681388,1.185,3,False,False,True,True,True
RubikMaps-Regular.ttf,Rubik Maps,Cyrillic,182,777,1.445054945054945,1.185,3,False,False,True,True,True
RubikMarkerHatch-Regular.ttf,Rubik Marker Hatch,Latin,317,774,1.444794952681388,1.185,3,False,False,True,True,True
RubikMarkerHatch-Regular.ttf,Rubik Marker Hatch,Cyrillic,182,774,1.445054945054945,1.185,3,False,False,True,True,True
RubikMaze-Regular.ttf,Rubik Maze,Latin,317,774,1.444794952681388,1.185,3,False,False,True,True,True
RubikMaze-Regular.ttf,Rubik Maze,Cyrillic,182,774,1.445054945054945,1.185,3,False,False,True,True,True
RubikMicrobe-Regular.ttf,Rubik Microbe,Latin,317,774,1.444794952681388,1.185,3,False,False,True,True,True
RubikMicrobe-Regular.ttf,Rubik Microbe,Cyrillic,182,774,1.445054945054945,1.185,3,False,False,True,True,True
RubikMonoOne-Regular.ttf,Rubik Mono One,Latin,313,683,2.9105431309904155,1.238,3,False,False,True,True,True
RubikMonoOne-Regular.ttf,Rubik Mono One,Cyrillic,182,683,2.9285714285714284,1.238,3,False,False,True,True,True
RubikMoonrocks-Regular.ttf,Rubik Moonrocks,Latin,317,774,1.444794952681388,1.185,3,False,False,True,True,True
RubikMoonrocks-Regular.ttf,Rubik Moonrocks,Cyrillic,182,774,1.445054945054945,1.185,3,False,False,True,True,True
RubikOne-Regular.ttf,Rubik One,Latin,317,571,1.0,1.238,1,False,False,False,False,True
RubikOne-Regular.ttf,Rubik One,Cyrillic,98,571,1.0,1.238,1,False,False,False,False,True
RubikPixels-Regular.ttf,Rubik Pixels,Latin,317,779,1.444794952681388,1.185,3,False,False,True,True,True
RubikPixels-Regular.ttf,Rubik Pixels,Cyrillic,182,779,1.445054945054945,1.185,3,False,False,True,True,True
RubikPuddles-Regular.ttf,Rubik Puddles,Latin,317,774,1.444794952681388,1.185,3,False,False,True,True,True
RubikPuddles-Regular.ttf,Rubik Puddles,Cyrillic,182,774,1.445054945054945,1.185,3,False,False,True,True,True
RubikScribble-Regular.ttf,Rubik Scribble,Latin,316,774,1.4462025316455696,1.185,3,False,False,True,True,True
RubikScribble-Regular.ttf,Rubik Scribble,Cyrillic,182,774,1.445054945054945,1.185,3,False,False,True,True,True
RubikSprayPaint-Regular.ttf,Rubik Spray Paint,Latin,317,774,1.444794952681388,1.185,3,False,False,True,True,True
RubikSprayPaint-Regular.ttf,Rubik Spray Paint,Cyrillic,182,774,1.445054945054945,1.185,3,False,False,True,True,True
RubikStorm-Regular.ttf,Rubik Storm,Latin,317,774,1.444794952681388,1.185,3,False,False,True,True,True
RubikStorm-Regular.ttf,Rubik Storm,Cyrillic,182,774,1.445054945054945,1.185,3,False,False,True,True,True
RubikVinyl-Regular.ttf,Rubik Vinyl,Latin,317,774,1.444794952681388,1.185,3,False,False,True,True,True
RubikVinyl-Regular.ttf,Rubik Vinyl,Cyrillic,182,774,1.445054945054945,1.185,3,False,False,True,True,True
RubikWetPaint-Regular.ttf,Rubik Wet Paint,Latin,317,774,1.444794952681388,1.185,3,False,False,True,True,True
RubikWetPaint-Regular.ttf,Rubik Wet Paint,Cyrillic,182,774,1.445054945054945,1.185,3,False,False,True,True,True
Ruda[wght].ttf,Ruda,Latin,302,644,1.0,1.217,1,False,False,False,True,False
Ruda[wght].ttf,Ruda,Cyrillic,128,644,1.0,1.217,1,False,False,False,True,False
Rufina-Bold.ttf,Rufina,Latin,197,235,1.0,1.235,0,False,False,False,False,False
Rufina-Regular.ttf,Rufina,Latin,197,235,1.0,1.235,0,False,False,False,False,False
RugeBoogie-Regular.ttf,Ruge Boogie,Latin,316,1023,1.4462025316455696,1.25,2,False,False,True,True,False
Ruluko-Regular.ttf,Ruluko,Latin,222,256,1.0,1.155,0,False,False,False,False,False
RumRaisin-Regular.ttf,Rum Raisin,Latin,318,377,1.1477987421383649,1.2900390625,1,False,False,True,False,False
RuslanDisplay-Regular.ttf,Ruslan Display,Latin,302,454,1.0,1.085,0,False,False,False,False,False
RuslanDisplay-Regular.ttf,Ruslan Display,Cyrillic,94,454,1.0,1.085,0,False,False,False,False,False
RussoOne-Regular.ttf,Russo One,Latin,284,413,0.9964788732394366,1.205,0,False,False,False,False,False
RussoOne-Regular.ttf,Russo One,Cyrillic,94,413,1.0,1.205,0,False,False,False,False,False
Ruthie-Regular.ttf,Ruthie,Latin,302,512,1.4470198675496688,1.25,2,False,False,True,True,False
Ruwudu-Bold.ttf,Ruwudu,Latin,199,912,2.457286432160804,1.608,4,True,False,True,True,True
Ruwudu-Bold.ttf,Ruwudu,Arabic,124,912,2.4516129032258065,1.608,4,True,False,True,True,True
Ruwudu-Medium.ttf,Ruwudu Medium,Latin,199,912,2.457286432160804,1.608,4,True,False,True,True,True
Ruwudu-Medium.ttf,Ruwudu Medium,Arabic,124,912,2.4516129032258065,1.608,4,True,False,True,True,True
Ruwudu-Regular.ttf,Ruwudu,Latin,199,912,2.457286432160804,1.608,4,True,False,True,True,True
Ruwudu-Regular.ttf,Ruwudu,Arabic,124,912,2.4516129032258065,1.608,4,True,False,True,True,True
Ruwudu-SemiBold.ttf,Ruwudu SemiBold,Latin,199,912,2.457286432160804,1.608,4,True,False,True,True,True
Ruwudu-SemiBold.ttf,Ruwudu SemiBold,Arabic,124,912,2.4516129032258065,1.608,4,True,False,True,True,True
Rye-Regular.ttf,Rye,Latin,233,271,1.0,1.25,0,False,False,False,False,False
Sacramento-Regular.ttf,Sacramento,Latin,317,375,1.1482649842271293,1.45947265625,1,False,False,True,False,False
Sahitya-Bold.ttf,Sahitya,Latin,312,977,9.993589743589743,1.553,3,False,True,True,True,False
Sahitya-Bold.ttf,Sahitya,Devanagari,124,977,9.85483870967742,1.553,3,False,True,True,True,False
Sahitya-Regular.ttf,Sahitya,Latin,312,977,9.993589743589743,1.553,3,False,True,True,True,False
Sahitya-Regular.ttf,Sahitya,Devanagari,124,977,9.85483870967742,1.553,3,False,True,True,True,False
Sail-Regular.ttf,Sail,Latin,197,224,1.0,1.154,0,False,False,False,False,False
"Saira-Italic[wdth,wght].ttf",Saira Thin,Latin,320,898,1.45,1.574,2,False,False,True,True,False
"Saira[wdth,wght].ttf",Saira Thin,Latin,320,897,1.45,1.574,2,False,False,True,True,False
SairaCondensed-Black.ttf,Saira Condensed,Latin,321,791,5.785046728971962,1.574,2,False,False,True,True,False
SairaCondensed-Bold.ttf,Saira Condensed,Latin,321,791,5.785046728971962,1.574,2,False,False,True,True,False
SairaCondensed-ExtraBold.ttf,Saira Condensed,Latin,321,791,5.785046728971962,1.574,2,False,False,True,True,False
SairaCondensed-ExtraLight.ttf,Saira Condensed,Latin,321,784,5.785046728971962,1.574,2,False,False,True,True,False
SairaCondensed-Light.ttf,Saira Condensed,Latin,321,784,5.785046728971962,1.574,2,False,False,True,True,False
SairaCondensed-Medium.ttf,Saira Condensed,Latin,321,788,5.785046728971962,1.574,2,False,False,True,True,False
SairaCondensed-Regular.ttf,Saira Condensed,Latin,321,788,5.785046728971962,1.574,2,False,False,True,True,False
SairaCondensed-SemiBold.ttf,Saira Condensed,Latin,321,791,5.785046728971962,1.574,2,False,False,True,True,False
SairaCondensed-Thin.ttf,Saira Condensed,Latin,321,784,5.785046728971962,1.574,2,False,False,True,True,False
SairaExtraCondensed-Black.ttf,Saira ExtraCondensed,Latin,321,791,5.785046728971962,1.574,2,False,False,True,True,False
SairaExtraCondensed-Bold.ttf,Saira ExtraCondensed,Latin,321,791,5.785046728971962,1.574,2,False,False,True,True,False
SairaExtraCondensed-ExtraBold.ttf,Saira ExtraCondensed,Latin,321,791,5.785046728971962,1.574,2,False,False,True,True,False
SairaExtraCondensed-ExtraLight.ttf,Saira ExtraCondensed,Latin,321,784,5.785046728971962,1.574,2,False,False,True,True,False
SairaExtraCondensed-Light.ttf,Saira ExtraCondensed,Latin,321,784,5.785046728971962,1.574,2,False,False,True,True,False
SairaExtraCondensed-Medium.ttf,Saira ExtraCondensed,Latin,321,791,5.785046728971962,1.574,2,False,False,True,True,False
SairaExtraCondensed-Regular.ttf,Saira ExtraCondensed,Latin,321,791,5.785046728971962,1.574,2,False,False,True,True,False
SairaExtraCondensed-SemiBold.ttf,Saira ExtraCondensed,Latin,321,791,5.785046728971962,1.574,2,False,False,True,True,False
SairaExtraCondensed-Thin.ttf,Saira ExtraCondensed,Latin,321,784,5.785046728971962,1.574,2,False,False,True,True,False
SairaSemiCondensed-Black.ttf,Saira SemiCondensed,Latin,321,791,5.785046728971962,1.574,2,False,False,True,True,False
SairaSemiCondensed-Bold.ttf,Saira SemiCondensed,Latin,321,791,5.785046728971962,1.574,2,False,False,True,True,False
SairaSemiCondensed-ExtraBold.ttf,Saira SemiCondensed,Latin,321,791,5.785046728971962,1.574,2,False,False,True,True,False
SairaSemiCondensed-ExtraLight.ttf,Saira SemiCondensed,Latin,321,784,5.785046728971962,1.574,2,False,False,True,True,False
SairaSemiCondensed-Light.ttf,Saira SemiCondensed,Latin,321,784,5.785046728971962,1.574,2,False,False,True,True,False
SairaSemiCondensed-Medium.ttf,Saira SemiCondensed,Latin,321,785,5.785046728971962,1.574,2,False,False,True,True,False
SairaSemiCondensed-Regular.ttf,Saira SemiCondensed,Latin,321,785,5.785046728971962,1.574,2,False,False,True,True,False
SairaSemiCondensed-SemiBold.ttf,Saira SemiCondensed,Latin,321,788,5.785046728971962,1.574,2,False,False,True,True,False
SairaSemiCondensed-Thin.ttf,Saira SemiCondensed,Latin,321,784,5.785046728971962,1.574,2,False,False,True,True,False
"SairaStencil-Italic[wdth,wght].ttf",Saira Stencil Thin,Latin,318,893,1.2955974842767295,1.574,2,False,False,True,True,False
"SairaStencil[wdth,wght].ttf",Saira Stencil Thin,Latin,318,890,1.2955974842767295,1.574,2,False,False,True,True,False
SairaStencilOne-Regular.ttf,Saira Stencil One,Latin,321,904,4.88785046728972,1.574,3,False,False,True,True,True
Salsa-Regular.ttf,Salsa,Latin,212,362,1.4386792452830188,1.226,2,True,False,True,False,False
Sanchez-Italic.ttf,Sanchez,Latin,301,369,1.149501661129568,1.278,1,False,False,True,False,False
Sanchez-Regular.ttf,Sanchez,Latin,302,369,1.1490066225165563,1.278,1,False,False,True,False,False
Sancreek-Regular.ttf,Sancreek,Latin,307,417,1.4364820846905537,1.3876953125,2,False,False,True,True,False
SankofaDisplay-Regular.ttf,Sankofa Display,Latin,317,1068,1.2965299684542586,1.2,1,False,False,False,True,False
Sansation-Bold.ttf,Sansation,Latin,319,533,1.1473354231974922,1.119140625,1,False,False,True,False,False
Sansation-Bold.ttf,Sansation,Cyrillic,66,533,1.1363636363636365,1.119140625,1,False,False,True,False,False
Sansation-BoldItalic.ttf,Sansation,Latin,319,526,1.1473354231974922,1.119140625,1,False,False,True,False,False
Sansation-BoldItalic.ttf,Sansation,Cyrillic,66,526,1.1363636363636365,1.119140625,1,False,False,True,False,False
Sansation-Italic.ttf,Sansation,Latin,319,526,1.1473354231974922,1.119140625,1,False,False,True,False,False
Sansation-Italic.ttf,Sansation,Cyrillic,66,526,1.1363636363636365,1.119140625,1,False,False,True,False,False
Sansation-Light.ttf,Sansation Light,Latin,319,533,1.1473354231974922,1.119140625,1,False,False,True,False,False
Sansation-Light.ttf,Sansation Light,Cyrillic,66,533,1.1363636363636365,1.119140625,1,False,False,True,False,False
Sansation-LightItalic.ttf,Sansation Light,Latin,319,526,1.1473354231974922,1.119140625,1,False,False,True,False,False
Sansation-LightItalic.ttf,Sansation Light,Cyrillic,66,526,1.1363636363636365,1.119140625,1,False,False,True,False,False
Sansation-Regular.ttf,Sansation,Latin,319,533,1.1473354231974922,1.119140625,1,False,False,True,False,False
Sansation-Regular.ttf,Sansation,Cyrillic,66,533,1.1363636363636365,1.119140625,1,False,False,True,False,False
Sansita-Black.ttf,Sansita,Latin,320,504,3.1,1.2,2,False,False,True,True,False
Sansita-BlackItalic.ttf,Sansita,Latin,320,504,3.1,1.2,2,False,False,True,True,False
Sansita-Bold.ttf,Sansita,Latin,321,504,3.0934579439252334,1.2,2,False,False,True,True,False
Sansita-BoldItalic.ttf,Sansita,Latin,321,504,3.0934579439252334,1.2,2,False,False,True,True,False
Sansita-ExtraBold.ttf,Sansita,Latin,321,504,3.0934579439252334,1.2,2,False,False,True,True,False
Sansita-ExtraBoldItalic.ttf,Sansita,Latin,321,504,3.0934579439252334,1.2,2,False,False,True,True,False
Sansita-Italic.ttf,Sansita,Latin,321,504,3.0934579439252334,1.2,2,False,False,True,True,False
Sansita-Regular.ttf,Sansita,Latin,321,504,3.0934579439252334,1.2,2,False,False,True,True,False
SansitaOne-Regular.ttf,Sansita One,Latin,193,214,1.0,1.165,0,False,False,False,False,False
SansitaSwashed[wght].ttf,Sansita Swashed Light,Latin,320,1192,1.75,1.2,4,True,False,True,True,True
Sarabun-Bold.ttf,Sarabun,Latin,320,777,2.2,1.3,2,False,False,True,True,False
Sarabun-BoldItalic.ttf,Sarabun,Latin,320,777,2.2,1.3,2,False,False,True,True,False
Sarabun-ExtraBold.ttf,Sarabun,Latin,320,777,2.2,1.3,2,False,False,True,True,False
Sarabun-ExtraBoldItalic.ttf,Sarabun,Latin,320,777,2.2,1.3,2,False,False,True,True,False
Sarabun-ExtraLight.ttf,Sarabun,Latin,320,777,2.2,1.3,2,False,False,True,True,False
Sarabun-ExtraLightItalic.ttf,Sarabun,Latin,320,777,2.2,1.3,2,False,False,True,True,False
Sarabun-Italic.ttf,Sarabun,Latin,320,777,2.2,1.3,2,False,False,True,True,False
Sarabun-Light.ttf,Sarabun,Latin,320,777,2.2,1.3,2,False,False,True,True,False
Sarabun-LightItalic.ttf,Sarabun,Latin,320,777,2.2,1.3,2,False,False,True,True,False
Sarabun-Medium.ttf,Sarabun,Latin,320,777,2.2,1.3,2,False,False,True,True,False
Sarabun-MediumItalic.ttf,Sarabun,Latin,320,777,2.2,1.3,2,False,False,True,True,False
Sarabun-Regular.ttf,Sarabun,Latin,320,777,2.2,1.3,2,False,False,True,True,False
Sarabun-SemiBold.ttf,Sarabun,Latin,320,777,2.2,1.3,2,False,False,True,True,False
Sarabun-SemiBoldItalic.ttf,Sarabun,Latin,320,777,2.2,1.3,2,False,False,True,True,False
Sarabun-Thin.ttf,Sarabun,Latin,320,777,2.2,1.3,2,False,False,True,True,False
Sarabun-ThinItalic.ttf,Sarabun,Latin,320,777,2.2,1.3,2,False,False,True,True,False
Sarala-Bold.ttf,Sarala,Latin,315,870,2.492063492063492,1.63037109375,3,False,True,True,True,False
Sarala-Bold.ttf,Sarala,Devanagari,155,870,2.4838709677419355,1.63037109375,3,False,True,True,True,False
Sarala-Regular.ttf,Sarala,Latin,315,870,2.492063492063492,1.63037109375,3,False,True,True,True,False
Sarala-Regular.ttf,Sarala,Devanagari,155,870,2.4838709677419355,1.63037109375,3,False,True,True,True,False
Sarina-Regular.ttf,Sarina,Latin,336,424,1.0,1.25,0,False,False,False,False,False
Sarpanch-Black.ttf,Sarpanch,Latin,274,1037,2.795620437956204,1.4,3,False,True,True,True,False
Sarpanch-Black.ttf,Sarpanch,Devanagari,104,1037,2.730769230769231,1.4,3,False,True,True,True,False
Sarpanch-Bold.ttf,Sarpanch,Latin,274,1037,2.795620437956204,1.4,3,False,True,True,True,False
Sarpanch-Bold.ttf,Sarpanch,Devanagari,104,1037,2.730769230769231,1.4,3,False,True,True,True,False
Sarpanch-ExtraBold.ttf,Sarpanch,Latin,274,1037,2.795620437956204,1.4,3,False,True,True,True,False
Sarpanch-ExtraBold.ttf,Sarpanch,Devanagari,104,1037,2.730769230769231,1.4,3,False,True,True,True,False
Sarpanch-Medium.ttf,Sarpanch,Latin,274,1037,2.795620437956204,1.4,3,False,True,True,True,False
Sarpanch-Medium.ttf,Sarpanch,Devanagari,104,1037,2.730769230769231,1.4,3,False,True,True,True,False
Sarpanch-Regular.ttf,Sarpanch,Latin,274,1037,2.795620437956204,1.4,3,False,True,True,True,False
Sarpanch-Regular.ttf,Sarpanch,Devanagari,104,1037,2.730769230769231,1.4,3,False,True,True,True,False
Sarpanch-SemiBold.ttf,Sarpanch,Latin,274,1037,2.795620437956204,1.4,3,False,True,True,True,False
Sarpanch-SemiBold.ttf,Sarpanch,Devanagari,104,1037,2.730769230769231,1.4,3,False,True,True,True,False
SassyFrass-Regular.ttf,Sassy Frass,Latin,316,634,1.4462025316455696,1.1,2,False,False,True,True,False
Savate-Italic[wght].ttf,Savate ExtraLight,Latin,315,978,1.2984126984126985,1.3,2,False,False,True,True,False
Savate[wght].ttf,Savate ExtraLight,Latin,315,979,1.2984126984126985,1.3,2,False,False,True,True,False
SawarabiGothic-Regular.ttf,Sawarabi Gothic,Latin,319,6945,1.0,1.09,0,False,False,False,False,False
SawarabiGothic-Regular.ttf,Sawarabi Gothic,Cyrillic,88,6945,1.0,1.09,0,False,False,False,False,False
SawarabiGothic-Regular.ttf,Sawarabi Gothic,Katakana,96,6945,1.0,1.09,0,False,False,False,False,False
SawarabiGothic-Regular.ttf,Sawarabi Gothic,Han,4474,6945,1.0,1.09,0,False,False,False,False,False
SawarabiMincho-Regular.ttf,Sawarabi Mincho,Latin,319,4792,1.0,1.089,0,False,False,False,False,False
SawarabiMincho-Regular.ttf,Sawarabi Mincho,Katakana,95,4792,1.0,1.089,0,False,False,False,False,False
SawarabiMincho-Regular.ttf,Sawarabi Mincho,Han,3292,4792,1.0,1.089,0,False,False,False,False,False
Scada-Bold.ttf,Scada,Latin,284,524,2.4788732394366195,1.244,2,False,False,True,True,False
Scada-Bold.ttf,Scada,Cyrillic,182,524,2.4835164835164836,1.244,2,False,False,True,True,False
Scada-BoldItalic.ttf,Scada,Latin,284,524,2.4788732394366195,1.244,2,False,False,True,True,False
Scada-BoldItalic.ttf,Scada,Cyrillic,182,524,2.4835164835164836,1.244,2,False,False,True,True,False
Scada-Italic.ttf,Scada,Latin,284,524,2.4788732394366195,1.244,2,False,False,True,True,False
Scada-Italic.ttf,Scada,Cyrillic,182,524,2.4835164835164836,1.244,2,False,False,True,True,False
Scada-Regular.ttf,Scada,Latin,284,524,2.4788732394366195,1.244,2,False,False,True,True,False
Scada-Regular.ttf,Scada,Cyrillic,182,524,2.4835164835164836,1.244,2,False,False,True,True,False
ScheherazadeNew-Bold.ttf,Scheherazade New,Latin,199,1805,3.477386934673367,2.03955078125,4,True,False,True,True,True
ScheherazadeNew-Bold.ttf,Scheherazade New,Arabic,335,1805,3.537313432835821,2.03955078125,4,True,False,True,True,True
ScheherazadeNew-Medium.ttf,Scheherazade New Medium,Latin,199,1805,3.477386934673367,2.03955078125,4,True,False,True,True,True
ScheherazadeNew-Medium.ttf,Scheherazade New Medium,Arabic,335,1805,3.537313432835821,2.03955078125,4,True,False,True,True,True
ScheherazadeNew-Regular.ttf,Scheherazade New,Latin,199,1822,3.477386934673367,2.03955078125,4,True,False,True,True,True
ScheherazadeNew-Regular.ttf,Scheherazade New,Arabic,335,1822,3.537313432835821,2.03955078125,4,True,False,True,True,True
ScheherazadeNew-SemiBold.ttf,Scheherazade New SemiBold,Latin,199,1805,3.477386934673367,2.03955078125,4,True,False,True,True,True
ScheherazadeNew-SemiBold.ttf,Scheherazade New SemiBold,Arabic,335,1805,3.537313432835821,2.03955078125,4,True,False,True,True,True
SchibstedGrotesk-Italic[wght].ttf,Schibsted Grotesk,Latin,318,583,1.7389937106918238,1.234375,3,True,False,True,True,False
SchibstedGrotesk[wght].ttf,Schibsted Grotesk,Latin,318,583,1.7389937106918238,1.234375,3,True,False,True,True,False
"ScienceGothic[CTRS,slnt,wdth,wght].ttf",Science Gothic,Latin,316,1321,1.1487341772151898,1.476,2,False,False,False,True,True
"ScienceGothic[CTRS,slnt,wdth,wght].ttf",Science Gothic,Cyrillic,182,1321,1.1483516483516483,1.476,2,False,False,False,True,True
ScopeOne-Regular.ttf,Scope One,Latin,289,533,4.570934256055363,1.383,3,False,False,True,True,True
SeaweedScript-Regular.ttf,Seaweed Script,Latin,201,228,1.0,1.357421875,0,False,False,False,False,False
SecularOne-Regular.ttf,Secular One,Latin,293,466,1.4402730375426622,1.455,3,False,False,True,True,True
Sedan-Italic.ttf,Sedan,Latin,279,374,1.4408602150537635,1.2,2,False,False,True,True,False
Sedan-Regular.ttf,Sedan,Latin,279,494,1.5878136200716846,1.2,2,False,False,True,True,False
SedanSC-Regular.ttf,Sedan SC,Latin,279,494,1.5878136200716846,1.2,2,False,False,True,True,False
SedgwickAve-Regular.ttf,Sedgwick Ave,Latin,307,622,3.3973941368078178,1.249,1,False,False,True,False,False
SedgwickAveDisplay-Regular.ttf,Sedgwick Ave Display,Latin,307,622,3.3973941368078178,1.249,1,False,False,True,False,False
Sekuya-Regular.ttf,Sekuya,Latin,320,390,1.15,1.3,0,False,False,False,False,False
Sen[wght].ttf,Sen,Latin,297,363,1.2962962962962963,1.203125,2,False,False,True,True,False
SendFlowers-Regular.ttf,Send Flowers,Latin,316,617,1.4462025316455696,1.325,2,False,False,True,True,False
Sevillana-Regular.ttf,Sevillana,Latin,199,228,1.0,1.35693359375,0,False,False,False,False,False
SeymourOne-Regular.ttf,Seymour One,Latin,311,529,1.5916398713826367,1.2568359375,2,False,False,True,True,False
SeymourOne-Regular.ttf,Seymour One,Cyrillic,100,529,1.6,1.2568359375,2,False,False,True,True,False
ShadowsIntoLight.ttf,Shadows Into Light,Latin,305,352,1.0,1.607421875,0,False,False,False,False,False
ShadowsIntoLightTwo-Regular.ttf,Shadows Into Light Two,Latin,309,356,0.9935275080906149,1.451171875,0,False,False,False,False,False
Shafarik-Regular.ttf,Shafarik,Latin,322,1816,1.2981366459627328,1.542,1,False,False,False,True,False
Shafarik-Regular.ttf,Shafarik,Cyrillic,142,1816,1.295774647887324,1.542,1,False,False,False,True,False
Shalimar-Regular.ttf,Shalimar,Latin,316,1032,1.4462025316455696,1.22,2,False,False,True,True,False
"ShantellSans-Italic[BNCE,INFM,SPAC,wght].ttf",Shantell Sans Light,Latin,317,1728,1.5930599369085174,1.34,3,True,False,True,True,False
"ShantellSans-Italic[BNCE,INFM,SPAC,wght].ttf",Shantell Sans Light,Cyrillic,182,1728,1.5934065934065933,1.34,3,True,False,True,True,False
"ShantellSans[BNCE,INFM,SPAC,wght].ttf",Shantell Sans Light,Latin,317,1728,1.5930599369085174,1.34,3,True,False,True,True,False
"ShantellSans[BNCE,INFM,SPAC,wght].ttf",Shantell Sans Light,Cyrillic,182,1728,1.5934065934065933,1.34,3,True,False,True,True,False
Shanti-Regular.ttf,Shanti,Latin,292,428,1.4417808219178083,1.27490234375,2,False,False,True,True,False
Share-Bold.ttf,Share,Latin,201,256,1.1492537313432836,1.127,1,False,False,True,False,False
Share-BoldItalic.ttf,Share,Latin,201,256,1.1492537313432836,1.127,1,False,False,True,False,False
Share-Italic.ttf,Share,Latin,201,256,1.1492537313432836,1.127,1,False,False,True,False,False
Share-Regular.ttf,Share,Latin,201,256,1.1492537313432836,1.127,1,False,False,True,False,False
ShareTech-Regular.ttf,Share Tech,Latin,203,256,1.1477832512315271,1.127,1,False,False,True,False,False
ShareTechMono-Regular.ttf,Share Tech Mono,Latin,203,268,1.8866995073891626,1.127,1,False,False,True,False,False
ShipporiAntique-Regular.ttf,Shippori Antique,Latin,195,16210,1.1487179487179486,1.0,2,False,False,False,True,True
ShipporiAntique-Regular.ttf,Shippori Antique,Katakana,110,16210,1.1454545454545455,1.0,2,False,False,False,True,True
ShipporiAntique-Regular.ttf,Shippori Antique,Han,14500,16210,1.1289655172413793,1.0,2,False,False,False,True,True
ShipporiAntiqueB1-Regular.ttf,Shippori Antique B1,Latin,195,16210,1.1487179487179486,1.0,2,False,False,False,True,True
ShipporiAntiqueB1-Regular.ttf,Shippori Antique B1,Katakana,110,16210,1.1454545454545455,1.0,2,False,False,False,True,True
ShipporiAntiqueB1-Regular.ttf,Shippori Antique B1,Han,14500,16210,1.1289655172413793,1.0,2,False,False,False,True,True
ShipporiMincho-Bold.ttf,Shippori Mincho,Latin,196,16359,1.4438775510204083,1.0,3,False,False,True,True,True
ShipporiMincho-Bold.ttf,Shippori Mincho,Katakana,110,16359,1.4363636363636363,1.0,3,False,False,True,True,True
ShipporiMincho-Bold.ttf,Shippori Mincho,Han,14506,16359,1.4250654901420101,1.0,3,False,False,True,True,True
ShipporiMincho-ExtraBold.ttf,Shippori Mincho,Latin,196,16359,1.4438775510204083,1.0,3,False,False,True,True,True
ShipporiMincho-ExtraBold.ttf,Shippori Mincho,Katakana,110,16359,1.4363636363636363,1.0,3,False,False,True,True,True
ShipporiMincho-ExtraBold.ttf,Shippori Mincho,Han,14506,16359,1.4250654901420101,1.0,3,False,False,True,True,True
ShipporiMincho-Medium.ttf,Shippori Mincho,Latin,196,16359,1.4438775510204083,1.0,3,False,False,True,True,True
ShipporiMincho-Medium.ttf,Shippori Mincho,Katakana,110,16359,1.4363636363636363,1.0,3,False,False,True,True,True
ShipporiMincho-Medium.ttf,Shippori Mincho,Han,14506,16359,1.4250654901420101,1.0,3,False,False,True,True,True
ShipporiMincho-Regular.ttf,Shippori Mincho,Latin,196,16359,1.4438775510204083,1.0,3,False,False,True,True,True
ShipporiMincho-Regular.ttf,Shippori Mincho,Katakana,110,16359,1.4363636363636363,1.0,3,False,False,True,True,True
ShipporiMincho-Regular.ttf,Shippori Mincho,Han,14506,16359,1.4250654901420101,1.0,3,False,False,True,True,True
ShipporiMincho-SemiBold.ttf,Shippori Mincho,Latin,196,16359,1.4438775510204083,1.0,3,False,False,True,True,True
ShipporiMincho-SemiBold.ttf,Shippori Mincho,Katakana,110,16359,1.4363636363636363,1.0,3,False,False,True,True,True
ShipporiMincho-SemiBold.ttf,Shippori Mincho,Han,14506,16359,1.4250654901420101,1.0,3,False,False,True,True,True
ShipporiMinchoB1-Bold.ttf,Shippori Mincho B1,Latin,196,16359,1.4438775510204083,1.0,3,False,False,True,True,True
ShipporiMinchoB1-Bold.ttf,Shippori Mincho B1,Katakana,110,16359,1.4363636363636363,1.0,3,False,False,True,True,True
ShipporiMinchoB1-Bold.ttf,Shippori Mincho B1,Han,14506,16359,1.4250654901420101,1.0,3,False,False,True,True,True
ShipporiMinchoB1-ExtraBold.ttf,Shippori Mincho B1,Latin,196,16359,1.4438775510204083,1.0,3,False,False,True,True,True
ShipporiMinchoB1-ExtraBold.ttf,Shippori Mincho B1,Katakana,110,16359,1.4363636363636363,1.0,3,False,False,True,True,True
ShipporiMinchoB1-ExtraBold.ttf,Shippori Mincho B1,Han,14506,16359,1.4250654901420101,1.0,3,False,False,True,True,True
ShipporiMinchoB1-Medium.ttf,Shippori Mincho B1,Latin,196,16359,1.4438775510204083,1.0,3,False,False,True,True,True
ShipporiMinchoB1-Medium.ttf,Shippori Mincho B1,Katakana,110,16359,1.4363636363636363,1.0,3,False,False,True,True,True
ShipporiMinchoB1-Medium.ttf,Shippori Mincho B1,Han,14506,16359,1.4250654901420101,1.0,3,False,False,True,True,True
ShipporiMinchoB1-Regular.ttf,Shippori Mincho B1,Latin,196,16359,1.4438775510204083,1.0,3,False,False,True,True,True
ShipporiMinchoB1-Regular.ttf,Shippori Mincho B1,Katakana,110,16359,1.4363636363636363,1.0,3,False,False,True,True,True
ShipporiMinchoB1-Regular.ttf,Shippori Mincho B1,Han,14506,16359,1.4250654901420101,1.0,3,False,False,True,True,True
ShipporiMinchoB1-SemiBold.ttf,Shippori Mincho B1,Latin,196,16359,1.4438775510204083,1.0,3,False,False,True,True,True
ShipporiMinchoB1-SemiBold.ttf,Shippori Mincho B1,Katakana,110,16359,1.4363636363636363,1.0,3,False,False,True,True,True
ShipporiMinchoB1-SemiBold.ttf,Shippori Mincho B1,Han,14506,16359,1.4250654901420101,1.0,3,False,False,True,True,True
Shizuru-Regular.ttf,Shizuru,Latin,98,411,1.0,1.0,0,False,False,False,False,False
Shizuru-Regular.ttf,Shizuru,Katakana,93,411,1.0,1.0,0,False,False,False,False,False
Shojumaru-Regular.ttf,Shojumaru,Latin,318,373,1.1477987421383649,1.32421875,1,False,False,True,False,False
ShortStack-Regular.ttf,Short Stack,Latin,234,279,1.0,1.2314453125,0,False,False,False,False,False
Shrikhand-Regular.ttf,Shrikhand,Latin,276,841,9.170289855072463,1.458,3,False,True,True,True,False
Siemreap.ttf,Siemreap,Latin,35,696,1.6285714285714286,1.95654296875,2,False,True,True,False,False
Sigmar-Regular.ttf,Sigmar,Latin,318,811,1.4433962264150944,1.638,2,False,False,True,True,False
SigmarOne-Regular.ttf,Sigmar One,Latin,320,621,4.0,1.638,2,False,False,True,True,False
"Signika[GRAD,wght].ttf",Signika Light,Latin,318,1414,1.7389937106918238,1.232,3,True,False,True,True,False
SignikaNegative[wght].ttf,Signika Negative Light,Latin,320,1416,1.75,1.232,3,True,False,True,True,False
SignikaNegativeSC-Bold.ttf,Signika Negative SC,Latin,320,1106,1.6,1.232,3,True,False,True,True,False
SignikaNegativeSC-Light.ttf,Signika Negative SC Light,Latin,320,1106,1.6,1.232,3,True,False,True,True,False
SignikaNegativeSC-Regular.ttf,Signika Negative SC,Latin,320,1106,1.6,1.232,3,True,False,True,True,False
SignikaNegativeSC-SemiBold.ttf,Signika Negative SC SemiBold,Latin,320,1106,1.6,1.232,3,True,False,True,True,False
SignikaSC[wght].ttf,Signika SC,Latin,320,1106,1.6,1.232,3,True,False,True,True,False
Silkscreen-Bold.ttf,Silkscreen,Latin,199,228,1.0,1.28,1,False,False,False,True,False
Silkscreen-Regular.ttf,Silkscreen,Latin,199,228,1.0,1.28,1,False,False,False,True,False
Simonetta-Black.ttf,Simonetta,Latin,199,237,1.2914572864321607,1.251953125,1,False,False,True,False,False
Simonetta-BlackItalic.ttf,Simonetta,Latin,199,237,1.2914572864321607,1.251953125,1,False,False,True,False,False
Simonetta-Italic.ttf,Simonetta,Latin,195,228,1.0,1.251953125,0,False,False,False,False,False
Simonetta-Regular.ttf,Simonetta,Latin,195,228,1.0,1.251953125,0,False,False,False,False,False
SingleDay-Regular.ttf,Single Day,Latin,98,12127,0.9897959183673469,1.25,0,False,False,False,False,False
Sintony-Bold.ttf,Sintony,Latin,200,248,1.15,1.303,1,False,False,True,False,False
Sintony-Regular.ttf,Sintony,Latin,200,248,1.15,1.303,1,False,False,True,False,False
SirinStencil-Regular.ttf,SirinStencil,Latin,194,224,1.0,1.45703125,0,False,False,False,False,False
Sirivennela-Regular.ttf,Sirivennela,Latin,108,1313,1.8888888888888888,1.2,2,False,True,False,True,False
Sirivennela-Regular.ttf,Sirivennela,Telugu,98,1313,1.8571428571428572,1.2,2,False,True,False,True,False
Sitara-Bold.ttf,Sitara,Latin,49,747,14.428571428571429,1.62060546875,3,False,True,False,True,True
Sitara-Bold.ttf,Sitara,Devanagari,154,747,15.03896103896104,1.62060546875,3,False,True,False,True,True
Sitara-BoldItalic.ttf,Sitara,Latin,49,746,14.428571428571429,1.62060546875,3,False,True,False,True,True
Sitara-BoldItalic.ttf,Sitara,Devanagari,153,746,14.516339869281046,1.62060546875,3,False,True,False,True,True
Sitara-Italic.ttf,Sitara,Latin,49,746,14.428571428571429,1.62060546875,3,False,True,False,True,True
Sitara-Italic.ttf,Sitara,Devanagari,153,746,14.516339869281046,1.62060546875,3,False,True,False,True,True
Sitara-Regular.ttf,Sitara,Latin,49,747,14.428571428571429,1.62060546875,3,False,True,False,True,True
Sitara-Regular.ttf,Sitara,Devanagari,154,747,15.03896103896104,1.62060546875,3,False,True,False,True,True
SixCaps.ttf,Six Caps,Latin,316,438,1.0,1.31591796875,0,False,False,False,False,False
"Sixtyfour[BLED,SCAN].ttf",Sixtyfour,Latin,196,489,1.0,1.0,0,False,False,False,False,False
"SixtyfourConvergence[BLED,SCAN,XELA,YELA].ttf",Sixtyfour Convergence,Latin,196,489,1.0,1.0,0,False,False,False,False,False
Skranji-Bold.ttf,Skranji,Latin,219,258,1.0,1.3583984375,0,False,False,False,False,False
Skranji-Regular.ttf,Skranji,Latin,219,258,1.0,1.3583984375,0,False,False,False,False,False
Slabo13px-Regular.ttf,Slabo 13px,Latin,318,428,2.1823899371069184,1.2307692307692308,1,False,False,True,False,False
Slabo27px-Regular.ttf,Slabo 27px,Latin,318,428,2.1823899371069184,1.2222222222222223,1,False,False,True,False,False
SlacksideOne-Regular.ttf,Slackside One,Latin,202,526,1.297029702970297,1.0,1,False,False,True,False,False
SlacksideOne-Regular.ttf,Slackside One,Katakana,92,526,1.2826086956521738,1.0,1,False,False,True,False,False
Smooch-Regular.ttf,Smooch,Latin,320,1079,1.9,1.4,3,True,False,True,True,False
SmoochSans[wght].ttf,Smooch Sans Thin,Latin,316,642,1.4462025316455696,1.2,2,False,False,True,True,False
Smythe-Regular.ttf,Smythe,Latin,206,274,0.9951456310679612,1.15380859375,0,False,False,False,False,False
Sniglet-ExtraBold.ttf,Sniglet,Latin,201,244,1.1492537313432836,1.245,1,False,False,True,False,False
Sniglet-Regular.ttf,Sniglet,Latin,201,244,1.1492537313432836,1.245,1,False,False,True,False,False
Snippet.ttf,Snippet,Latin,195,218,1.0,1.151,0,False,False,False,False,False
SnowburstOne-Regular.ttf,Snowburst One,Latin,258,323,1.1472868217054264,1.263671875,1,False,False,True,False,False
SNPro-Italic[wght].ttf,SN Pro ExtraLight,Latin,319,1206,1.4420062695924765,1.3,3,True,False,True,True,False
SNPro-Italic[wght].ttf,SN Pro ExtraLight,Cyrillic,236,1206,1.444915254237288,1.3,3,True,False,True,True,False
SNPro[wght].ttf,SN Pro ExtraLight,Latin,319,1206,1.4420062695924765,1.3,3,True,False,True,True,False
SNPro[wght].ttf,SN Pro ExtraLight,Cyrillic,236,1206,1.444915254237288,1.3,3,True,False,True,True,False
SofadiOne-Regular.ttf,Sofadi One,Latin,233,264,1.0,1.166,0,False,False,False,False,False
Sofia-Regular.ttf,Sofia,Latin,198,232,1.0,1.576,0,False,False,False,False,False
SofiaSans-Italic[wght].ttf,Sofia Sans,Latin,294,934,1.598639455782313,1.2,3,True,False,True,True,False
SofiaSans-Italic[wght].ttf,Sofia Sans,Cyrillic,104,934,1.5769230769230769,1.2,3,True,False,True,True,False
SofiaSans[wght].ttf,Sofia Sans,Latin,294,954,1.598639455782313,1.2,3,True,False,True,True,False
SofiaSans[wght].ttf,Sofia Sans,Cyrillic,104,954,1.5769230769230769,1.2,3,True,False,True,True,False
SofiaSansCondensed-Italic[wght].ttf,Sofia Sans Condensed,Latin,294,934,1.598639455782313,1.2,3,True,False,True,True,False
SofiaSansCondensed-Italic[wght].ttf,Sofia Sans Condensed,Cyrillic,104,934,1.5769230769230769,1.2,3,True,False,True,True,False
SofiaSansCondensed[wght].ttf,Sofia Sans Condensed,Latin,294,954,1.598639455782313,1.2,3,True,False,True,True,False
SofiaSansCondensed[wght].ttf,Sofia Sans Condensed,Cyrillic,104,954,1.5769230769230769,1.2,3,True,False,True,True,False
SofiaSansExtraCondensed-Italic[wght].ttf,Sofia Sans Extra Condensed,Latin,294,934,1.598639455782313,1.2,3,True,False,True,True,False
SofiaSansExtraCondensed-Italic[wght].ttf,Sofia Sans Extra Condensed,Cyrillic,104,934,1.5769230769230769,1.2,3,True,False,True,True,False
SofiaSansExtraCondensed[wght].ttf,Sofia Sans Extra Condensed,Latin,294,954,1.598639455782313,1.2,3,True,False,True,True,False
SofiaSansExtraCondensed[wght].ttf,Sofia Sans Extra Condensed,Cyrillic,104,954,1.5769230769230769,1.2,3,True,False,True,True,False
SofiaSansSemiCondensed-Italic[wght].ttf,Sofia Sans Semi Condensed,Latin,294,934,1.598639455782313,1.2,3,True,False,True,True,False
SofiaSansSemiCondensed-Italic[wght].ttf,Sofia Sans Semi Condensed,Cyrillic,104,934,1.5769230769230769,1.2,3,True,False,True,True,False
SofiaSansSemiCondensed[wght].ttf,Sofia Sans Semi Condensed,Latin,294,954,1.598639455782313,1.2,3,True,False,True,True,False
SofiaSansSemiCondensed[wght].ttf,Sofia Sans Semi Condensed,Cyrillic,104,954,1.5769230769230769,1.2,3,True,False,True,True,False
Solitreo-Regular.ttf,Solitreo,Latin,290,525,1.4448275862068964,1.43,3,False,False,True,True,True
Solway-Bold.ttf,Solway,Latin,195,232,1.1487179487179486,1.2,1,False,False,False,True,False
Solway-ExtraBold.ttf,Solway,Latin,195,232,1.1487179487179486,1.2,1,False,False,False,True,False
Solway-Light.ttf,Solway,Latin,195,232,1.1487179487179486,1.2,1,False,False,False,True,False
Solway-Medium.ttf,Solway,Latin,195,232,1.1487179487179486,1.2,1,False,False,False,True,False
Solway-Regular.ttf,Solway,Latin,195,232,1.1487179487179486,1.2,1,False,False,False,True,False
SometypeMono-Italic[wght].ttf,Sometype Mono,Latin,315,563,1.2984126984126985,1.2,2,True,False,False,True,False
SometypeMono[wght].ttf,Sometype Mono,Latin,315,563,1.2984126984126985,1.2,2,True,False,False,True,False
SongMyung-Regular.ttf,Song Myung,Latin,101,2617,1.0,1.25,0,False,False,False,False,False
"Sono[MONO,wght].ttf",Sono ExtraLight,Latin,315,750,1.2984126984126985,1.2,1,False,False,False,True,False
SonsieOne-Regular.ttf,Sonsie One,Latin,336,426,1.0,1.2939453125,0,False,False,False,False,False
Sora[wght].ttf,Sora,Latin,312,513,1.4423076923076923,1.26,2,False,False,True,True,False
SortsMillGoudy-Italic.ttf,Sorts Mill Goudy,Latin,316,519,1.2974683544303798,1.438,2,False,False,True,False,True
SortsMillGoudy-Regular.ttf,Sorts Mill Goudy,Latin,316,626,1.2974683544303798,1.438,2,False,False,True,False,True
Souliyo-Regular.ttf,Souliyo Unicode,Latin,33,106,1.0,1.00048828125,0,False,False,False,False,False
SourceCodePro-Italic[wght].ttf,Source Code Pro ExtraLight,Latin,319,1271,1.1473354231974922,1.257,2,False,False,False,True,True
SourceCodePro[wght].ttf,Source Code Pro ExtraLight,Latin,319,1568,1.1473354231974922,1.257,2,False,False,False,True,True
SourceCodePro[wght].ttf,Source Code Pro ExtraLight,Cyrillic,150,1568,1.1466666666666667,1.257,2,False,False,False,True,True
SourceSans3-Italic[wght].ttf,Source Sans 3 ExtraLight,Latin,319,1998,1.4357366771159874,1.424,3,False,False,True,True,True
SourceSans3-Italic[wght].ttf,Source Sans 3 ExtraLight,Cyrillic,156,1998,1.4423076923076923,1.424,3,False,False,True,True,True
SourceSans3[wght].ttf,Source Sans 3 ExtraLight,Latin,319,2478,1.4357366771159874,1.424,3,False,False,True,True,True
SourceSans3[wght].ttf,Source Sans 3 ExtraLight,Cyrillic,156,2478,1.4423076923076923,1.424,3,False,False,True,True,True
"SourceSerif4-Italic[opsz,wght].ttf",Source Serif 4,Latin,313,1093,1.4345047923322685,1.371,2,False,False,True,True,False
"SourceSerif4-Italic[opsz,wght].ttf",Source Serif 4,Cyrillic,150,1093,1.44,1.371,2,False,False,True,True,False
"SourceSerif4[opsz,wght].ttf",Source Serif 4,Latin,313,1463,1.4345047923322685,1.371,2,False,False,True,True,False
"SourceSerif4[opsz,wght].ttf",Source Serif 4,Cyrillic,150,1463,1.44,1.371,2,False,False,True,True,False
"SourGummy-Italic[wdth,wght].ttf",Sour Gummy Black,Latin,308,385,1.2987012987012987,1.292,2,False,False,True,True,False
"SourGummy[wdth,wght].ttf",Sour Gummy Black,Latin,308,385,1.2987012987012987,1.292,2,False,False,True,True,False
SpaceGrotesk[wght].ttf,Space Grotesk Light,Latin,320,1001,1.45,1.276,2,False,False,True,True,False
SpaceMono-Bold.ttf,Space Mono,Latin,316,765,1.2974683544303798,1.481,2,False,False,True,True,False
SpaceMono-BoldItalic.ttf,Space Mono,Latin,316,763,1.2974683544303798,1.481,2,False,False,True,True,False
SpaceMono-Italic.ttf,Space Mono,Latin,316,763,1.2974683544303798,1.481,2,False,False,True,True,False
SpaceMono-Regular.ttf,Space Mono,Latin,316,765,1.2974683544303798,1.481,2,False,False,True,True,False
"SpecialGothic[wdth,wght].ttf",Special Gothic,Latin,315,561,1.4476190476190476,1.3,2,False,False,True,True,False
SpecialGothicCondensedOne-Regular.ttf,Special Gothic Condensed One,Latin,315,559,1.4476190476190476,1.3,2,False,False,True,True,False
SpecialGothicExpandedOne-Regular.ttf,Special Gothic Expanded One,Latin,315,559,1.4476190476190476,1.3,2,False,False,True,True,False
Spectral-Bold.ttf,Spectral,Latin,319,1480,1.4420062695924765,1.522,2,False,False,True,True,False
Spectral-Bold.ttf,Spectral,Cyrillic,128,1480,1.4453125,1.522,2,False,False,True,True,False
Spectral-BoldItalic.ttf,Spectral,Latin,319,1480,1.4420062695924765,1.522,2,False,False,True,True,False
Spectral-BoldItalic.ttf,Spectral,Cyrillic,128,1480,1.4453125,1.522,2,False,False,True,True,False
Spectral-ExtraBold.ttf,Spectral ExtraBold,Latin,319,1480,1.4420062695924765,1.522,2,False,False,True,True,False
Spectral-ExtraBold.ttf,Spectral ExtraBold,Cyrillic,128,1480,1.4453125,1.522,2,False,False,True,True,False
Spectral-ExtraBoldItalic.ttf,Spectral ExtraBold,Latin,319,1480,1.4420062695924765,1.522,2,False,False,True,True,False
Spectral-ExtraBoldItalic.ttf,Spectral ExtraBold,Cyrillic,128,1480,1.4453125,1.522,2,False,False,True,True,False
Spectral-ExtraLight.ttf,Spectral ExtraLight,Latin,319,1480,1.4420062695924765,1.522,2,False,False,True,True,False
Spectral-ExtraLight.ttf,Spectral ExtraLight,Cyrillic,128,1480,1.4453125,1.522,2,False,False,True,True,False
Spectral-ExtraLightItalic.ttf,Spectral ExtraLight,Latin,319,1480,1.4420062695924765,1.522,2,False,False,True,True,False
Spectral-ExtraLightItalic.ttf,Spectral ExtraLight,Cyrillic,128,1480,1.4453125,1.522,2,False,False,True,True,False
Spectral-Italic.ttf,Spectral,Latin,319,1480,1.4420062695924765,1.522,2,False,False,True,True,False
Spectral-Italic.ttf,Spectral,Cyrillic,128,1480,1.4453125,1.522,2,False,False,True,True,False
Spectral-Light.ttf,Spectral Light,Latin,319,1480,1.4420062695924765,1.522,2,False,False,True,True,False
Spectral-Light.ttf,Spectral Light,Cyrillic,128,1480,1.4453125,1.522,2,False,False,True,True,False
Spectral-LightItalic.ttf,Spectral Light,Latin,319,1480,1.4420062695924765,1.522,2,False,False,True,True,False
Spectral-LightItalic.ttf,Spectral Light,Cyrillic,128,1480,1.4453125,1.522,2,False,False,True,True,False
Spectral-Medium.ttf,Spectral Medium,Latin,319,1480,1.4420062695924765,1.522,2,False,False,True,True,False
Spectral-Medium.ttf,Spectral Medium,Cyrillic,128,1480,1.4453125,1.522,2,False,False,True,True,False
Spectral-MediumItalic.ttf,Spectral Medium,Latin,319,1480,1.4420062695924765,1.522,2,False,False,True,True,False
Spectral-MediumItalic.ttf,Spectral Medium,Cyrillic,128,1480,1.4453125,1.522,2,False,False,True,True,False
Spectral-Regular.ttf,Spectral,Latin,319,1480,1.4420062695924765,1.522,2,False,False,True,True,False
Spectral-Regular.ttf,Spectral,Cyrillic,128,1480,1.4453125,1.522,2,False,False,True,True,False
Spectral-SemiBold.ttf,Spectral SemiBold,Latin,319,1480,1.4420062695924765,1.522,2,False,False,True,True,False
Spectral-SemiBold.ttf,Spectral SemiBold,Cyrillic,128,1480,1.4453125,1.522,2,False,False,True,True,False
Spectral-SemiBoldItalic.ttf,Spectral SemiBold,Latin,319,1480,1.4420062695924765,1.522,2,False,False,True,True,False
Spectral-SemiBoldItalic.ttf,Spectral SemiBold,Cyrillic,128,1480,1.4453125,1.522,2,False,False,True,True,False
SpectralSC-Bold.ttf,Spectral SC,Latin,319,1480,1.4420062695924765,1.522,2,False,False,True,True,False
SpectralSC-Bold.ttf,Spectral SC,Cyrillic,128,1480,1.4453125,1.522,2,False,False,True,True,False
SpectralSC-BoldItalic.ttf,Spectral SC,Latin,319,1480,1.4420062695924765,1.522,2,False,False,True,True,False
SpectralSC-BoldItalic.ttf,Spectral SC,Cyrillic,128,1480,1.4453125,1.522,2,False,False,True,True,False
SpectralSC-ExtraBold.ttf,Spectral SC ExtraBold,Latin,319,1480,1.4420062695924765,1.522,2,False,False,True,True,False
SpectralSC-ExtraBold.ttf,Spectral SC ExtraBold,Cyrillic,128,1480,1.4453125,1.522,2,False,False,True,True,False
SpectralSC-ExtraBoldItalic.ttf,Spectral SC ExtraBold,Latin,319,1480,1.4420062695924765,1.522,2,False,False,True,True,False
SpectralSC-ExtraBoldItalic.ttf,Spectral SC ExtraBold,Cyrillic,128,1480,1.4453125,1.522,2,False,False,True,True,False
SpectralSC-ExtraLight.ttf,Spectral SC ExtraLight,Latin,319,1480,1.4420062695924765,1.522,2,False,False,True,True,False
SpectralSC-ExtraLight.ttf,Spectral SC ExtraLight,Cyrillic,128,1480,1.4453125,1.522,2,False,False,True,True,False
SpectralSC-ExtraLightItalic.ttf,Spectral SC ExtraLight,Latin,319,1480,1.4420062695924765,1.522,2,False,False,True,True,False
SpectralSC-ExtraLightItalic.ttf,Spectral SC ExtraLight,Cyrillic,128,1480,1.4453125,1.522,2,False,False,True,True,False
SpectralSC-Italic.ttf,Spectral SC,Latin,319,1480,1.4420062695924765,1.522,2,False,False,True,True,False
SpectralSC-Italic.ttf,Spectral SC,Cyrillic,128,1480,1.4453125,1.522,2,False,False,True,True,False
SpectralSC-Light.ttf,Spectral SC Light,Latin,319,1480,1.4420062695924765,1.522,2,False,False,True,True,False
SpectralSC-Light.ttf,Spectral SC Light,Cyrillic,128,1480,1.4453125,1.522,2,False,False,True,True,False
SpectralSC-LightItalic.ttf,Spectral SC Light,Latin,319,1480,1.4420062695924765,1.522,2,False,False,True,True,False
SpectralSC-LightItalic.ttf,Spectral SC Light,Cyrillic,128,1480,1.4453125,1.522,2,False,False,True,True,False
SpectralSC-Medium.ttf,Spectral SC Medium,Latin,319,1480,1.4420062695924765,1.522,2,False,False,True,True,False
SpectralSC-Medium.ttf,Spectral SC Medium,Cyrillic,128,1480,1.4453125,1.522,2,False,False,True,True,False
SpectralSC-MediumItalic.ttf,Spectral SC Medium,Latin,319,1480,1.4420062695924765,1.522,2,False,False,True,True,False
SpectralSC-MediumItalic.ttf,Spectral SC Medium,Cyrillic,128,1480,1.4453125,1.522,2,False,False,True,True,False
SpectralSC-Regular.ttf,Spectral SC,Latin,319,1480,1.4420062695924765,1.522,2,False,False,True,True,False
SpectralSC-Regular.ttf,Spectral SC,Cyrillic,128,1480,1.4453125,1.522,2,False,False,True,True,False
SpectralSC-SemiBold.ttf,Spectral SC SemiBold,Latin,319,1480,1.4420062695924765,1.522,2,False,False,True,True,False
SpectralSC-SemiBold.ttf,Spectral SC SemiBold,Cyrillic,128,1480,1.4453125,1.522,2,False,False,True,True,False
SpectralSC-SemiBoldItalic.ttf,Spectral SC SemiBold,Latin,319,1480,1.4420062695924765,1.522,2,False,False,True,True,False
SpectralSC-SemiBoldItalic.ttf,Spectral SC SemiBold,Cyrillic,128,1480,1.4453125,1.522,2,False,False,True,True,False
SpicyRice-Regular.ttf,Spicy Rice,Latin,318,373,1.1477987421383649,1.37890625,1,False,False,True,False,False
Spinnaker-Regular.ttf,Spinnaker,Latin,232,260,1.0,1.17529296875,0,False,False,False,False,False
Spirax-Regular.ttf,Spirax,Latin,196,222,1.0,1.235,0,False,False,False,False,False
Splash-Regular.ttf,Splash,Latin,316,664,1.7436708860759493,1.63,3,True,False,True,True,False
SplineSans[wght].ttf,Spline Sans,Latin,307,520,1.299674267100977,1.2,2,False,False,True,True,False
SplineSansMono-Italic[wght].ttf,Spline Sans Mono,Latin,307,627,1.299674267100977,1.2,2,False,False,True,True,False
SplineSansMono[wght].ttf,Spline Sans Mono,Latin,307,555,1.299674267100977,1.2,2,False,False,True,True,False
SquadaOne-Regular.ttf,Squada One,Latin,185,192,1.0,1.057,0,False,False,False,False,False
SquarePeg-Regular.ttf,Square Peg,Latin,316,652,1.4462025316455696,1.32,2,False,False,True,True,False
SreeKrushnadevaraya-Regular.ttf,Sree Krushnadevaraya,Latin,129,1221,1.8837209302325582,2.0597222222222222,1,False,True,False,False,False
SreeKrushnadevaraya-Regular.ttf,Sree Krushnadevaraya,Telugu,94,1221,1.8936170212765957,2.0597222222222222,1,False,True,False,False,False
Sriracha-Regular.ttf,Sriracha,Latin,319,965,3.06269592476489,1.2,2,False,False,True,True,False
Srisakdi-Bold.ttf,Srisakdi,Latin,320,775,2.2,1.2,2,False,False,True,True,False
Srisakdi-Regular.ttf,Srisakdi,Latin,320,775,2.2,1.2,2,False,False,True,True,False
Staatliches-Regular.ttf,Staatliches,Latin,314,424,1.2993630573248407,1.25,2,False,False,True,True,False
StackSansHeadline[wght].ttf,Stack Sans Headline ExtraLight,Latin,306,522,1.2941176470588236,1.3,2,False,False,True,True,False
StackSansNotch[wght].ttf,Stack Sans Notch ExtraLight,Latin,306,522,1.2941176470588236,1.3,2,False,False,True,True,False
StackSansText[wght].ttf,Stack Sans Text ExtraLight,Latin,306,522,1.2941176470588236,1.3,2,False,False,True,True,False
Stalemate-Regular.ttf,Stalemate,Latin,318,378,1.1477987421383649,1.4658203125,1,False,False,True,False,False
StalinistOne-Regular.ttf,Stalinist One,Latin,216,337,1.0,1.476,0,False,False,False,False,False
StalinistOne-Regular.ttf,Stalinist One,Cyrillic,94,337,1.0,1.476,0,False,False,False,False,False
StardosStencil-Bold.ttf,Stardos Stencil,Latin,219,306,1.0,1.37939453125,0,False,False,False,False,False
StardosStencil-Regular.ttf,Stardos Stencil,Latin,218,305,1.0,1.37939453125,0,False,False,False,False,False
Stick-Regular.ttf,Stick,Latin,202,9362,1.297029702970297,1.0,1,False,False,True,False,False
Stick-Regular.ttf,Stick,Cyrillic,66,9362,1.2727272727272727,1.0,1,False,False,True,False,False
Stick-Regular.ttf,Stick,Katakana,94,9362,1.297872340425532,1.0,1,False,False,True,False,False
Stick-Regular.ttf,Stick,Han,6758,9362,1.299348919798757,1.0,1,False,False,True,False,False
StickNoBills[wght].ttf,Stick No Bills ExtraLight,Latin,277,867,2.036101083032491,1.252,2,False,True,True,False,False
StintUltraCondensed-Regular.ttf,Stint Ultra Condensed,Latin,318,371,1.1477987421383649,1.12890625,1,False,False,True,False,False
StintUltraExpanded-Regular.ttf,Stint Ultra Expanded,Latin,318,371,1.1477987421383649,1.140625,1,False,False,True,False,False
STIXTwoMath-Regular.ttf,STIX Two Math,Latin,319,6760,1.884012539184953,1.25,0,False,False,False,False,False
STIXTwoMath-Regular.ttf,STIX Two Math,Cyrillic,106,6760,1.849056603773585,1.25,0,False,False,False,False,False
STIXTwoText-Italic[wght].ttf,STIX Two Text,Latin,319,2238,3.06269592476489,1.25,2,False,False,True,True,False
STIXTwoText-Italic[wght].ttf,STIX Two Text,Cyrillic,106,2238,2.981132075471698,1.25,2,False,False,True,True,False
STIXTwoText[wght].ttf,STIX Two Text,Latin,319,2221,2.768025078369906,1.25,2,False,False,True,True,False
STIXTwoText[wght].ttf,STIX Two Text,Cyrillic,106,2221,2.69811320754717,1.25,2,False,False,True,True,False
Stoke-Light.ttf,Stoke,Latin,336,427,1.0,1.25,0,False,False,False,False,False
Stoke-Regular.ttf,Stoke,Latin,338,425,1.0,1.25,0,False,False,False,False,False
StoryScript-Regular.ttf,Story Script,Latin,316,699,1.4462025316455696,1.299,2,False,False,True,True,False
Strait-Regular.ttf,Strait,Latin,318,454,1.4433962264150944,1.095,2,False,False,True,True,False
"StrichpunktSans[wdth,wght].ttf",Strichpunkt Sans,Latin,313,545,1.4408945686900958,1.3,3,True,False,True,True,False
Strong-Regular.ttf,Strong,Latin,194,320,1.0,1.194,0,False,False,False,False,False
Strong-Regular.ttf,Strong,Cyrillic,94,320,1.0,1.194,0,False,False,False,False,False
StyleScript-Regular.ttf,Style Script,Latin,307,1439,1.8990228013029316,1.52,3,True,False,True,True,False
Stylish-Regular.ttf,Stylish,Latin,99,11370,1.0,1.25,0,False,False,False,False,False
SueEllenFrancisco-Regular.ttf,Sue Ellen Francisco,Latin,251,290,1.0,1.94921875,0,False,False,False,False,False
SuezOne-Regular.ttf,Suez One,Latin,289,460,2.6366782006920415,1.306,3,False,False,True,True,True
SulphurPoint-Bold.ttf,Sulphur Point,Latin,281,382,1.1494661921708185,1.369,1,False,False,False,True,False
SulphurPoint-Light.ttf,Sulphur Point,Latin,281,382,1.1494661921708185,1.369,1,False,False,False,True,False
SulphurPoint-Regular.ttf,Sulphur Point,Latin,281,382,1.1494661921708185,1.369,1,False,False,False,True,False
Sumana-Bold.ttf,Sumana,Latin,275,788,4.130909090909091,2.927,4,True,True,True,True,False
Sumana-Bold.ttf,Sumana,Devanagari,123,788,4.073170731707317,2.927,4,True,True,True,True,False
Sumana-Regular.ttf,Sumana,Latin,275,788,4.130909090909091,2.927,4,True,True,True,True,False
Sumana-Regular.ttf,Sumana,Devanagari,123,788,4.073170731707317,2.927,4,True,True,True,True,False
Sunflower-Bold.ttf,Sunflower,Latin,98,2505,1.0,1.25,0,False,False,False,False,False
Sunflower-Light.ttf,Sunflower,Latin,98,2505,1.0,1.25,0,False,False,False,False,False
Sunflower-Medium.ttf,Sunflower,Latin,98,2505,1.0,1.25,0,False,False,False,False,False
SupermercadoOne-Regular.ttf,Supermercado,Latin,336,425,1.0,1.197265625,0,False,False,False,False,False
Sura-Bold.ttf,Sura,Latin,155,664,1.8903225806451613,1.57763671875,2,False,True,False,True,False
Sura-Bold.ttf,Sura,Devanagari,155,664,1.8903225806451613,1.57763671875,2,False,True,False,True,False
Sura-Regular.ttf,Sura,Latin,155,664,1.8903225806451613,1.57763671875,2,False,True,False,True,False
Sura-Regular.ttf,Sura,Devanagari,155,664,1.8903225806451613,1.57763671875,2,False,True,False,True,False
Suranna-Regular.ttf,Suranna,Latin,127,1217,1.8976377952755905,2.18974358974359,1,False,True,False,False,False
Suranna-Regular.ttf,Suranna,Telugu,94,1217,1.8936170212765957,2.18974358974359,1,False,True,False,False,False
Suravaram-Regular.ttf,Suravaram,Latin,129,726,1.8837209302325582,2.1316326530612244,2,False,True,False,True,False
Suravaram-Regular.ttf,Suravaram,Telugu,94,726,1.8936170212765957,2.1316326530612244,2,False,True,False,True,False
SUSE-Italic[wght].ttf,SUSE Thin,Latin,294,595,1.4489795918367347,1.26,3,True,False,True,True,False
SUSE[wght].ttf,SUSE Thin,Latin,294,629,1.4489795918367347,1.26,3,True,False,True,True,False
SUSEMono-Italic[wght].ttf,SUSE Mono Thin,Latin,294,615,1.4489795918367347,1.26,3,True,False,True,True,False
SUSEMono[wght].ttf,SUSE Mono Thin,Latin,294,649,1.4489795918367347,1.26,3,True,False,True,True,False
Suwannaphum-Black.ttf,Suwannaphum Black,Latin,98,360,1.2857142857142858,1.806640625,1,False,True,False,False,False
Suwannaphum-Bold.ttf,Suwannaphum,Latin,98,360,1.2857142857142858,1.806640625,1,False,True,False,False,False
Suwannaphum-Light.ttf,Suwannaphum Light,Latin,98,360,1.2857142857142858,1.806640625,1,False,True,False,False,False
Suwannaphum-Regular.ttf,Suwannaphum,Latin,98,360,1.2857142857142858,1.806640625,1,False,True,False,False,False
Suwannaphum-Thin.ttf,Suwannaphum Thin,Latin,98,360,1.2857142857142858,1.806640625,1,False,True,False,False,False
SwankyandMooMoo.ttf,Swanky and Moo Moo,Latin,298,344,1.0,1.466796875,0,False,False,False,False,False
Syne[wght].ttf,Syne,Latin,295,711,1.5966101694915253,1.2,2,False,False,True,True,False
SyneMono-Regular.ttf,Syne Mono,Latin,294,608,1.1496598639455782,1.2,1,False,False,False,True,False
SyneTactile-Regular.ttf,Syne Tactile,Latin,295,499,1.4474576271186441,1.2,2,False,False,True,True,False
TacOne-Regular.ttf,Tac One,Latin,308,1103,1.448051948051948,1.03,2,False,False,True,True,False
Tagesschrift-Regular.ttf,Tagesschrift,Latin,270,340,1.2962962962962963,1.3,2,False,False,True,True,False
TaiHeritagePro-Bold.ttf,Tai Heritage Pro,Latin,226,542,1.1460176991150441,2.099609375,2,False,False,False,True,True
TaiHeritagePro-Regular.ttf,Tai Heritage Pro,Latin,226,542,1.1460176991150441,2.099609375,2,False,False,False,True,True
Tajawal-Black.ttf,Tajawal,Latin,200,465,5.055,1.2,4,True,False,True,True,True
Tajawal-Black.ttf,Tajawal,Arabic,183,465,5.131147540983607,1.2,4,True,False,True,True,True
Tajawal-Bold.ttf,Tajawal,Latin,200,474,5.635,1.2,4,True,False,True,True,True
Tajawal-Bold.ttf,Tajawal,Arabic,183,474,5.721311475409836,1.2,4,True,False,True,True,True
Tajawal-ExtraBold.ttf,Tajawal,Latin,200,465,5.055,1.2,4,True,False,True,True,True
Tajawal-ExtraBold.ttf,Tajawal,Arabic,183,465,5.131147540983607,1.2,4,True,False,True,True,True
Tajawal-ExtraLight.ttf,Tajawal,Latin,200,464,5.055,1.2,4,True,False,True,True,True
Tajawal-ExtraLight.ttf,Tajawal,Arabic,183,464,5.131147540983607,1.2,4,True,False,True,True,True
Tajawal-Light.ttf,Tajawal,Latin,200,473,5.635,1.2,4,True,False,True,True,True
Tajawal-Light.ttf,Tajawal,Arabic,183,473,5.721311475409836,1.2,4,True,False,True,True,True
Tajawal-Medium.ttf,Tajawal,Latin,200,474,5.635,1.2,4,True,False,True,True,True
Tajawal-Medium.ttf,Tajawal,Arabic,183,474,5.721311475409836,1.2,4,True,False,True,True,True
Tajawal-Regular.ttf,Tajawal,Latin,200,465,5.055,1.2,4,True,False,True,True,True
Tajawal-Regular.ttf,Tajawal,Arabic,183,465,5.131147540983607,1.2,4,True,False,True,True,True
Tangerine-Bold.ttf,Tangerine,Latin,199,231,0.9949748743718593,1.0,0,False,False,False,False,False
Tangerine-Regular.ttf,Tangerine,Latin,199,231,0.9949748743718593,1.0,0,False,False,False,False,False
Tapestry-Regular.ttf,Tapestry,Latin,316,617,1.4462025316455696,1.25,2,False,False,True,True,False
Taprom-Regular.ttf,Taprom,Latin,98,360,1.2857142857142858,1.806640625,1,False,True,False,False,False
TASAExplorer[wght].ttf,TASA Explorer,Latin,313,659,1.1469648562300319,1.2,1,False,False,False,True,False
TASAOrbiter[wght].ttf,TASA Orbiter,Latin,313,698,1.1469648562300319,1.2,1,False,False,False,True,False
Tauri-Regular.ttf,Tauri,Latin,245,285,1.0,1.25,0,False,False,False,False,False
Taviraj-Black.ttf,Taviraj,Latin,318,773,2.1823899371069184,1.2,2,False,False,True,True,False
Taviraj-BlackItalic.ttf,Taviraj,Latin,318,772,2.1823899371069184,1.2,2,False,False,True,True,False
Taviraj-Bold.ttf,Taviraj,Latin,318,772,2.1823899371069184,1.2,2,False,False,True,True,False
Taviraj-BoldItalic.ttf,Taviraj,Latin,318,772,2.1823899371069184,1.2,2,False,False,True,True,False
Taviraj-ExtraBold.ttf,Taviraj,Latin,318,772,2.1823899371069184,1.2,2,False,False,True,True,False
Taviraj-ExtraBoldItalic.ttf,Taviraj,Latin,318,772,2.1823899371069184,1.2,2,False,False,True,True,False
Taviraj-ExtraLight.ttf,Taviraj,Latin,318,772,2.1823899371069184,1.2,2,False,False,True,True,False
Taviraj-ExtraLightItalic.ttf,Taviraj,Latin,318,772,2.1823899371069184,1.2,2,False,False,True,True,False
Taviraj-Italic.ttf,Taviraj,Latin,318,772,2.1823899371069184,1.2,2,False,False,True,True,False
Taviraj-Light.ttf,Taviraj,Latin,318,772,2.1823899371069184,1.2,2,False,False,True,True,False
Taviraj-LightItalic.ttf,Taviraj,Latin,318,772,2.1823899371069184,1.2,2,False,False,True,True,False
Taviraj-Medium.ttf,Taviraj,Latin,318,772,2.1823899371069184,1.2,2,False,False,True,True,False
Taviraj-MediumItalic.ttf,Taviraj,Latin,318,772,2.1823899371069184,1.2,2,False,False,True,True,False
Taviraj-Regular.ttf,Taviraj,Latin,318,772,2.1823899371069184,1.2,2,False,False,True,True,False
Taviraj-SemiBold.ttf,Taviraj,Latin,318,772,2.1823899371069184,1.2,2,False,False,True,True,False
Taviraj-SemiBoldItalic.ttf,Taviraj,Latin,318,772,2.1823899371069184,1.2,2,False,False,True,True,False
Taviraj-Thin.ttf,Taviraj,Latin,318,772,2.1823899371069184,1.2,2,False,False,True,True,False
Taviraj-ThinItalic.ttf,Taviraj,Latin,318,772,2.1823899371069184,1.2,2,False,False,True,True,False
Teachers-Italic[wght].ttf,Teachers,Latin,278,354,1.1474820143884892,1.2,1,False,False,False,True,False
Teachers[wght].ttf,Teachers,Latin,278,354,1.1474820143884892,1.2,1,False,False,False,True,False
Teko[wght].ttf,Teko Light,Latin,274,1025,3.2445255474452557,1.433,4,False,True,True,True,True
Teko[wght].ttf,Teko Light,Devanagari,93,1025,3.096774193548387,1.433,4,False,True,True,True,True
"Tektur[wdth,wght].ttf",Tektur,Latin,317,1129,1.7413249211356467,1.3,3,True,False,True,True,False
"Tektur[wdth,wght].ttf",Tektur,Cyrillic,182,1129,1.7417582417582418,1.3,3,True,False,True,True,False
Telex-Regular.ttf,Telex,Latin,219,269,1.4383561643835616,1.205,2,False,False,True,True,False
TenaliRamakrishna-Regular.ttf,Tenali Ramakrishna,Latin,111,1644,2.009009009009009,1.564,2,False,True,False,True,False
TenaliRamakrishna-Regular.ttf,Tenali Ramakrishna,Telugu,93,1644,1.978494623655914,1.564,2,False,True,False,True,False
TenorSans-Regular.ttf,Tenor Sans,Latin,307,477,0.996742671009772,1.17,0,False,False,False,False,False
TenorSans-Regular.ttf,Tenor Sans,Cyrillic,94,477,1.0,1.17,0,False,False,False,False,False
TextMeOne-Regular.ttf,Text Me One,Latin,201,250,1.1492537313432836,1.221,1,False,False,True,False,False
"Texturina-Italic[opsz,wght].ttf",Texturina Medium,Latin,318,723,1.4433962264150944,1.56,2,False,False,True,True,False
"Texturina[opsz,wght].ttf",Texturina Medium,Latin,318,722,1.4433962264150944,1.56,2,False,False,True,True,False
Thabit-Bold.ttf,Thabit-Bold,Latin,304,789,1.888157894736842,1.6787109375,4,True,False,True,True,True
Thabit-Bold.ttf,Thabit-Bold,Arabic,265,789,1.8830188679245283,1.6787109375,4,True,False,True,True,True
Thabit-BoldOblique.ttf,Thabit-Bold-Oblique,Latin,304,789,1.888157894736842,1.6787109375,4,True,False,True,True,True
Thabit-BoldOblique.ttf,Thabit-Bold-Oblique,Arabic,265,789,1.8830188679245283,1.6787109375,4,True,False,True,True,True
Thabit-Oblique.ttf,Thabit-Oblique,Latin,303,788,1.891089108910891,1.6787109375,4,True,False,True,True,True
Thabit-Oblique.ttf,Thabit-Oblique,Arabic,265,788,1.8830188679245283,1.6787109375,4,True,False,True,True,True
Thabit.ttf,Thabit,Latin,303,788,1.891089108910891,1.6787109375,4,True,False,True,True,True
Thabit.ttf,Thabit,Arabic,265,788,1.8830188679245283,1.6787109375,4,True,False,True,True,True
Tharlon-Regular.ttf,TharLon,Latin,125,630,0.928,1.452,0,False,False,False,False,False
Thasadith-Bold.ttf,Thasadith,Latin,319,773,2.1786833855799372,1.3,2,False,False,True,True,False
Thasadith-BoldItalic.ttf,Thasadith,Latin,319,773,2.1786833855799372,1.3,2,False,False,True,True,False
Thasadith-Italic.ttf,Thasadith,Latin,319,773,2.1786833855799372,1.3,2,False,False,True,True,False
Thasadith-Regular.ttf,Thasadith,Latin,319,773,2.1786833855799372,1.3,2,False,False,True,True,False
TheGirlNextDoor.ttf,The Girl Next Door,Latin,301,346,0.9966777408637874,1.8427734375,0,False,False,False,False,False
TheNautigal-Bold.ttf,The Nautigal,Latin,316,630,1.4462025316455696,1.2,2,False,False,True,True,False
TheNautigal-Regular.ttf,The Nautigal,Latin,316,630,1.4462025316455696,1.2,2,False,False,True,True,False
Tienne-Black.ttf,Tienne,Latin,238,340,1.0,1.3447265625,0,False,False,False,False,False
Tienne-Bold.ttf,Tienne,Latin,220,303,1.0,1.3447265625,0,False,False,False,False,False
Tienne-Regular.ttf,Tienne,Latin,265,354,1.0,1.3447265625,0,False,False,False,False,False
"TikTokSans[opsz,slnt,wdth,wght].ttf",TikTok Sans Light,Latin,315,1181,1.2984126984126985,1.3,3,True,False,False,True,True
"TikTokSans[opsz,slnt,wdth,wght].ttf",TikTok Sans Light,Cyrillic,150,1181,1.2933333333333332,1.3,3,True,False,False,True,True
Tillana-Bold.ttf,Tillana,Latin,278,1012,3.212230215827338,1.642,3,False,True,True,True,False
Tillana-Bold.ttf,Tillana,Devanagari,94,1012,3.234042553191489,1.642,3,False,True,True,True,False
Tillana-ExtraBold.ttf,Tillana,Latin,278,1012,3.212230215827338,1.642,3,False,True,True,True,False
Tillana-ExtraBold.ttf,Tillana,Devanagari,94,1012,3.234042553191489,1.642,3,False,True,True,True,False
Tillana-Medium.ttf,Tillana,Latin,278,1012,3.212230215827338,1.642,3,False,True,True,True,False
Tillana-Medium.ttf,Tillana,Devanagari,94,1012,3.234042553191489,1.642,3,False,True,True,True,False
Tillana-Regular.ttf,Tillana,Latin,278,1012,3.212230215827338,1.642,3,False,True,True,True,False
Tillana-Regular.ttf,Tillana,Devanagari,94,1012,3.234042553191489,1.642,3,False,True,True,True,False
Tillana-SemiBold.ttf,Tillana,Latin,278,1012,3.212230215827338,1.642,3,False,True,True,True,False
Tillana-SemiBold.ttf,Tillana,Devanagari,94,1012,3.234042553191489,1.642,3,False,True,True,True,False
"TiltNeon[XROT,YROT].ttf",Tilt Neon,Latin,315,726,1.1492063492063491,1.262,2,False,False,True,True,False
"TiltPrism[XROT,YROT].ttf",Tilt Prism,Latin,315,654,1.1492063492063491,1.262,2,False,False,True,True,False
"TiltWarp[XROT,YROT].ttf",Tilt Warp,Latin,298,720,1.1476510067114094,1.262,2,False,False,True,True,False
Timmana-Regular.ttf,Timmana,Latin,111,1598,2.009009009009009,1.6293333333333333,2,False,True,False,True,False
Timmana-Regular.ttf,Timmana,Telugu,93,1598,1.978494623655914,1.6293333333333333,2,False,True,False,True,False
Tiny5-Regular.ttf,Tiny5,Latin,318,1155,1.1477987421383649,1.125,1,False,False,False,True,False
Tiny5-Regular.ttf,Tiny5,Cyrillic,178,1155,1.146067415730337,1.125,1,False,False,False,True,False
TiroBangla-Italic.ttf,Tiro Bangla,Latin,241,1193,3.091286307053942,1.33,4,True,True,True,True,False
TiroBangla-Italic.ttf,Tiro Bangla,Bengali,96,1193,3.0416666666666665,1.33,4,True,True,True,True,False
TiroBangla-Regular.ttf,Tiro Bangla,Latin,241,1193,3.091286307053942,1.33,4,True,True,True,True,False
TiroBangla-Regular.ttf,Tiro Bangla,Bengali,96,1193,3.0416666666666665,1.33,4,True,True,True,True,False
TiroDevanagariHindi-Italic.ttf,Tiro Devanagari Hindi,Latin,241,1416,2.79253112033195,1.33,4,True,True,True,True,False
TiroDevanagariHindi-Italic.ttf,Tiro Devanagari Hindi,Devanagari,132,1416,2.727272727272727,1.33,4,True,True,True,True,False
TiroDevanagariHindi-Regular.ttf,Tiro Devanagari Hindi,Latin,241,1416,2.79253112033195,1.33,4,True,True,True,True,False
TiroDevanagariHindi-Regular.ttf,Tiro Devanagari Hindi,Devanagari,132,1416,2.727272727272727,1.33,4,True,True,True,True,False
TiroDevanagariMarathi-Italic.ttf,Tiro Devanagari Marathi,Latin,241,1395,2.79253112033195,1.33,4,True,True,True,True,False
TiroDevanagariMarathi-Italic.ttf,Tiro Devanagari Marathi,Devanagari,107,1395,2.794392523364486,1.33,4,True,True,True,True,False
TiroDevanagariMarathi-Regular.ttf,Tiro Devanagari Marathi,Latin,241,1395,2.79253112033195,1.33,4,True,True,True,True,False
TiroDevanagariMarathi-Regular.ttf,Tiro Devanagari Marathi,Devanagari,107,1395,2.794392523364486,1.33,4,True,True,True,True,False
TiroDevanagariSanskrit-Italic.ttf,Tiro Devanagari Sanskrit,Latin,241,1835,2.79253112033195,1.33,4,True,True,True,True,False
TiroDevanagariSanskrit-Italic.ttf,Tiro Devanagari Sanskrit,Devanagari,138,1835,2.739130434782609,1.33,4,True,True,True,True,False
TiroDevanagariSanskrit-Regular.ttf,Tiro Devanagari Sanskrit,Latin,241,1835,2.79253112033195,1.33,4,True,True,True,True,False
TiroDevanagariSanskrit-Regular.ttf,Tiro Devanagari Sanskrit,Devanagari,138,1835,2.739130434782609,1.33,4,True,True,True,True,False
TiroGurmukhi-Italic.ttf,Tiro Gurmukhi,Latin,241,874,2.6431535269709543,1.25,4,True,True,True,True,False
TiroGurmukhi-Regular.ttf,Tiro Gurmukhi,Latin,241,874,2.6431535269709543,1.25,4,True,True,True,True,False
TiroKannada-Italic.ttf,Tiro Kannada,Latin,241,1240,2.3443983402489628,1.794,3,False,True,True,True,False
TiroKannada-Regular.ttf,Tiro Kannada,Latin,241,1240,2.3443983402489628,1.794,3,False,True,True,True,False
TiroTamil-Italic.ttf,Tiro Tamil,Latin,241,898,2.195020746887967,1.436,3,False,True,True,True,False
TiroTamil-Italic.ttf,Tiro Tamil,Tamil,72,898,2.111111111111111,1.436,3,False,True,True,True,False
TiroTamil-Regular.ttf,Tiro Tamil,Latin,241,898,2.195020746887967,1.436,3,False,True,True,True,False
TiroTamil-Regular.ttf,Tiro Tamil,Tamil,72,898,2.111111111111111,1.436,3,False,True,True,True,False
TiroTelugu-Italic.ttf,Tiro Telugu,Latin,241,1581,2.3443983402489628,1.794,3,False,True,True,True,False
TiroTelugu-Italic.ttf,Tiro Telugu,Telugu,100,1581,2.35,1.794,3,False,True,True,True,False
TiroTelugu-Regular.ttf,Tiro Telugu,Latin,241,1581,2.3443983402489628,1.794,3,False,True,True,True,False
TiroTelugu-Regular.ttf,Tiro Telugu,Telugu,100,1581,2.35,1.794,3,False,True,True,True,False
Tirra-Black.ttf,Tirra Black,Latin,213,452,1.2910798122065728,1.3701171875,3,False,False,True,True,True
Tirra-Bold.ttf,Tirra,Latin,213,452,1.2910798122065728,1.3701171875,3,False,False,True,True,True
Tirra-ExtraBold.ttf,Tirra ExtraBold,Latin,213,452,1.2910798122065728,1.3701171875,3,False,False,True,True,True
Tirra-Medium.ttf,Tirra Medium,Latin,213,452,1.2910798122065728,1.3701171875,3,False,False,True,True,True
Tirra-Regular.ttf,Tirra,Latin,213,452,1.2910798122065728,1.3701171875,3,False,False,True,True,True
Tirra-SemiBold.ttf,Tirra SemiBold,Latin,213,452,1.2910798122065728,1.3701171875,3,False,False,True,True,True
TitanOne-Regular.ttf,Titan One,Latin,300,422,1.0,1.145,0,False,False,False,False,False
TitilliumWeb-Black.ttf,Titillium Web,Latin,311,456,1.0,1.521,0,False,False,False,False,False
TitilliumWeb-Bold.ttf,Titillium Web,Latin,311,456,1.0,1.521,0,False,False,False,False,False
TitilliumWeb-BoldItalic.ttf,Titillium Web,Latin,311,456,1.0,1.521,0,False,False,False,False,False
TitilliumWeb-ExtraLight.ttf,Titillium Web,Latin,311,456,1.0,1.521,0,False,False,False,False,False
TitilliumWeb-ExtraLightItalic.ttf,Titillium Web,Latin,311,456,1.0,1.521,0,False,False,False,False,False
TitilliumWeb-Italic.ttf,Titillium Web,Latin,311,456,1.0,1.521,0,False,False,False,False,False
TitilliumWeb-Light.ttf,Titillium Web,Latin,311,456,1.0,1.521,0,False,False,False,False,False
TitilliumWeb-LightItalic.ttf,Titillium Web,Latin,311,456,1.0,1.521,0,False,False,False,False,False
TitilliumWeb-Regular.ttf,Titillium Web,Latin,311,456,1.0,1.521,0,False,False,False,False,False
TitilliumWeb-SemiBold.ttf,Titillium Web,Latin,311,456,1.0,1.521,0,False,False,False,False,False
TitilliumWeb-SemiBoldItalic.ttf,Titillium Web,Latin,311,456,1.0,1.521,0,False,False,False,False,False
Tomorrow-Black.ttf,Tomorrow Black,Latin,316,588,1.0,1.2,0,False,False,False,False,False
Tomorrow-BlackItalic.ttf,Tomorrow Black,Latin,316,588,1.0,1.2,0,False,False,False,False,False
Tomorrow-Bold.ttf,Tomorrow,Latin,316,591,1.0,1.2,0,False,False,False,False,False
Tomorrow-BoldItalic.ttf,Tomorrow,Latin,316,588,1.0,1.2,0,False,False,False,False,False
Tomorrow-ExtraBold.ttf,Tomorrow ExtraBold,Latin,316,592,1.1487341772151898,1.2,1,False,False,True,False,False
Tomorrow-ExtraBoldItalic.ttf,Tomorrow ExtraBold,Latin,316,588,1.1487341772151898,1.2,1,False,False,True,False,False
Tomorrow-ExtraLight.ttf,Tomorrow ExtraLight,Latin,316,588,1.0,1.2,0,False,False,False,False,False
Tomorrow-ExtraLightItalic.ttf,Tomorrow ExtraLight,Latin,316,588,1.0,1.2,0,False,False,False,False,False
Tomorrow-Italic.ttf,Tomorrow,Latin,316,588,1.0,1.2,0,False,False,False,False,False
Tomorrow-Light.ttf,Tomorrow Light,Latin,316,588,1.0,1.2,0,False,False,False,False,False
Tomorrow-LightItalic.ttf,Tomorrow Light,Latin,316,588,1.0,1.2,0,False,False,False,False,False
Tomorrow-Medium.ttf,Tomorrow Medium,Latin,316,588,1.0,1.2,0,False,False,False,False,False
Tomorrow-MediumItalic.ttf,Tomorrow Medium,Latin,316,588,1.0,1.2,0,False,False,False,False,False
Tomorrow-Regular.ttf,Tomorrow,Latin,316,588,1.0,1.2,0,False,False,False,False,False
Tomorrow-SemiBold.ttf,Tomorrow SemiBold,Latin,316,588,1.0,1.2,0,False,False,False,False,False
Tomorrow-SemiBoldItalic.ttf,Tomorrow SemiBold,Latin,316,575,1.0,1.2,0,False,False,False,False,False
Tomorrow-Thin.ttf,Tomorrow Thin,Latin,316,588,1.0,1.2,0,False,False,False,False,False
Tomorrow-ThinItalic.ttf,Tomorrow Thin,Latin,316,588,1.0,1.2,0,False,False,False,False,False
"Tourney-Italic[wdth,wght].ttf",Tourney Thin,Latin,316,723,1.4462025316455696,1.1,2,False,False,True,True,False
"Tourney[wdth,wght].ttf",Tourney Thin,Latin,316,723,1.4462025316455696,1.1,2,False,False,True,True,False
TradeWinds-Regular.ttf,Trade Winds,Latin,200,227,1.0,1.453125,0,False,False,False,False,False
TrainOne-Regular.ttf,Train One,Latin,202,5313,1.4455445544554455,1.0,1,False,False,True,False,False
TrainOne-Regular.ttf,Train One,Cyrillic,66,5313,1.4090909090909092,1.0,1,False,False,True,False,False
TrainOne-Regular.ttf,Train One,Katakana,94,5313,1.446808510638298,1.0,1,False,False,True,False,False
TrainOne-Regular.ttf,Train One,Han,2966,5313,1.4490896830748483,1.0,1,False,False,True,False,False
Triodion-Regular.ttf,Triodion,Latin,198,528,1.1464646464646464,1.637,1,False,False,False,True,False
Triodion-Regular.ttf,Triodion,Cyrillic,136,528,1.1470588235294117,1.637,1,False,False,False,True,False
Trirong-Black.ttf,Trirong,Latin,318,772,2.1823899371069184,1.2,2,False,False,True,True,False
Trirong-BlackItalic.ttf,Trirong,Latin,318,772,2.1823899371069184,1.2,2,False,False,True,True,False
Trirong-Bold.ttf,Trirong,Latin,318,772,2.1823899371069184,1.2,2,False,False,True,True,False
Trirong-BoldItalic.ttf,Trirong,Latin,318,772,2.1823899371069184,1.2,2,False,False,True,True,False
Trirong-ExtraBold.ttf,Trirong,Latin,318,772,2.1823899371069184,1.2,2,False,False,True,True,False
Trirong-ExtraBoldItalic.ttf,Trirong,Latin,318,772,2.1823899371069184,1.2,2,False,False,True,True,False
Trirong-ExtraLight.ttf,Trirong,Latin,318,772,2.1823899371069184,1.2,2,False,False,True,True,False
Trirong-ExtraLightItalic.ttf,Trirong,Latin,318,773,2.1823899371069184,1.2,2,False,False,True,True,False
Trirong-Italic.ttf,Trirong,Latin,318,773,2.1823899371069184,1.2,2,False,False,True,True,False
Trirong-Light.ttf,Trirong,Latin,318,773,2.1823899371069184,1.2,2,False,False,True,True,False
Trirong-LightItalic.ttf,Trirong,Latin,318,773,2.1823899371069184,1.2,2,False,False,True,True,False
Trirong-Medium.ttf,Trirong,Latin,318,772,2.1823899371069184,1.2,2,False,False,True,True,False
Trirong-MediumItalic.ttf,Trirong,Latin,318,773,2.1823899371069184,1.2,2,False,False,True,True,False
Trirong-Regular.ttf,Trirong,Latin,318,772,2.1823899371069184,1.2,2,False,False,True,True,False
Trirong-SemiBold.ttf,Trirong,Latin,318,772,2.1823899371069184,1.2,2,False,False,True,True,False
Trirong-SemiBoldItalic.ttf,Trirong,Latin,318,772,2.1823899371069184,1.2,2,False,False,True,True,False
Trirong-Thin.ttf,Trirong,Latin,318,772,2.1823899371069184,1.2,2,False,False,True,True,False
Trirong-ThinItalic.ttf,Trirong,Latin,318,772,2.1823899371069184,1.2,2,False,False,True,True,False
"Trispace[wdth,wght].ttf",Trispace Thin,Latin,315,1151,1.4476190476190476,1.13,2,False,False,True,True,False
Trocchi-Regular.ttf,Trocchi,Latin,312,433,1.5897435897435896,1.29931640625,2,False,False,True,True,False
Trochut-Bold.ttf,Trochut,Latin,184,222,1.0,1.177,0,False,False,False,False,False
Trochut-Italic.ttf,Trochut,Latin,184,222,1.0,1.177,0,False,False,False,False,False
Trochut-Regular.ttf,Trochut,Latin,186,224,1.0,1.177,0,False,False,False,False,False
"Truculenta[opsz,wdth,wght].ttf",Truculenta,Latin,320,1391,2.05,1.39,4,True,False,True,True,True
Trykker-Regular.ttf,Trykker,Latin,336,425,1.0,1.25,0,False,False,False,False,False
TsukimiRounded-Bold.ttf,Tsukimi Rounded,Latin,198,530,1.292929292929293,1.0,1,False,False,True,False,False
TsukimiRounded-Bold.ttf,Tsukimi Rounded,Katakana,94,530,1.297872340425532,1.0,1,False,False,True,False,False
TsukimiRounded-Light.ttf,Tsukimi Rounded,Latin,198,530,1.292929292929293,1.0,1,False,False,True,False,False
TsukimiRounded-Light.ttf,Tsukimi Rounded,Katakana,94,530,1.297872340425532,1.0,1,False,False,True,False,False
TsukimiRounded-Medium.ttf,Tsukimi Rounded,Latin,198,530,1.292929292929293,1.0,1,False,False,True,False,False
TsukimiRounded-Medium.ttf,Tsukimi Rounded,Katakana,94,530,1.297872340425532,1.0,1,False,False,True,False,False
TsukimiRounded-Regular.ttf,Tsukimi Rounded,Latin,198,530,1.292929292929293,1.0,1,False,False,True,False,False
TsukimiRounded-Regular.ttf,Tsukimi Rounded,Katakana,94,530,1.297872340425532,1.0,1,False,False,True,False,False
TsukimiRounded-SemiBold.ttf,Tsukimi Rounded,Latin,198,530,1.292929292929293,1.0,1,False,False,True,False,False
TsukimiRounded-SemiBold.ttf,Tsukimi Rounded,Katakana,94,530,1.297872340425532,1.0,1,False,False,True,False,False
Tuffy-Bold.ttf,Tuffy,Latin,318,890,1.0,1.48291015625,0,False,False,False,False,False
Tuffy-Bold.ttf,Tuffy,Cyrillic,92,890,1.0,1.48291015625,0,False,False,False,False,False
Tuffy-BoldItalic.ttf,Tuffy,Latin,318,890,1.0,1.48291015625,0,False,False,False,False,False
Tuffy-BoldItalic.ttf,Tuffy,Cyrillic,92,890,1.0,1.48291015625,0,False,False,False,False,False
Tuffy-Italic.ttf,Tuffy,Latin,321,1502,2.3457943925233646,1.48291015625,1,False,False,True,False,False
Tuffy-Italic.ttf,Tuffy,Cyrillic,208,1502,2.3413461538461537,1.48291015625,1,False,False,True,False,False
Tuffy-Regular.ttf,Tuffy,Latin,321,1502,2.3457943925233646,1.48291015625,1,False,False,True,False,False
Tuffy-Regular.ttf,Tuffy,Cyrillic,208,1502,2.3413461538461537,1.48291015625,1,False,False,True,False,False
TulpenOne-Regular.ttf,Tulpen One,Latin,198,233,0.9949494949494949,1.08984375,0,False,False,False,False,False
TurretRoad-Bold.ttf,Turret Road,Latin,291,427,3.6597938144329896,1.093,2,False,False,True,True,False
TurretRoad-ExtraBold.ttf,Turret Road,Latin,291,427,3.6597938144329896,1.093,2,False,False,True,True,False
TurretRoad-ExtraLight.ttf,Turret Road,Latin,291,427,3.6597938144329896,1.093,2,False,False,True,True,False
TurretRoad-Light.ttf,Turret Road,Latin,291,427,3.6597938144329896,1.093,2,False,False,True,True,False
TurretRoad-Medium.ttf,Turret Road,Latin,291,427,3.6597938144329896,1.093,2,False,False,True,True,False
TurretRoad-Regular.ttf,Turret Road,Latin,291,427,3.6597938144329896,1.093,2,False,False,True,True,False
TwinkleStar-Regular.ttf,Twinkle Star,Latin,316,1092,1.4462025316455696,1.28,2,False,False,True,True,False
Uchen-Regular.ttf,Uchen,Latin,216,3193,2.037037037037037,1.86328125,3,True,True,True,False,False
Unbounded[wght].ttf,Unbounded,Latin,318,1419,1.5911949685534592,1.24,2,False,False,True,True,False
Unbounded[wght].ttf,Unbounded,Cyrillic,98,1419,1.5714285714285714,1.24,2,False,False,True,True,False
UncialAntiqua-Regular.ttf,Uncial Antiqua,Latin,318,371,1.1477987421383649,1.31591796875,1,False,False,True,False,False
Underdog-Regular.ttf,Underdog,Latin,284,412,1.0,1.156,0,False,False,False,False,False
Underdog-Regular.ttf,Underdog,Cyrillic,94,412,1.0,1.156,0,False,False,False,False,False
UnicaOne-Regular.ttf,Unica One,Latin,317,645,1.444794952681388,1.182,2,False,False,True,True,False
UnifrakturCook-Bold.ttf,UnifrakturCook,Latin,198,271,1.0,1.30859375,0,False,False,False,False,False
UnifrakturMaguntia-Book.ttf,UnifrakturMaguntia,Latin,198,270,1.2878787878787878,1.03564453125,1,False,False,True,False,False
Unlock-Regular.ttf,Unlock,Latin,317,438,1.444794952681388,1.068,2,False,False,True,True,False
Unna-Bold.ttf,Unna,Latin,286,370,1.7342657342657342,1.152,2,False,False,True,True,False
Unna-BoldItalic.ttf,Unna,Latin,286,385,1.7342657342657342,1.152,2,False,False,True,True,False
Unna-Italic.ttf,Unna,Latin,286,385,1.7342657342657342,1.152,2,False,False,True,True,False
Unna-Regular.ttf,Unna,Latin,286,370,1.7342657342657342,1.152,2,False,False,True,True,False
UoqMunThenKhung-Regular.ttf,宇文天穹,Latin,200,10465,1.75,1.128,1,False,False,True,False,False
UoqMunThenKhung-Regular.ttf,宇文天穹,Cyrillic,66,10465,1.6818181818181819,1.128,1,False,False,True,False,False
UoqMunThenKhung-Regular.ttf,宇文天穹,Katakana,94,10465,1.7446808510638299,1.128,1,False,False,True,False,False
UoqMunThenKhung-Regular.ttf,宇文天穹,Han,7962,10465,1.7498116051243406,1.128,1,False,False,True,False,False
Updock-Regular.ttf,Updock,Latin,317,636,1.7413249211356467,1.25,3,True,False,True,True,False
Urbanist-Italic[wght].ttf,Urbanist,Latin,299,496,1.1471571906354514,1.2,2,False,False,False,True,True
Urbanist[wght].ttf,Urbanist,Latin,299,496,1.1471571906354514,1.2,2,False,False,False,True,True
VampiroOne-Regular.ttf,Vampiro One,Latin,241,271,1.0,1.25,0,False,False,False,False,False
Varela-Regular.ttf,Varela,Latin,317,850,1.444794952681388,1.3,1,False,False,True,False,False
VarelaRound-Regular.ttf,Varela Round,Latin,319,824,2.915360501567398,1.204,3,False,False,True,True,True
Varta[wght].ttf,Varta Light,Latin,317,801,1.5930599369085174,1.4501953125,2,False,False,True,True,False
VastShadow-Regular.ttf,Vast Shadow,Latin,213,235,0.9953051643192489,1.25,0,False,False,False,False,False
Vazirmatn[wght].ttf,Vazirmatn,Latin,321,1333,2.794392523364486,1.5625,4,True,False,True,True,True
Vazirmatn[wght].ttf,Vazirmatn,Arabic,357,1333,2.7815126050420167,1.5625,4,True,False,True,True,True
VendSans-Italic[wght].ttf,Vend Sans Light,Latin,289,449,1.4463667820069204,1.48,2,False,False,True,True,False
VendSans[wght].ttf,Vend Sans Light,Latin,289,449,1.4463667820069204,1.48,2,False,False,True,True,False
VesperLibre-Bold.ttf,Vesper Libre,Latin,275,795,9.796363636363637,1.89453125,4,True,True,True,True,False
VesperLibre-Bold.ttf,Vesper Libre,Devanagari,124,795,9.564516129032258,1.89453125,4,True,True,True,True,False
VesperLibre-Heavy.ttf,Vesper Libre Heavy,Latin,275,795,9.796363636363637,1.89453125,4,True,True,True,True,False
VesperLibre-Heavy.ttf,Vesper Libre Heavy,Devanagari,124,795,9.564516129032258,1.89453125,4,True,True,True,True,False
VesperLibre-Medium.ttf,Vesper Libre Medium,Latin,275,795,9.796363636363637,1.89453125,4,True,True,True,True,False
VesperLibre-Medium.ttf,Vesper Libre Medium,Devanagari,124,795,9.564516129032258,1.89453125,4,True,True,True,True,False
VesperLibre-Regular.ttf,Vesper Libre,Latin,275,795,9.796363636363637,1.89453125,4,True,True,True,True,False
VesperLibre-Regular.ttf,Vesper Libre,Devanagari,124,795,9.564516129032258,1.89453125,4,True,True,True,True,False
ViaodaLibre-Regular.ttf,Viaoda Libre,Latin,295,899,8.75593220338983,1.411,3,True,False,True,True,False
ViaodaLibre-Regular.ttf,Viaoda Libre,Cyrillic,168,899,8.738095238095237,1.411,3,True,False,True,True,False
Vibes-Regular.ttf,Vibes,Latin,200,518,3.25,1.785,4,True,False,True,True,True
Vibes-Regular.ttf,Vibes,Arabic,201,518,3.2388059701492535,1.785,4,True,False,True,True,True
Vibur-Regular.ttf,Vibur,Latin,194,279,1.2989690721649485,1.08984375,1,False,False,True,False,False
VictorMono-Italic[wght].ttf,Victor Mono Thin,Latin,308,1476,1.448051948051948,1.35,2,True,False,False,True,False
VictorMono-Italic[wght].ttf,Victor Mono Thin,Cyrillic,232,1476,1.4396551724137931,1.35,2,True,False,False,True,False
VictorMono[wght].ttf,Victor Mono Thin,Latin,308,1442,1.448051948051948,1.35,2,True,False,False,True,False
VictorMono[wght].ttf,Victor Mono Thin,Cyrillic,232,1442,1.4396551724137931,1.35,2,True,False,False,True,False
Vidaloka-Regular.ttf,Vidaloka,Latin,194,232,1.0,1.21435546875,0,False,False,False,False,False
Viga-Regular.ttf,Viga,Latin,218,282,1.0,1.344,0,False,False,False,False,False
VinaSans-Regular.ttf,Vina Sans,Latin,286,578,1.2937062937062938,1.215,2,False,False,True,True,False
Voces-Regular.ttf,Voces,Latin,320,681,1.75,1.349,2,False,False,True,True,False
Volkhov-Bold.ttf,Volkhov,Latin,194,225,1.0,1.29,0,False,False,False,False,False
Volkhov-BoldItalic.ttf,Volkhov,Latin,194,225,1.0,1.29,0,False,False,False,False,False
Volkhov-Italic.ttf,Volkhov,Latin,194,225,1.0,1.29,0,False,False,False,False,False
Volkhov-Regular.ttf,Volkhov,Latin,194,225,1.0,1.29,0,False,False,False,False,False
Vollkorn-Italic[wght].ttf,Vollkorn,Latin,321,1835,1.7476635514018692,1.393,3,True,False,True,True,False
Vollkorn-Italic[wght].ttf,Vollkorn,Cyrillic,238,1835,1.7352941176470589,1.393,3,True,False,True,True,False
Vollkorn[wght].ttf,Vollkorn,Latin,320,2303,1.75,1.393,3,True,False,True,True,False
Vollkorn[wght].ttf,Vollkorn,Cyrillic,238,2303,1.7352941176470589,1.393,3,True,False,True,True,False
VollkornSC-Black.ttf,Vollkorn SC,Latin,307,1035,7.742671009771987,1.393,3,True,False,True,True,False
VollkornSC-Black.ttf,Vollkorn SC,Cyrillic,236,1035,7.673728813559322,1.393,3,True,False,True,True,False
VollkornSC-Bold.ttf,Vollkorn SC,Latin,307,1035,7.742671009771987,1.393,3,True,False,True,True,False
VollkornSC-Bold.ttf,Vollkorn SC,Cyrillic,236,1035,7.673728813559322,1.393,3,True,False,True,True,False
VollkornSC-Regular.ttf,Vollkorn SC,Latin,307,1035,7.742671009771987,1.393,3,True,False,True,True,False
VollkornSC-Regular.ttf,Vollkorn SC,Cyrillic,236,1035,7.673728813559322,1.393,3,True,False,True,True,False
VollkornSC-SemiBold.ttf,Vollkorn SC,Latin,307,1035,7.742671009771987,1.393,3,True,False,True,True,False
VollkornSC-SemiBold.ttf,Vollkorn SC,Cyrillic,236,1035,7.673728813559322,1.393,3,True,False,True,True,False
Voltaire-Regular.ttf,Voltaire,Latin,317,973,1.444794952681388,1.24560546875,2,False,False,True,True,False
VT323-Regular.ttf,VT323,Latin,320,587,5.5,1.0,2,False,False,True,True,False
VujahdayScript-Regular.ttf,Vujahday Script,Latin,316,1039,1.4462025316455696,1.36,2,False,False,True,True,False
WaitingfortheSunrise.ttf,Waiting for the Sunrise,Latin,298,343,1.0,1.6533203125,0,False,False,False,False,False
Wallpoet-Regular.ttf,Wallpoet,Latin,203,244,1.0,1.002,0,False,False,False,False,False
Warnes-Regular.ttf,Warnes,Latin,317,473,1.444794952681388,1.304,2,False,False,True,True,False
WaterBrush-Regular.ttf,Water Brush,Latin,317,624,1.5930599369085174,1.45,3,True,False,True,True,False
Waterfall-Regular.ttf,Waterfall,Latin,316,1908,1.8924050632911393,1.16,3,True,False,True,True,False
"Wavefont[ROND,YELA,wght].ttf",Wavefont Thin,Latin,313,159,0.40894568690095845,1.4,2,False,False,False,True,True
WDXLLubrifontJPN-Regular.ttf,WDXL 滑油字 JP N,Latin,269,15985,11.033457249070633,1.18,2,False,False,True,True,False
WDXLLubrifontJPN-Regular.ttf,WDXL 滑油字 JP N,Cyrillic,66,15985,11.636363636363637,1.18,2,False,False,True,True,False
WDXLLubrifontJPN-Regular.ttf,WDXL 滑油字 JP N,Katakana,90,15985,12.266666666666667,1.18,2,False,False,True,True,False
WDXLLubrifontJPN-Regular.ttf,WDXL 滑油字 JP N,Han,12148,15985,12.698715837998025,1.18,2,False,False,True,True,False
WDXLLubrifontSC-Regular.ttf,WDXL 滑油字 SC,Latin,269,15985,11.033457249070633,1.18,2,False,False,True,True,False
WDXLLubrifontSC-Regular.ttf,WDXL 滑油字 SC,Cyrillic,66,15985,11.636363636363637,1.18,2,False,False,True,True,False
WDXLLubrifontSC-Regular.ttf,WDXL 滑油字 SC,Katakana,90,15985,12.266666666666667,1.18,2,False,False,True,True,False
WDXLLubrifontSC-Regular.ttf,WDXL 滑油字 SC,Han,12148,15985,12.698715837998025,1.18,2,False,False,True,True,False
WDXLLubrifontTC-Regular.ttf,WDXL 滑油字 TC,Latin,269,15985,11.033457249070633,1.18,2,False,False,True,True,False
WDXLLubrifontTC-Regular.ttf,WDXL 滑油字 TC,Cyrillic,66,15985,11.636363636363637,1.18,2,False,False,True,True,False
WDXLLubrifontTC-Regular.ttf,WDXL 滑油字 TC,Katakana,90,15985,12.266666666666667,1.18,2,False,False,True,True,False
WDXLLubrifontTC-Regular.ttf,WDXL 滑油字 TC,Han,12148,15985,12.692130391834047,1.18,2,False,False,True,True,False
Wellfleet-Regular.ttf,Wellfleet,Latin,336,426,1.0,1.25,0,False,False,False,False,False
WendyOne-Regular.ttf,Wendy One,Latin,211,230,1.0,1.055,0,False,False,False,False,False
Whisper-Regular.ttf,Whisper,Latin,316,654,1.4462025316455696,1.28,2,False,False,True,True,False
WindSong-Medium.ttf,WindSong Medium,Latin,307,796,1.749185667752443,1.405,3,True,False,True,True,False
WindSong-Regular.ttf,WindSong,Latin,307,796,1.749185667752443,1.405,3,True,False,True,True,False
WinkyRough-Italic[wght].ttf,Winky Rough,Latin,290,424,1.1482758620689655,1.33,1,False,False,False,True,False
WinkyRough[wght].ttf,Winky Rough,Latin,290,424,1.1482758620689655,1.33,1,False,False,False,True,False
WinkySans-Italic[wght].ttf,Winky Sans,Latin,292,427,1.1472602739726028,1.33,1,False,False,False,True,False
WinkySans[wght].ttf,Winky Sans,Latin,292,427,1.1472602739726028,1.33,1,False,False,False,True,False
WireOne-Regular.ttf,Wire One,Latin,196,224,1.0,1.1,0,False,False,False,False,False
Wittgenstein-Italic[wght].ttf,Wittgenstein,Latin,305,570,1.2950819672131149,1.5,2,False,False,True,True,False
Wittgenstein[wght].ttf,Wittgenstein,Latin,305,570,1.2950819672131149,1.5,2,False,False,True,True,False
WixMadeforDisplay[wght].ttf,Wix Madefor Display,Latin,295,726,1.1491525423728814,1.26,2,False,False,False,True,True
WixMadeforDisplay[wght].ttf,Wix Madefor Display,Cyrillic,104,726,1.1442307692307692,1.26,2,False,False,False,True,True
WixMadeforText-Bold.ttf,Wix Madefor Text,Latin,295,726,1.1491525423728814,1.26,2,False,False,False,True,True
WixMadeforText-Bold.ttf,Wix Madefor Text,Cyrillic,104,726,1.1442307692307692,1.26,2,False,False,False,True,True
WixMadeforText-BoldItalic.ttf,Wix Madefor Text,Latin,295,481,1.1491525423728814,1.26,2,False,False,False,True,True
WixMadeforText-ExtraBold.ttf,Wix Madefor Text ExtraBold,Latin,295,726,1.1491525423728814,1.26,2,False,False,False,True,True
WixMadeforText-ExtraBold.ttf,Wix Madefor Text ExtraBold,Cyrillic,104,726,1.1442307692307692,1.26,2,False,False,False,True,True
WixMadeforText-ExtraBoldItalic.ttf,Wix Madefor Text ExtraBold,Latin,295,481,1.1491525423728814,1.26,2,False,False,False,True,True
WixMadeforText-Italic.ttf,Wix Madefor Text,Latin,295,481,1.1491525423728814,1.26,2,False,False,False,True,True
WixMadeforText-Italic[wght].ttf,Wix Madefor Text,Latin,295,481,1.1491525423728814,1.26,2,False,False,False,True,True
WixMadeforText-Medium.ttf,Wix Madefor Text Medium,Latin,295,726,1.1491525423728814,1.26,2,False,False,False,True,True
WixMadeforText-Medium.ttf,Wix Madefor Text Medium,Cyrillic,104,726,1.1442307692307692,1.26,2,False,False,False,True,True
WixMadeforText-MediumItalic.ttf,Wix Madefor Text Medium,Latin,295,481,1.1491525423728814,1.26,2,False,False,False,True,True
WixMadeforText-Regular.ttf,Wix Madefor Text,Latin,295,726,1.1491525423728814,1.26,2,False,False,False,True,True
WixMadeforText-Regular.ttf,Wix Madefor Text,Cyrillic,104,726,1.1442307692307692,1.26,2,False,False,False,True,True
WixMadeforText-SemiBold.ttf,Wix Madefor Text SemiBold,Latin,295,726,1.1491525423728814,1.26,2,False,False,False,True,True
WixMadeforText-SemiBold.ttf,Wix Madefor Text SemiBold,Cyrillic,104,726,1.1442307692307692,1.26,2,False,False,False,True,True
WixMadeforText-SemiBoldItalic.ttf,Wix Madefor Text SemiBold,Latin,295,481,1.1491525423728814,1.26,2,False,False,False,True,True
WixMadeforText[wght].ttf,Wix Madefor Text,Latin,295,726,1.1491525423728814,1.26,2,False,False,False,True,True
WixMadeforText[wght].ttf,Wix Madefor Text,Cyrillic,104,726,1.1442307692307692,1.26,2,False,False,False,True,True
"Workbench[BLED,SCAN].ttf",Workbench,Latin,195,237,1.0,1.0,0,False,False,False,False,False
WorkSans-Italic[wght].ttf,Work Sans,Latin,320,1229,1.6,1.173,3,True,False,True,True,False
WorkSans[wght].ttf,Work Sans,Latin,320,1349,1.6,1.173,3,True,False,True,True,False
XanhMono-Italic.ttf,Xanh Mono,Latin,295,499,1.2983050847457627,1.19,1,False,False,False,True,False
XanhMono-Regular.ttf,Xanh Mono,Latin,295,499,1.2983050847457627,1.19,1,False,False,False,True,False
Yaldevi[wght].ttf,Yaldevi ExtraLight,Latin,278,891,2.0323741007194243,1.316,2,False,True,True,False,False
YaldeviColombo-Bold.ttf,Yaldevi Colombo,Latin,276,911,2.039855072463768,1.3291015625,2,False,True,True,False,False
YaldeviColombo-ExtraLight.ttf,Yaldevi Colombo,Latin,276,914,2.039855072463768,1.3291015625,2,False,True,True,False,False
YaldeviColombo-Light.ttf,Yaldevi Colombo,Latin,276,911,2.039855072463768,1.3291015625,2,False,True,True,False,False
YaldeviColombo-Medium.ttf,Yaldevi Colombo,Latin,276,911,2.039855072463768,1.3291015625,2,False,True,True,False,False
YaldeviColombo-Regular.ttf,Yaldevi Colombo,Latin,276,911,2.039855072463768,1.3291015625,2,False,True,True,False,False
YaldeviColombo-SemiBold.ttf,Yaldevi Colombo,Latin,276,911,2.039855072463768,1.3291015625,2,False,True,True,False,False
YanoneKaffeesatz[wght].ttf,Yanone Kaffeesatz ExtraLight,Latin,298,675,1.4429530201342282,0.992,2,False,False,True,True,False
YanoneKaffeesatz[wght].ttf,Yanone Kaffeesatz ExtraLight,Cyrillic,116,675,1.4396551724137931,0.992,2,False,False,True,True,False
Yantramanav-Black.ttf,Yantramanav,Latin,270,687,3.074074074074074,1.296875,2,False,True,False,True,False
Yantramanav-Black.ttf,Yantramanav,Devanagari,128,687,3.078125,1.296875,2,False,True,False,True,False
Yantramanav-Bold.ttf,Yantramanav,Latin,270,687,3.074074074074074,1.296875,2,False,True,False,True,False
Yantramanav-Bold.ttf,Yantramanav,Devanagari,128,687,3.078125,1.296875,2,False,True,False,True,False
Yantramanav-Light.ttf,Yantramanav,Latin,270,687,3.074074074074074,1.296875,2,False,True,False,True,False
Yantramanav-Light.ttf,Yantramanav,Devanagari,128,687,3.078125,1.296875,2,False,True,False,True,False
Yantramanav-Medium.ttf,Yantramanav,Latin,270,687,3.074074074074074,1.296875,2,False,True,False,True,False
Yantramanav-Medium.ttf,Yantramanav,Devanagari,128,687,3.078125,1.296875,2,False,True,False,True,False
Yantramanav-Regular.ttf,Yantramanav,Latin,270,687,3.074074074074074,1.296875,2,False,True,False,True,False
Yantramanav-Regular.ttf,Yantramanav,Devanagari,128,687,3.078125,1.296875,2,False,True,False,True,False
Yantramanav-Thin.ttf,Yantramanav,Latin,270,687,3.074074074074074,1.296875,2,False,True,False,True,False
Yantramanav-Thin.ttf,Yantramanav,Devanagari,128,687,3.078125,1.296875,2,False,True,False,True,False
Yarndings12-Regular.ttf,Yarndings 12,Latin,89,95,1.0,1.0,0,False,False,False,False,False
Yarndings12Charted-Regular.ttf,Yarndings 12 Charted,Latin,89,95,1.0,1.0,0,False,False,False,False,False
Yarndings20-Regular.ttf,Yarndings 20,Latin,89,95,1.0,1.0,0,False,False,False,False,False
Yarndings20Charted-Regular.ttf,Yarndings 20 Charted,Latin,89,95,1.0,1.0,0,False,False,False,False,False
YatraOne-Regular.ttf,Yatra One,Latin,278,1034,3.212230215827338,1.478,3,False,True,True,True,False
YatraOne-Regular.ttf,Yatra One,Devanagari,96,1034,3.1875,1.478,3,False,True,True,True,False
YeonSung-Regular.ttf,Yeon Sung,Latin,119,3120,1.0,1.25,0,False,False,False,False,False
YesevaOne-Regular.ttf,Yeseva One,Latin,310,666,2.4838709677419355,1.155,2,False,False,True,True,False
YesevaOne-Regular.ttf,Yeseva One,Cyrillic,182,666,2.4835164835164836,1.155,2,False,False,True,True,False
Yesteryear-Regular.ttf,Yesteryear,Latin,318,370,1.1477987421383649,1.46728515625,1,False,False,True,False,False
Yomogi-Regular.ttf,Yomogi,Latin,316,8325,1.2974683544303798,1.0,1,False,False,True,False,False
Yomogi-Regular.ttf,Yomogi,Cyrillic,66,8325,1.2727272727272727,1.0,1,False,False,True,False,False
Yomogi-Regular.ttf,Yomogi,Katakana,96,8325,1.2916666666666667,1.0,1,False,False,True,False,False
Yomogi-Regular.ttf,Yomogi,Han,6719,8325,1.2997469861586546,1.0,1,False,False,True,False,False
YoungSerif-Regular.ttf,Young Serif,Latin,318,644,1.5911949685534592,1.412,3,True,False,True,True,False
Yrsa-Italic[wght].ttf,Yrsa,Latin,319,877,1.5893416927899686,1.218,3,True,False,True,True,False
Yrsa[wght].ttf,Yrsa,Latin,319,872,1.5893416927899686,1.218,3,True,False,True,True,False
Ysabeau-Italic[wght].ttf,Ysabeau,Latin,318,1484,1.7389937106918238,1.343,3,True,False,True,True,False
Ysabeau-Italic[wght].ttf,Ysabeau,Cyrillic,237,1484,1.738396624472574,1.343,3,True,False,True,True,False
Ysabeau[wght].ttf,Ysabeau,Latin,318,2048,1.7389937106918238,1.343,3,True,False,True,True,False
Ysabeau[wght].ttf,Ysabeau,Cyrillic,238,2048,1.7352941176470589,1.343,3,True,False,True,True,False
YsabeauInfant-Italic[wght].ttf,Ysabeau Infant,Latin,318,1364,1.7389937106918238,1.343,3,True,False,True,True,False
YsabeauInfant-Italic[wght].ttf,Ysabeau Infant,Cyrillic,237,1364,1.738396624472574,1.343,3,True,False,True,True,False
YsabeauInfant[wght].ttf,Ysabeau Infant,Latin,318,1878,1.7389937106918238,1.343,3,True,False,True,True,False
YsabeauInfant[wght].ttf,Ysabeau Infant,Cyrillic,238,1878,1.7352941176470589,1.343,3,True,False,True,True,False
YsabeauOffice-Italic[wght].ttf,Ysabeau Office,Latin,318,1393,1.7389937106918238,1.343,3,True,False,True,True,False
YsabeauOffice-Italic[wght].ttf,Ysabeau Office,Cyrillic,237,1393,1.738396624472574,1.343,3,True,False,True,True,False
YsabeauOffice[wght].ttf,Ysabeau Office,Latin,318,1971,1.7389937106918238,1.343,3,True,False,True,True,False
YsabeauOffice[wght].ttf,Ysabeau Office,Cyrillic,238,1971,1.7352941176470589,1.343,3,True,False,True,True,False
YsabeauSC[wght].ttf,Ysabeau SC,Latin,318,1247,1.7389937106918238,1.343,3,True,False,True,True,False
YsabeauSC[wght].ttf,Ysabeau SC,Cyrillic,238,1247,1.7352941176470589,1.343,3,True,False,True,True,False
YujiBoku-Regular.ttf,Yuji Boku,Latin,201,9504,1.4477611940298507,1.0,1,False,False,True,False,False
YujiBoku-Regular.ttf,Yuji Boku,Cyrillic,66,9504,1.4090909090909092,1.0,1,False,False,True,False,False
YujiBoku-Regular.ttf,Yuji Boku,Katakana,94,9504,1.446808510638298,1.0,1,False,False,True,False,False
YujiBoku-Regular.ttf,Yuji Boku,Han,6841,9504,1.449934220143254,1.0,1,False,False,True,False,False
YujiHentaiganaAkari-Regular.ttf,Yuji Hentaigana Akari,Latin,202,360,1.297029702970297,1.0,1,False,False,True,False,False
YujiHentaiganaAkebono-Regular.ttf,Yuji Hentaigana Akebono,Latin,202,360,1.297029702970297,1.0,1,False,False,True,False,False
YujiMai-Regular.ttf,Yuji Mai,Latin,201,9504,1.4477611940298507,1.0,1,False,False,True,False,False
YujiMai-Regular.ttf,Yuji Mai,Cyrillic,66,9504,1.4090909090909092,1.0,1,False,False,True,False,False
YujiMai-Regular.ttf,Yuji Mai,Katakana,94,9504,1.446808510638298,1.0,1,False,False,True,False,False
YujiMai-Regular.ttf,Yuji Mai,Han,6841,9504,1.449934220143254,1.0,1,False,False,True,False,False
YujiSyuku-Regular.ttf,Yuji Syuku,Latin,201,9504,1.4477611940298507,1.0,1,False,False,True,False,False
YujiSyuku-Regular.ttf,Yuji Syuku,Cyrillic,66,9504,1.4090909090909092,1.0,1,False,False,True,False,False
YujiSyuku-Regular.ttf,Yuji Syuku,Katakana,94,9504,1.446808510638298,1.0,1,False,False,True,False,False
YujiSyuku-Regular.ttf,Yuji Syuku,Han,6841,9504,1.449934220143254,1.0,1,False,False,True,False,False
YuseiMagic-Regular.ttf,Yusei Magic,Latin,206,8073,1.1407766990291262,1.0,2,False,False,False,True,True
YuseiMagic-Regular.ttf,Yusei Magic,Katakana,90,8073,1.1444444444444444,1.0,2,False,False,False,True,True
YuseiMagic-Regular.ttf,Yusei Magic,Han,6722,8073,1.1499553704254686,1.0,2,False,False,False,True,True
Zain-Black.ttf,Zain Black,Latin,199,610,4.055276381909548,1.66,4,True,False,True,True,True
Zain-Black.ttf,Zain Black,Arabic,252,610,4.083333333333333,1.66,4,True,False,True,True,True
Zain-Bold.ttf,Zain,Latin,199,610,4.055276381909548,1.66,4,True,False,True,True,True
Zain-Bold.ttf,Zain,Arabic,252,610,4.083333333333333,1.66,4,True,False,True,True,True
Zain-ExtraBold.ttf,Zain ExtraBold,Latin,199,610,4.055276381909548,1.66,4,True,False,True,True,True
Zain-ExtraBold.ttf,Zain ExtraBold,Arabic,252,610,4.083333333333333,1.66,4,True,False,True,True,True
Zain-ExtraLight.ttf,Zain ExtraLight,Latin,199,610,4.055276381909548,1.66,4,True,False,True,True,True
Zain-ExtraLight.ttf,Zain ExtraLight,Arabic,252,610,4.083333333333333,1.66,4,True,False,True,True,True
Zain-Italic.ttf,Zain,Latin,199,700,4.055276381909548,1.66,4,True,False,True,True,True
Zain-Italic.ttf,Zain,Arabic,252,700,4.083333333333333,1.66,4,True,False,True,True,True
Zain-Light.ttf,Zain Light,Latin,199,610,4.055276381909548,1.66,4,True,False,True,True,True
Zain-Light.ttf,Zain Light,Arabic,252,610,4.083333333333333,1.66,4,True,False,True,True,True
Zain-LightItalic.ttf,Zain Light,Latin,199,700,4.055276381909548,1.66,4,True,False,True,True,True
Zain-LightItalic.ttf,Zain Light,Arabic,252,700,4.083333333333333,1.66,4,True,False,True,True,True
Zain-Regular.ttf,Zain,Latin,199,610,4.055276381909548,1.66,4,True,False,True,True,True
Zain-Regular.ttf,Zain,Arabic,252,610,4.083333333333333,1.66,4,True,False,True,True,True
"ZalandoSans-Italic[wdth,wght].ttf",Zalando Sans,Latin,309,606,1.4466019417475728,1.214,3,True,False,True,True,False
"ZalandoSans[wdth,wght].ttf",Zalando Sans,Latin,309,606,1.4466019417475728,1.214,3,True,False,True,True,False
ZalandoSansExpanded-Italic[wght].ttf,Zalando Sans Expanded,Latin,309,606,1.4466019417475728,1.214,3,True,False,True,True,False
ZalandoSansExpanded[wght].ttf,Zalando Sans Expanded,Latin,309,606,1.4466019417475728,1.214,3,True,False,True,True,False
ZalandoSansSemiExpanded-Italic[wght].ttf,Zalando Sans SemiExpanded,Latin,309,606,1.4466019417475728,1.214,3,True,False,True,True,False
ZalandoSansSemiExpanded[wght].ttf,Zalando Sans SemiExpanded,Latin,309,606,1.4466019417475728,1.214,3,True,False,True,True,False
ZCOOLKuaiLe-Regular.ttf,ZCOOL KuaiLe,Latin,113,7055,1.0,1.0,0,False,False,False,False,False
ZCOOLKuaiLe-Regular.ttf,ZCOOL KuaiLe,Han,6766,7055,1.0,1.0,0,False,False,False,False,False
ZCOOLQingKeHuangYou-Regular.ttf,ZCOOL QingKe HuangYou,Latin,110,9433,1.0,1.0,0,False,False,False,False,False
ZCOOLQingKeHuangYou-Regular.ttf,ZCOOL QingKe HuangYou,Han,9176,9433,1.0,1.0,0,False,False,False,False,False
ZCOOLXiaoWei-Regular.ttf,ZCOOL XiaoWei,Latin,110,7019,1.0,1.0,0,False,False,False,False,False
ZCOOLXiaoWei-Regular.ttf,ZCOOL XiaoWei,Han,6763,7019,1.0,1.0,0,False,False,False,False,False
ZenAntique-Regular.ttf,Zen Antique,Latin,199,7867,1.1457286432160805,1.0,1,False,False,False,True,False
ZenAntique-Regular.ttf,Zen Antique,Cyrillic,66,7867,1.1363636363636365,1.0,1,False,False,False,True,False
ZenAntique-Regular.ttf,Zen Antique,Katakana,94,7867,1.148936170212766,1.0,1,False,False,False,True,False
ZenAntique-Regular.ttf,Zen Antique,Han,6716,7867,1.1499404407385347,1.0,1,False,False,False,True,False
ZenAntiqueSoft-Regular.ttf,Zen Antique Soft,Latin,199,7867,1.1457286432160805,1.0,1,False,False,False,True,False
ZenAntiqueSoft-Regular.ttf,Zen Antique Soft,Cyrillic,66,7867,1.1363636363636365,1.0,1,False,False,False,True,False
ZenAntiqueSoft-Regular.ttf,Zen Antique Soft,Katakana,94,7867,1.148936170212766,1.0,1,False,False,False,True,False
ZenAntiqueSoft-Regular.ttf,Zen Antique Soft,Han,6716,7867,1.1499404407385347,1.0,1,False,False,False,True,False
ZenDots-Regular.ttf,Zen Dots,Latin,200,256,1.15,1.2,1,False,False,False,True,False
ZenKakuGothicAntique-Black.ttf,Zen Kaku Gothic Antique Black,Latin,199,7792,1.1457286432160805,1.0,1,False,False,False,True,False
ZenKakuGothicAntique-Black.ttf,Zen Kaku Gothic Antique Black,Cyrillic,66,7792,1.1363636363636365,1.0,1,False,False,False,True,False
ZenKakuGothicAntique-Black.ttf,Zen Kaku Gothic Antique Black,Katakana,94,7792,1.148936170212766,1.0,1,False,False,False,True,False
ZenKakuGothicAntique-Black.ttf,Zen Kaku Gothic Antique Black,Han,6716,7792,1.1499404407385347,1.0,1,False,False,False,True,False
ZenKakuGothicAntique-Bold.ttf,Zen Kaku Gothic Antique,Latin,199,7792,1.1457286432160805,1.0,1,False,False,False,True,False
ZenKakuGothicAntique-Bold.ttf,Zen Kaku Gothic Antique,Cyrillic,66,7792,1.1363636363636365,1.0,1,False,False,False,True,False
ZenKakuGothicAntique-Bold.ttf,Zen Kaku Gothic Antique,Katakana,94,7792,1.148936170212766,1.0,1,False,False,False,True,False
ZenKakuGothicAntique-Bold.ttf,Zen Kaku Gothic Antique,Han,6716,7792,1.1499404407385347,1.0,1,False,False,False,True,False
ZenKakuGothicAntique-Light.ttf,Zen Kaku Gothic Antique Light,Latin,199,7792,1.1457286432160805,1.0,1,False,False,False,True,False
ZenKakuGothicAntique-Light.ttf,Zen Kaku Gothic Antique Light,Cyrillic,66,7792,1.1363636363636365,1.0,1,False,False,False,True,False
ZenKakuGothicAntique-Light.ttf,Zen Kaku Gothic Antique Light,Katakana,94,7792,1.148936170212766,1.0,1,False,False,False,True,False
ZenKakuGothicAntique-Light.ttf,Zen Kaku Gothic Antique Light,Han,6716,7792,1.1499404407385347,1.0,1,False,False,False,True,False
ZenKakuGothicAntique-Medium.ttf,Zen Kaku Gothic Antique Medium,Latin,199,7792,1.1457286432160805,1.0,1,False,False,False,True,False
ZenKakuGothicAntique-Medium.ttf,Zen Kaku Gothic Antique Medium,Cyrillic,66,7792,1.1363636363636365,1.0,1,False,False,False,True,False
ZenKakuGothicAntique-Medium.ttf,Zen Kaku Gothic Antique Medium,Katakana,94,7792,1.148936170212766,1.0,1,False,False,False,True,False
ZenKakuGothicAntique-Medium.ttf,Zen Kaku Gothic Antique Medium,Han,6716,7792,1.1499404407385347,1.0,1,False,False,False,True,False
ZenKakuGothicAntique-Regular.ttf,Zen Kaku Gothic Antique,Latin,199,7792,1.1457286432160805,1.0,1,False,False,False,True,False
ZenKakuGothicAntique-Regular.ttf,Zen Kaku Gothic Antique,Cyrillic,66,7792,1.1363636363636365,1.0,1,False,False,False,True,False
ZenKakuGothicAntique-Regular.ttf,Zen Kaku Gothic Antique,Katakana,94,7792,1.148936170212766,1.0,1,False,False,False,True,False
ZenKakuGothicAntique-Regular.ttf,Zen Kaku Gothic Antique,Han,6716,7792,1.1499404407385347,1.0,1,False,False,False,True,False
ZenKakuGothicNew-Black.ttf,Zen Kaku Gothic New Black,Latin,199,7792,1.1457286432160805,1.0,1,False,False,False,True,False
ZenKakuGothicNew-Black.ttf,Zen Kaku Gothic New Black,Cyrillic,66,7792,1.1363636363636365,1.0,1,False,False,False,True,False
ZenKakuGothicNew-Black.ttf,Zen Kaku Gothic New Black,Katakana,94,7792,1.148936170212766,1.0,1,False,False,False,True,False
ZenKakuGothicNew-Black.ttf,Zen Kaku Gothic New Black,Han,6716,7792,1.1499404407385347,1.0,1,False,False,False,True,False
ZenKakuGothicNew-Bold.ttf,Zen Kaku Gothic New,Latin,199,7792,1.1457286432160805,1.0,1,False,False,False,True,False
ZenKakuGothicNew-Bold.ttf,Zen Kaku Gothic New,Cyrillic,66,7792,1.1363636363636365,1.0,1,False,False,False,True,False
ZenKakuGothicNew-Bold.ttf,Zen Kaku Gothic New,Katakana,94,7792,1.148936170212766,1.0,1,False,False,False,True,False
ZenKakuGothicNew-Bold.ttf,Zen Kaku Gothic New,Han,6716,7792,1.1499404407385347,1.0,1,False,False,False,True,False
ZenKakuGothicNew-Light.ttf,Zen Kaku Gothic New Light,Latin,199,7792,1.1457286432160805,1.0,1,False,False,False,True,False
ZenKakuGothicNew-Light.ttf,Zen Kaku Gothic New Light,Cyrillic,66,7792,1.1363636363636365,1.0,1,False,False,False,True,False
ZenKakuGothicNew-Light.ttf,Zen Kaku Gothic New Light,Katakana,94,7792,1.148936170212766,1.0,1,False,False,False,True,False
ZenKakuGothicNew-Light.ttf,Zen Kaku Gothic New Light,Han,6716,7792,1.1499404407385347,1.0,1,False,False,False,True,False
ZenKakuGothicNew-Medium.ttf,Zen Kaku Gothic New Medium,Latin,199,7792,1.1457286432160805,1.0,1,False,False,False,True,False
ZenKakuGothicNew-Medium.ttf,Zen Kaku Gothic New Medium,Cyrillic,66,7792,1.1363636363636365,1.0,1,False,False,False,True,False
ZenKakuGothicNew-Medium.ttf,Zen Kaku Gothic New Medium,Katakana,94,7792,1.148936170212766,1.0,1,False,False,False,True,False
ZenKakuGothicNew-Medium.ttf,Zen Kaku Gothic New Medium,Han,6716,7792,1.1499404407385347,1.0,1,False,False,False,True,False
ZenKakuGothicNew-Regular.ttf,Zen Kaku Gothic New,Latin,199,7792,1.1457286432160805,1.0,1,False,False,False,True,False
ZenKakuGothicNew-Regular.ttf,Zen Kaku Gothic New,Cyrillic,66,7792,1.1363636363636365,1.0,1,False,False,False,True,False
ZenKakuGothicNew-Regular.ttf,Zen Kaku Gothic New,Katakana,94,7792,1.148936170212766,1.0,1,False,False,False,True,False
ZenKakuGothicNew-Regular.ttf,Zen Kaku Gothic New,Han,6716,7792,1.1499404407385347,1.0,1,False,False,False,True,False
ZenKurenaido-Regular.ttf,Zen Kurenaido,Latin,199,7867,1.1457286432160805,1.0,1,False,False,False,True,False
ZenKurenaido-Regular.ttf,Zen Kurenaido,Cyrillic,66,7867,1.1363636363636365,1.0,1,False,False,False,True,False
ZenKurenaido-Regular.ttf,Zen Kurenaido,Katakana,94,7867,1.148936170212766,1.0,1,False,False,False,True,False
ZenKurenaido-Regular.ttf,Zen Kurenaido,Han,6716,7867,1.1499404407385347,1.0,1,False,False,False,True,False
ZenLoop-Italic.ttf,Zen Loop,Latin,200,250,1.0,1.125,1,False,False,False,True,False
ZenLoop-Regular.ttf,Zen Loop,Latin,200,250,1.15,1.125,1,False,False,False,True,False
ZenMaruGothic-Black.ttf,Zen Maru Gothic Black,Latin,199,7864,1.1457286432160805,1.0,1,False,False,False,True,False
ZenMaruGothic-Black.ttf,Zen Maru Gothic Black,Cyrillic,66,7864,1.1363636363636365,1.0,1,False,False,False,True,False
ZenMaruGothic-Black.ttf,Zen Maru Gothic Black,Katakana,94,7864,1.148936170212766,1.0,1,False,False,False,True,False
ZenMaruGothic-Black.ttf,Zen Maru Gothic Black,Han,6716,7864,1.1499404407385347,1.0,1,False,False,False,True,False
ZenMaruGothic-Bold.ttf,Zen Maru Gothic,Latin,199,7864,1.1457286432160805,1.0,1,False,False,False,True,False
ZenMaruGothic-Bold.ttf,Zen Maru Gothic,Cyrillic,66,7864,1.1363636363636365,1.0,1,False,False,False,True,False
ZenMaruGothic-Bold.ttf,Zen Maru Gothic,Katakana,94,7864,1.148936170212766,1.0,1,False,False,False,True,False
ZenMaruGothic-Bold.ttf,Zen Maru Gothic,Han,6716,7864,1.1499404407385347,1.0,1,False,False,False,True,False
ZenMaruGothic-Light.ttf,Zen Maru Gothic Light,Latin,199,7864,1.1457286432160805,1.0,1,False,False,False,True,False
ZenMaruGothic-Light.ttf,Zen Maru Gothic Light,Cyrillic,66,7864,1.1363636363636365,1.0,1,False,False,False,True,False
ZenMaruGothic-Light.ttf,Zen Maru Gothic Light,Katakana,94,7864,1.148936170212766,1.0,1,False,False,False,True,False
ZenMaruGothic-Light.ttf,Zen Maru Gothic Light,Han,6716,7864,1.1499404407385347,1.0,1,False,False,False,True,False
ZenMaruGothic-Medium.ttf,Zen Maru Gothic Medium,Latin,199,7864,1.1457286432160805,1.0,1,False,False,False,True,False
ZenMaruGothic-Medium.ttf,Zen Maru Gothic Medium,Cyrillic,66,7864,1.1363636363636365,1.0,1,False,False,False,True,False
ZenMaruGothic-Medium.ttf,Zen Maru Gothic Medium,Katakana,94,7864,1.148936170212766,1.0,1,False,False,False,True,False
ZenMaruGothic-Medium.ttf,Zen Maru Gothic Medium,Han,6716,7864,1.1499404407385347,1.0,1,False,False,False,True,False
ZenMaruGothic-Regular.ttf,Zen Maru Gothic,Latin,199,7864,1.1457286432160805,1.0,1,False,False,False,True,False
ZenMaruGothic-Regular.ttf,Zen Maru Gothic,Cyrillic,66,7864,1.1363636363636365,1.0,1,False,False,False,True,False
ZenMaruGothic-Regular.ttf,Zen Maru Gothic,Katakana,94,7864,1.148936170212766,1.0,1,False,False,False,True,False
ZenMaruGothic-Regular.ttf,Zen Maru Gothic,Han,6716,7864,1.1499404407385347,1.0,1,False,False,False,True,False
ZenOldMincho-Black.ttf,Zen Old Mincho Black,Latin,199,7866,1.1457286432160805,1.0,1,False,False,False,True,False
ZenOldMincho-Black.ttf,Zen Old Mincho Black,Cyrillic,66,7866,1.1363636363636365,1.0,1,False,False,False,True,False
ZenOldMincho-Black.ttf,Zen Old Mincho Black,Katakana,94,7866,1.148936170212766,1.0,1,False,False,False,True,False
ZenOldMincho-Black.ttf,Zen Old Mincho Black,Han,6716,7866,1.1499404407385347,1.0,1,False,False,False,True,False
ZenOldMincho-Bold.ttf,Zen Old Mincho,Latin,199,7866,1.1457286432160805,1.0,1,False,False,False,True,False
ZenOldMincho-Bold.ttf,Zen Old Mincho,Cyrillic,66,7866,1.1363636363636365,1.0,1,False,False,False,True,False
ZenOldMincho-Bold.ttf,Zen Old Mincho,Katakana,94,7866,1.148936170212766,1.0,1,False,False,False,True,False
ZenOldMincho-Bold.ttf,Zen Old Mincho,Han,6716,7866,1.1499404407385347,1.0,1,False,False,False,True,False
ZenOldMincho-Medium.ttf,Zen Old Mincho Medium,Latin,199,7866,1.1457286432160805,1.0,1,False,False,False,True,False
ZenOldMincho-Medium.ttf,Zen Old Mincho Medium,Cyrillic,66,7866,1.1363636363636365,1.0,1,False,False,False,True,False
ZenOldMincho-Medium.ttf,Zen Old Mincho Medium,Katakana,94,7866,1.148936170212766,1.0,1,False,False,False,True,False
ZenOldMincho-Medium.ttf,Zen Old Mincho Medium,Han,6716,7866,1.1499404407385347,1.0,1,False,False,False,True,False
ZenOldMincho-Regular.ttf,Zen Old Mincho,Latin,199,7866,1.1457286432160805,1.0,1,False,False,False,True,False
ZenOldMincho-Regular.ttf,Zen Old Mincho,Cyrillic,66,7866,1.1363636363636365,1.0,1,False,False,False,True,False
ZenOldMincho-Regular.ttf,Zen Old Mincho,Katakana,94,7866,1.148936170212766,1.0,1,False,False,False,True,False
ZenOldMincho-Regular.ttf,Zen Old Mincho,Han,6716,7866,1.1499404407385347,1.0,1,False,False,False,True,False
ZenOldMincho-SemiBold.ttf,Zen Old Mincho SemiBold,Latin,199,7866,1.1457286432160805,1.0,1,False,False,False,True,False
ZenOldMincho-SemiBold.ttf,Zen Old Mincho SemiBold,Cyrillic,66,7866,1.1363636363636365,1.0,1,False,False,False,True,False
ZenOldMincho-SemiBold.ttf,Zen Old Mincho SemiBold,Katakana,94,7866,1.148936170212766,1.0,1,False,False,False,True,False
ZenOldMincho-SemiBold.ttf,Zen Old Mincho SemiBold,Han,6716,7866,1.1499404407385347,1.0,1,False,False,False,True,False
ZenTokyoZoo-Regular.ttf,Zen Tokyo Zoo,Latin,202,339,1.1485148514851484,1.2,1,False,False,False,True,False
Zeyada.ttf,Zeyada,Latin,300,346,1.0,1.576171875,0,False,False,False,False,False
ZhiMangXing-Regular.ttf,Zhi Mang Xing,Latin,109,7017,1.0,1.0,0,False,False,False,False,False
ZhiMangXing-Regular.ttf,Zhi Mang Xing,Han,6763,7017,1.0,1.0,0,False,False,False,False,False
ZillaSlab-Bold.ttf,Zilla Slab,Latin,316,1056,1.2974683544303798,1.2,1,False,False,True,False,False
ZillaSlab-BoldItalic.ttf,Zilla Slab,Latin,316,1055,1.2974683544303798,1.2,1,False,False,True,False,False
ZillaSlab-Italic.ttf,Zilla Slab,Latin,316,1056,1.2974683544303798,1.2,1,False,False,True,False,False
ZillaSlab-Light.ttf,Zilla Slab Light,Latin,318,1056,1.2955974842767295,1.2,1,False,False,True,False,False
ZillaSlab-LightItalic.ttf,Zilla Slab Light,Latin,316,1055,1.2974683544303798,1.2,1,False,False,True,False,False
ZillaSlab-Medium.ttf,Zilla Slab Medium,Latin,316,1056,1.2974683544303798,1.2,1,False,False,True,False,False
ZillaSlab-MediumItalic.ttf,Zilla Slab Medium,Latin,316,1055,1.2974683544303798,1.2,1,False,False,True,False,False
ZillaSlab-Regular.ttf,Zilla Slab,Latin,316,1056,1.2974683544303798,1.2,1,False,False,True,False,False
ZillaSlab-SemiBold.ttf,Zilla Slab SemiBold,Latin,316,1056,1.2974683544303798,1.2,1,False,False,True,False,False
ZillaSlab-SemiBoldItalic.ttf,Zilla Slab SemiBold,Latin,316,1056,1.2974683544303798,1.2,1,False,False,True,False,False
ZillaSlabHighlight-Bold.ttf,Zilla Slab Highlight,Latin,316,1061,1.5949367088607596,1.2,1,False,False,True,False,False
ZillaSlabHighlight-Regular.ttf,Zilla Slab Highlight,Latin,316,1063,1.5949367088607596,1.2,1,False,False,True,False,False
Inconsolata-Black.ttf,Inconsolata Black,Latin,317,964,1.444794952681388,1.049,2,False,False,True,True,False
Inconsolata-Bold.ttf,Inconsolata Bold,Latin,317,964,1.444794952681388,1.049,2,False,False,True,True,False
Inconsolata-Condensed.ttf,Inconsolata Condensed,Latin,317,964,1.444794952681388,1.049,2,False,False,True,True,False
Inconsolata-CondensedBlack.ttf,Inconsolata Condensed Black,Latin,317,964,1.444794952681388,1.049,2,False,False,True,True,False
Inconsolata-CondensedBold.ttf,Inconsolata Condensed Bold,Latin,317,964,1.444794952681388,1.049,2,False,False,True,True,False
Inconsolata-CondensedExtraBold.ttf,Inconsolata Condensed ExtraBold,Latin,317,964,1.444794952681388,1.049,2,False,False,True,True,False
Inconsolata-CondensedExtraLight.ttf,Inconsolata Condensed ExtraLight,Latin,317,964,1.444794952681388,1.049,2,False,False,True,True,False
Inconsolata-CondensedLight.ttf,Inconsolata Condensed Light,Latin,317,964,1.444794952681388,1.049,2,False,False,True,True,False
Inconsolata-CondensedMedium.ttf,Inconsolata Condensed Medium,Latin,317,964,1.444794952681388,1.049,2,False,False,True,True,False
Inconsolata-CondensedRegular.ttf,Inconsolata Condensed,Latin,317,964,1.444794952681388,1.049,2,False,False,True,True,False
Inconsolata-CondensedSemiBold.ttf,Inconsolata Condensed SemiBold,Latin,317,964,1.444794952681388,1.049,2,False,False,True,True,False
Inconsolata-Expanded.ttf,Inconsolata Expanded,Latin,317,964,1.444794952681388,1.049,2,False,False,True,True,False
Inconsolata-ExpandedBlack.ttf,Inconsolata Expanded Black,Latin,317,964,1.444794952681388,1.049,2,False,False,True,True,False
Inconsolata-ExpandedBold.ttf,Inconsolata Expanded Bold,Latin,317,964,1.444794952681388,1.049,2,False,False,True,True,False
Inconsolata-ExpandedExtraBold.ttf,Inconsolata Expanded ExtraBold,Latin,317,964,1.444794952681388,1.049,2,False,False,True,True,False
Inconsolata-ExpandedExtraLight.ttf,Inconsolata Expanded ExtraLight,Latin,317,964,1.444794952681388,1.049,2,False,False,True,True,False
Inconsolata-ExpandedLight.ttf,Inconsolata Expanded Light,Latin,317,964,1.444794952681388,1.049,2,False,False,True,True,False
Inconsolata-ExpandedMedium.ttf,Inconsolata Expanded Medium,Latin,317,964,1.444794952681388,1.049,2,False,False,True,True,False
Inconsolata-ExpandedRegular.ttf,Inconsolata Expanded,Latin,317,964,1.444794952681388,1.049,2,False,False,True,True,False
Inconsolata-ExpandedSemiBold.ttf,Inconsolata Expanded SemiBold,Latin,317,964,1.444794952681388,1.049,2,False,False,True,True,False
Inconsolata-ExtraBold.ttf,Inconsolata ExtraBold,Latin,317,964,1.444794952681388,1.049,2,False,False,True,True,False
Inconsolata-ExtraCondensed.ttf,Inconsolata ExtraCondensed,Latin,317,964,1.444794952681388,1.049,2,False,False,True,True,False
Inconsolata-ExtraCondensedBlack.ttf,Inconsolata ExtraCondensed Black,Latin,317,964,1.444794952681388,1.049,2,False,False,True,True,False
Inconsolata-ExtraCondensedBold.ttf,Inconsolata ExtraCondensed Bold,Latin,317,964,1.444794952681388,1.049,2,False,False,True,True,False
Inconsolata-ExtraCondensedExtraBold.ttf,Inconsolata ExtraCondensed ExtraBold,Latin,317,964,1.444794952681388,1.049,2,False,False,True,True,False
Inconsolata-ExtraCondensedExtraLight.ttf,Inconsolata ExtraCondensed ExtraLight,Latin,317,964,1.444794952681388,1.049,2,False,False,True,True,False
Inconsolata-ExtraCondensedLight.ttf,Inconsolata ExtraCondensed Light,Latin,317,964,1.444794952681388,1.049,2,False,False,True,True,False
Inconsolata-ExtraCondensedMedium.ttf,Inconsolata ExtraCondensed Medium,Latin,317,964,1.444794952681388,1.049,2,False,False,True,True,False
Inconsolata-ExtraCondensedRegular.ttf,Inconsolata ExtraCondensed,Latin,317,964,1.444794952681388,1.049,2,False,False,True,True,False
Inconsolata-ExtraCondensedSemiBold.ttf,Inconsolata ExtraCondensed SemiBold,Latin,317,964,1.444794952681388,1.049,2,False,False,True,True,False
Inconsolata-ExtraExpanded.ttf,Inconsolata ExtraExpanded,Latin,317,964,1.444794952681388,1.049,2,False,False,True,True,False
Inconsolata-ExtraExpandedBlack.ttf,Inconsolata ExtraExpanded Black,Latin,317,964,1.444794952681388,1.049,2,False,False,True,True,False
Inconsolata-ExtraExpandedBold.ttf,Inconsolata ExtraExpanded Bold,Latin,317,964,1.444794952681388,1.049,2,False,False,True,True,False
Inconsolata-ExtraExpandedExtraBold.ttf,Inconsolata ExtraExpanded ExtraBold,Latin,317,964,1.444794952681388,1.049,2,False,False,True,True,False
Inconsolata-ExtraExpandedExtraLight.ttf,Inconsolata ExtraExpanded ExtraLight,Latin,317,964,1.444794952681388,1.049,2,False,False,True,True,False
Inconsolata-ExtraExpandedLight.ttf,Inconsolata ExtraExpanded Light,Latin,317,964,1.444794952681388,1.049,2,False,False,True,True,False
Inconsolata-ExtraExpandedMedium.ttf,Inconsolata ExtraExpanded Medium,Latin,317,964,1.444794952681388,1.049,2,False,False,True,True,False
Inconsolata-ExtraExpandedRegular.ttf,Inconsolata ExtraExpanded,Latin,317,964,1.444794952681388,1.049,2,False,False,True,True,False
Inconsolata-ExtraExpandedSemiBold.ttf,Inconsolata ExtraExpanded SemiBold,Latin,317,964,1.444794952681388,1.049,2,False,False,True,True,False
Inconsolata-ExtraLight.ttf,Inconsolata ExtraLight,Latin,317,964,1.444794952681388,1.049,2,False,False,True,True,False
Inconsolata-Light.ttf,Inconsolata Light,Latin,317,964,1.444794952681388,1.049,2,False,False,True,True,False
Inconsolata-Medium.ttf,Inconsolata Medium,Latin,317,964,1.444794952681388,1.049,2,False,False,True,True,False
Inconsolata-Regular.ttf,Inconsolata,Latin,317,964,1.444794952681388,1.049,2,False,False,True,True,False
Inconsolata-SemiBold.ttf,Inconsolata SemiBold,Latin,317,964,1.444794952681388,1.049,2,False,False,True,True,False
Inconsolata-SemiCondensed.ttf,Inconsolata SemiCondensed,Latin,317,964,1.444794952681388,1.049,2,False,False,True,True,False
Inconsolata-SemiCondensedBlack.ttf,Inconsolata SemiCondensed Black,Latin,317,964,1.444794952681388,1.049,2,False,False,True,True,False
Inconsolata-SemiCondensedBold.ttf,Inconsolata SemiCondensed Bold,Latin,317,964,1.444794952681388,1.049,2,False,False,True,True,False
Inconsolata-SemiCondensedExtraBold.ttf,Inconsolata SemiCondensed ExtraBold,Latin,317,964,1.444794952681388,1.049,2,False,False,True,True,False
Inconsolata-SemiCondensedExtraLight.ttf,Inconsolata SemiCondensed ExtraLight,Latin,317,964,1.444794952681388,1.049,2,False,False,True,True,False
Inconsolata-SemiCondensedLight.ttf,Inconsolata SemiCondensed Light,Latin,317,964,1.444794952681388,1.049,2,False,False,True,True,False
Inconsolata-SemiCondensedMedium.ttf,Inconsolata SemiCondensed Medium,Latin,317,964,1.444794952681388,1.049,2,False,False,True,True,False
Inconsolata-SemiCondensedRegular.ttf,Inconsolata SemiCondensed,Latin,317,964,1.444794952681388,1.049,2,False,False,True,True,False
Inconsolata-SemiCondensedSemiBold.ttf,Inconsolata SemiCondensed SemiBold,Latin,317,964,1.444794952681388,1.049,2,False,False,True,True,False
Inconsolata-SemiExpanded.ttf,Inconsolata SemiExpanded,Latin,317,964,1.444794952681388,1.049,2,False,False,True,True,False
Inconsolata-SemiExpandedBlack.ttf,Inconsolata SemiExpanded Black,Latin,317,964,1.444794952681388,1.049,2,False,False,True,True,False
Inconsolata-SemiExpandedBold.ttf,Inconsolata SemiExpanded Bold,Latin,317,964,1.444794952681388,1.049,2,False,False,True,True,False
Inconsolata-SemiExpandedExtraBold.ttf,Inconsolata SemiExpanded ExtraBold,Latin,317,964,1.444794952681388,1.049,2,False,False,True,True,False
Inconsolata-SemiExpandedExtraLight.ttf,Inconsolata SemiExpanded ExtraLight,Latin,317,964,1.444794952681388,1.049,2,False,False,True,True,False
Inconsolata-SemiExpandedLight.ttf,Inconsolata SemiExpanded Light,Latin,317,964,1.444794952681388,1.049,2,False,False,True,True,False
Inconsolata-SemiExpandedMedium.ttf,Inconsolata SemiExpanded Medium,Latin,317,964,1.444794952681388,1.049,2,False,False,True,True,False
Inconsolata-SemiExpandedRegular.ttf,Inconsolata SemiExpanded,Latin,317,964,1.444794952681388,1.049,2,False,False,True,True,False
Inconsolata-SemiExpandedSemiBold.ttf,Inconsolata SemiExpanded SemiBold,Latin,317,964,1.444794952681388,1.049,2,False,False,True,True,False
Inconsolata-UltraCondensed.ttf,Inconsolata UltraCondensed,Latin,317,964,1.444794952681388,1.049,2,False,False,True,True,False
Inconsolata-UltraCondensedBlack.ttf,Inconsolata UltraCondensed Black,Latin,317,964,1.444794952681388,1.049,2,False,False,True,True,False
Inconsolata-UltraCondensedBold.ttf,Inconsolata UltraCondensed Bold,Latin,317,964,1.444794952681388,1.049,2,False,False,True,True,False
Inconsolata-UltraCondensedExtraBold.ttf,Inconsolata UltraCondensed ExtraBold,Latin,317,964,1.444794952681388,1.049,2,False,False,True,True,False
Inconsolata-UltraCondensedExtraLight.ttf,Inconsolata UltraCondensed ExtraLight,Latin,317,964,1.444794952681388,1.049,2,False,False,True,True,False
Inconsolata-UltraCondensedLight.ttf,Inconsolata UltraCondensed Light,Latin,317,964,1.444794952681388,1.049,2,False,False,True,True,False
Inconsolata-UltraCondensedMedium.ttf,Inconsolata UltraCondensed Medium,Latin,317,964,1.444794952681388,1.049,2,False,False,True,True,False
Inconsolata-UltraCondensedRegular.ttf,Inconsolata UltraCondensed,Latin,317,964,1.444794952681388,1.049,2,False,False,True,True,False
Inconsolata-UltraCondensedSemiBold.ttf,Inconsolata UltraCondensed SemiBold,Latin,317,964,1.444794952681388,1.049,2,False,False,True,True,False
Inconsolata-UltraExpanded.ttf,Inconsolata UltraExpanded,Latin,317,964,1.444794952681388,1.049,2,False,False,True,True,False
Inconsolata-UltraExpandedBlack.ttf,Inconsolata UltraExpanded Black,Latin,317,964,1.444794952681388,1.049,2,False,False,True,True,False
Inconsolata-UltraExpandedBold.ttf,Inconsolata UltraExpanded Bold,Latin,317,964,1.444794952681388,1.049,2,False,False,True,True,False
Inconsolata-UltraExpandedExtraBold.ttf,Inconsolata UltraExpanded ExtraBold,Latin,317,964,1.444794952681388,1.049,2,False,False,True,True,False
Inconsolata-UltraExpandedExtraLight.ttf,Inconsolata UltraExpanded ExtraLight,Latin,317,964,1.444794952681388,1.049,2,False,False,True,True,False
Inconsolata-UltraExpandedLight.ttf,Inconsolata UltraExpanded Light,Latin,317,964,1.444794952681388,1.049,2,False,False,True,True,False
Inconsolata-UltraExpandedMedium.ttf,Inconsolata UltraExpanded Medium,Latin,317,964,1.444794952681388,1.049,2,False,False,True,True,False
Inconsolata-UltraExpandedRegular.ttf,Inconsolata UltraExpanded,Latin,317,964,1.444794952681388,1.049,2,False,False,True,True,False
Inconsolata-UltraExpandedSemiBold.ttf,Inconsolata UltraExpanded SemiBold,Latin,317,964,1.444794952681388,1.049,2,False,False,True,True,False
Ligconsolata-Bold.ttf,Ligconsolata,Latin,317,964,1.444794952681388,1.049,2,False,False,True,True,False
Ligconsolata-Regular.ttf,Ligconsolata,Latin,317,964,1.444794952681388,1.049,2,False,False,True,True,False
Nunito-Regular.ttf,Nunito,Latin,318,779,4.251572327044025,1.364,2,False,False,True,True,False
MavenPro-Regular.ttf,Maven Pro,Latin,320,722,1.3,1.175,2,False,False,True,True,False
"OpenSans-Italic[wdth,wght].ttf",Open Sans,Latin,321,1162,1.897196261682243,1.36181640625,3,False,False,True,True,True
"OpenSans-Italic[wdth,wght].ttf",Open Sans,Cyrillic,275,1162,1.8945454545454545,1.36181640625,3,False,False,True,True,True
OpenSansCondensed-Italic[wght].ttf,Open Sans Condensed,Latin,321,3431,1.897196261682243,1.36181640625,3,False,False,True,True,True
OpenSansCondensed-Italic[wght].ttf,Open Sans Condensed,Cyrillic,304,3431,1.888157894736842,1.36181640625,3,False,False,True,True,True
OpenSansCondensed[wght].ttf,Open Sans Condensed,Latin,321,3423,1.897196261682243,1.36181640625,3,False,False,True,True,True
OpenSansCondensed[wght].ttf,Open Sans Condensed,Cyrillic,304,3423,1.888157894736842,1.36181640625,3,False,False,True,True,True
"OpenSans[wdth,wght].ttf",Open Sans,Latin,321,1150,1.897196261682243,1.36181640625,3,False,False,True,True,True
"OpenSans[wdth,wght].ttf",Open Sans,Cyrillic,275,1150,1.8945454545454545,1.36181640625,3,False,False,True,True,True
"Playfair[opsz,wdth,wght].ttf",Playfair 5pt SemiExpanded Light,Latin,317,1307,1.889589905362776,1.2,4,True,False,True,True,True
"Playfair[opsz,wdth,wght].ttf",Playfair 5pt SemiExpanded Light,Cyrillic,124,1307,1.8709677419354838,1.2,4,True,False,True,True,True
"RobotoFlex[GRAD,XOPQ,XTRA,YOPQ,YTAS,YTDE,YTFI,YTLC,YTUC,opsz,slnt,wdth,wght].ttf",Roboto Flex,Latin,320,947,1.15,1.171875,3,False,False,True,True,True
"RobotoFlex[GRAD,XOPQ,XTRA,YOPQ,YTAS,YTDE,YTFI,YTLC,YTUC,opsz,slnt,wdth,wght].ttf",Roboto Flex,Cyrillic,152,947,1.144736842105263,1.171875,3,False,False,True,True,True
"Wavefont[ROND,YALN,wght].ttf",Wavefont,Latin,313,174,0.40894568690095845,1.4,2,False,False,False,True,True
"Wonky[wdth,wght].ttf",Wonky,Latin,321,1150,1.897196261682243,1.36181640625,3,False,False,True,True,True
"Wonky[wdth,wght].ttf",Wonky,Cyrillic,275,1150,1.8945454545454545,1.36181640625,3,False,False,True,True,True
Aclonica-Regular.ttf,Aclonica,Latin,318,371,1.1477987421383649,1.13330078125,1,False,False,True,False,False
Arimo-Italic[wght].ttf,Arimo,Latin,321,3304,1.7445482866043613,1.14990234375,3,False,False,True,True,True
Arimo-Italic[wght].ttf,Arimo,Cyrillic,304,3304,1.7401315789473684,1.14990234375,3,False,False,True,True,True
Arimo[wght].ttf,Arimo,Latin,321,3299,1.7445482866043613,1.14990234375,3,False,False,True,True,True
Arimo[wght].ttf,Arimo,Cyrillic,304,3299,1.7401315789473684,1.14990234375,3,False,False,True,True,True
Calligraffitti-Regular.ttf,Calligraffitti,Latin,201,228,1.0,1.3193359375,0,False,False,False,False,False
CherryCreamSoda-Regular.ttf,Cherry Cream Soda,Latin,200,228,1.0,1.017578125,0,False,False,False,False,False
Chewy-Regular.ttf,Chewy,Latin,201,229,1.0,1.130859375,0,False,False,False,False,False
ComingSoon-Regular.ttf,Coming Soon,Latin,201,230,1.0,1.248046875,0,False,False,False,False,False
Cousine-Bold.ttf,Cousine,Latin,319,2385,1.2884012539184952,0.84228515625,3,False,False,True,True,True
Cousine-Bold.ttf,Cousine,Cyrillic,280,2385,1.3,0.84228515625,3,False,False,True,True,True
Cousine-BoldItalic.ttf,Cousine,Latin,319,2385,1.2884012539184952,0.84228515625,3,False,False,True,True,True
Cousine-BoldItalic.ttf,Cousine,Cyrillic,280,2385,1.3,0.84228515625,3,False,False,True,True,True
Cousine-Italic.ttf,Cousine,Latin,319,2385,1.2884012539184952,0.80126953125,3,False,False,True,True,True
Cousine-Italic.ttf,Cousine,Cyrillic,280,2385,1.3,0.80126953125,3,False,False,True,True,True
Cousine-Regular.ttf,Cousine,Latin,319,2385,1.2884012539184952,0.80126953125,3,False,False,True,True,True
Cousine-Regular.ttf,Cousine,Cyrillic,280,2385,1.3,0.80126953125,3,False,False,True,True,True
CraftyGirls-Regular.ttf,Crafty Girls,Latin,201,230,1.0,1.1015625,0,False,False,False,False,False
CreepsterCaps-Regular.ttf,Creepster Caps,Latin,200,230,1.0,1.1689453125,0,False,False,False,False,False
Crushed-Regular.ttf,Crushed,Latin,317,370,1.0,0.77587890625,0,False,False,False,False,False
FontdinerSwanky-Regular.ttf,Fontdiner Swanky,Latin,201,231,1.0,1.142578125,0,False,False,False,False,False
HomemadeApple-Regular.ttf,Homemade Apple,Latin,201,230,1.0,1.646484375,0,False,False,False,False,False
IrishGrover-Regular.ttf,Irish Grover,Latin,201,228,1.0,0.990234375,0,False,False,False,False,False
jsMath-cmbx10.ttf,jsMath-cmbx10,Latin,129,132,1.0,1.0,0,False,False,False,False,False
jsMath-cmex10.ttf,jsMath-cmex10,Latin,129,132,1.0,1.0,0,False,False,False,False,False
jsMath-cmmi10.ttf,jsMath-cmmi10,Latin,129,132,1.0,1.0,0,False,False,False,False,False
jsMath-cmr10.ttf,jsMath-cmr10,Latin,129,132,1.0,1.0,0,False,False,False,False,False
jsMath-cmsy10.ttf,jsMath-cmsy10,Latin,129,132,1.0,1.0,0,False,False,False,False,False
jsMath-cmti10.ttf,jsMath-cmti10,Latin,129,132,1.0,1.0,0,False,False,False,False,False
JustAnotherHand-Regular.ttf,Just Another Hand,Latin,320,369,1.140625,1.0,1,False,False,True,False,False
Kosugi-Regular.ttf,Kosugi,Latin,109,7576,1.0,1.0,0,False,False,False,False,False
Kosugi-Regular.ttf,Kosugi,Cyrillic,66,7576,1.0,1.0,0,False,False,False,False,False
Kosugi-Regular.ttf,Kosugi,Katakana,90,7576,1.0,1.0,0,False,False,False,False,False
Kosugi-Regular.ttf,Kosugi,Han,6716,7576,1.0,1.0,0,False,False,False,False,False
KosugiMaru-Regular.ttf,Kosugi Maru,Latin,109,7575,1.0,1.0,0,False,False,False,False,False
KosugiMaru-Regular.ttf,Kosugi Maru,Cyrillic,66,7575,1.0,1.0,0,False,False,False,False,False
KosugiMaru-Regular.ttf,Kosugi Maru,Katakana,90,7575,1.0,1.0,0,False,False,False,False,False
KosugiMaru-Regular.ttf,Kosugi Maru,Han,6716,7575,1.0,1.0,0,False,False,False,False,False
Kranky-Regular.ttf,Kranky,Latin,201,228,1.0,0.99609375,0,False,False,False,False,False
LuckiestGuy-Regular.ttf,Luckiest Guy,Latin,318,369,1.1477987421383649,1.0,1,False,False,True,False,False
MaidenOrange-Regular.ttf,Maiden Orange,Latin,318,369,1.1477987421383649,1.0,1,False,False,True,False,False
Montez-Regular.ttf,Montez,Latin,318,372,1.1477987421383649,1.30810546875,1,False,False,True,False,False
MountainsofChristmas-Bold.ttf,Mountains of Christmas,Latin,201,233,1.0,1.38671875,0,False,False,False,False,False
MountainsofChristmas-Regular.ttf,Mountains of Christmas,Latin,201,231,1.0,1.38671875,0,False,False,False,False,False
OpenSansHebrew-Bold.ttf,Open Sans Hebrew,Latin,196,308,1.0,1.06982421875,2,False,False,False,True,True
OpenSansHebrew-BoldItalic.ttf,Open Sans Hebrew,Latin,178,292,1.0,1.06982421875,2,False,False,False,True,True
OpenSansHebrew-ExtraBold.ttf,Open Sans Hebrew Extra Bold,Latin,195,305,1.0,1.06982421875,2,False,False,False,True,True
OpenSansHebrew-ExtraBoldItalic.ttf,Open Sans Hebrew Extra Bold,Latin,178,293,1.0,1.06982421875,2,False,False,False,True,True
OpenSansHebrew-Italic.ttf,Open Sans Hebrew,Latin,178,292,1.0,1.06982421875,2,False,False,False,True,True
OpenSansHebrew-Light.ttf,Open Sans Hebrew Light,Latin,196,308,1.0,1.06982421875,2,False,False,False,True,True
OpenSansHebrew-LightItalic.ttf,Open Sans Hebrew Light,Latin,178,295,1.0,1.06982421875,2,False,False,False,True,True
OpenSansHebrew-Regular.ttf,Open Sans Hebrew,Latin,196,307,1.0,1.06982421875,2,False,False,False,True,True
OpenSansHebrewCondensed-Bold.ttf,Open Sans Hebrew Condensed,Latin,200,311,1.0,1.06982421875,2,False,False,False,True,True
OpenSansHebrewCondensed-BoldItalic.ttf,Open Sans Hebrew Condensed,Latin,200,311,1.0,1.06982421875,2,False,False,False,True,True
OpenSansHebrewCondensed-ExtraBold.ttf,Open Sans Hebrew Condensed Extra Bold,Latin,199,310,1.0,1.06982421875,2,False,False,False,True,True
OpenSansHebrewCondensed-ExtraBoldItalic.ttf,Open Sans Hebrew Condensed Extra Bold,Latin,199,310,1.0,1.06982421875,2,False,False,False,True,True
OpenSansHebrewCondensed-Italic.ttf,Open Sans Hebrew Condensed,Latin,200,311,1.0,1.06982421875,2,False,False,False,True,True
OpenSansHebrewCondensed-Light.ttf,Open Sans Hebrew Condensed Light,Latin,200,311,1.0,1.06982421875,2,False,False,False,True,True
OpenSansHebrewCondensed-LightItalic.ttf,Open Sans Hebrew Condensed Light,Latin,178,291,1.0,1.06982421875,2,False,False,False,True,True
OpenSansHebrewCondensed-Regular.ttf,Open Sans Hebrew Condensed,Latin,200,310,1.0,1.2001953125,2,False,False,False,True,True
PermanentMarker-Regular.ttf,Permanent Marker,Latin,201,230,1.0,0.7265625,0,False,False,False,False,False
Rancho-Regular.ttf,Rancho,Latin,200,227,1.0,0.96484375,0,False,False,False,False,False
Redressed-Regular.ttf,Redressed,Latin,318,376,1.1477987421383649,1.17236328125,1,False,False,True,False,False
RobotoSlab[wght].ttf,Roboto Slab,Latin,319,1164,1.5893416927899686,1.31884765625,3,False,False,True,True,True
RobotoSlab[wght].ttf,Roboto Slab,Cyrillic,275,1164,1.5963636363636364,1.31884765625,3,False,False,True,True,True
Rochester-Regular.ttf,Rochester,Latin,200,230,1.0,1.28759765625,0,False,False,False,False,False
RockSalt-Regular.ttf,Rock Salt,Latin,201,228,1.0,1.1005859375,0,False,False,False,False,False
Satisfy-Regular.ttf,Satisfy,Latin,200,227,1.0,1.1943359375,0,False,False,False,False,False
Schoolbell-Regular.ttf,Schoolbell,Latin,201,228,1.0,1.140625,0,False,False,False,False,False
Slackey-Regular.ttf,Slackey,Latin,201,229,1.0,0.876953125,0,False,False,False,False,False
Smokum-Regular.ttf,Smokum,Latin,318,372,1.0,1.2197265625,0,False,False,False,False,False
SpecialElite-Regular.ttf,Special Elite,Latin,318,370,1.1477987421383649,1.0,1,False,False,True,False,False
Sunshiney-Regular.ttf,Sunshiney,Latin,202,229,1.0,0.8486328125,0,False,False,False,False,False
Syncopate-Bold.ttf,Syncopate,Latin,318,370,1.0,1.041015625,0,False,False,False,False,False
Syncopate-Regular.ttf,Syncopate,Latin,318,370,1.0,1.041015625,0,False,False,False,False,False
Tinos-Bold.ttf,Tinos,Latin,319,2573,1.5830721003134796,1.04296875,3,False,False,True,True,True
Tinos-Bold.ttf,Tinos,Cyrillic,280,2573,1.6,1.04296875,3,False,False,True,True,True
Tinos-BoldItalic.ttf,Tinos,Latin,319,2573,1.5830721003134796,1.04296875,3,False,False,True,True,True
Tinos-BoldItalic.ttf,Tinos,Cyrillic,280,2573,1.6,1.04296875,3,False,False,True,True,True
Tinos-Italic.ttf,Tinos,Latin,319,2573,1.5830721003134796,1.06005859375,3,False,False,True,True,True
Tinos-Italic.ttf,Tinos,Cyrillic,280,2573,1.6,1.06005859375,3,False,False,True,True,True
Tinos-Regular.ttf,Tinos,Latin,319,2573,1.5830721003134796,1.05908203125,3,False,False,True,True,True
Tinos-Regular.ttf,Tinos,Cyrillic,280,2573,1.6,1.05908203125,3,False,False,True,True,True
Ultra-Regular.ttf,Ultra,Latin,318,374,1.0,1.28271484375,0,False,False,False,False,False
Unkempt-Bold.ttf,Unkempt,Latin,201,228,1.0,1.1943359375,0,False,False,False,False,False
Unkempt-Regular.ttf,Unkempt,Latin,201,228,1.0,0.953125,0,False,False,False,False,False
WalterTurncoat-Regular.ttf,Walter Turncoat,Latin,201,228,1.0,0.6494140625,0,False,False,False,False,False
Yellowtail-Regular.ttf,Yellowtail,Latin,319,373,1.0,1.08984375,0,False,False,False,False,False
